"Participant","MAD","Median","Parameter","Outcome"
"S001",0.0326323689784503,0.557119454434682,"Baseline_resp","Beauty"
"S002",0.02219634851628,0.631146644086225,"Baseline_resp","Beauty"
"S003",0.0183548899847686,0.593172828629457,"Baseline_resp","Beauty"
"S004",0.0282759223803752,0.613362590404231,"Baseline_resp","Beauty"
"S005",0.0318162010988416,0.576562110108455,"Baseline_resp","Beauty"
"S006",0.0152100005123294,0.612275168865166,"Baseline_resp","Beauty"
"S007",0.0272639956821898,0.734125370965005,"Baseline_resp","Beauty"
"S008",0.0508269799584832,0.476350372658592,"Baseline_resp","Beauty"
"S009",0.0311716013165495,0.523368582517151,"Baseline_resp","Beauty"
"S010",0.0331277469644665,0.532925861169016,"Baseline_resp","Beauty"
"S011",0.0473329041357821,0.604217774368426,"Baseline_resp","Beauty"
"S012",0.0241398997174089,0.5204320191181,"Baseline_resp","Beauty"
"S013",0.00432417423251656,0.502259517742806,"Baseline_resp","Beauty"
"S014",0.0127331881198859,0.583278204936857,"Baseline_resp","Beauty"
"S015",0.0256371853980282,0.52974188736709,"Baseline_resp","Beauty"
"S016",0.0327958402998016,0.674615808635382,"Baseline_resp","Beauty"
"S017",0.031352558439647,0.558581002996793,"Baseline_resp","Beauty"
"S018",0.0208939334648942,0.533333796512256,"Baseline_resp","Beauty"
"S019",0.0197481095556848,0.664698582922483,"Baseline_resp","Beauty"
"S020",0.0199826987841754,0.743906333952966,"Baseline_resp","Beauty"
"S021",0.0202588780555546,0.608386502868656,"Baseline_resp","Beauty"
"S022",0.0264217934779857,0.723263986276696,"Baseline_resp","Beauty"
"S023",0.0205114800647413,0.552548023272724,"Baseline_resp","Beauty"
"S024",0.0553955720248162,0.566956970077615,"Baseline_resp","Beauty"
"S025",0.0237555079519385,0.760999558322236,"Baseline_resp","Beauty"
"S026",0.0208788125213352,0.575951958371686,"Baseline_resp","Beauty"
"S027",0.0307258970314353,0.647359341221382,"Baseline_resp","Beauty"
"S028",0.0166514979230394,0.523042079596368,"Baseline_resp","Beauty"
"S029",0.021439210831506,0.564767176336762,"Baseline_resp","Beauty"
"S030",0.0212748650830175,0.568701847593244,"Baseline_resp","Beauty"
"S031",0.0387099950759258,0.742869995081834,"Baseline_resp","Beauty"
"S032",0.0304942997819877,0.521895315541941,"Baseline_resp","Beauty"
"S033",0.0230379898047516,0.494634034790372,"Baseline_resp","Beauty"
"S035",0.0198051416839853,0.378100224978991,"Baseline_resp","Beauty"
"S036",0.039548648494996,0.582502344268854,"Baseline_resp","Beauty"
"S038",0.0180443239038864,0.521806639792385,"Baseline_resp","Beauty"
"S039",0.0305033857282313,0.545762434459806,"Baseline_resp","Beauty"
"S040",0.015955931828958,0.471202362015138,"Baseline_resp","Beauty"
"S041",0.0139883193434802,0.523331565906194,"Baseline_resp","Beauty"
"S042",0.0351348671661922,0.632417857420962,"Baseline_resp","Beauty"
"S043",0.0279256683344581,0.479946886996585,"Baseline_resp","Beauty"
"S044",0.0459477567585744,0.475439282528702,"Baseline_resp","Beauty"
"S045",0.0305164529867583,0.474663438053526,"Baseline_resp","Beauty"
"S046",0.0430819847893121,0.567767266027729,"Baseline_resp","Beauty"
"S047",0.038076062055698,0.517812691941541,"Baseline_resp","Beauty"
"S048",0.0237400649764437,0.438328095615269,"Baseline_resp","Beauty"
"S050",0.0129386181546368,0.482635298060477,"Baseline_resp","Beauty"
"S051",0.0253986804694077,0.57675235561704,"Baseline_resp","Beauty"
"S052",0.0299466306824471,0.557092433827206,"Baseline_resp","Beauty"
"S055",0.0263855963710602,0.556108740282238,"Baseline_resp","Beauty"
"S001",0.0179636094629792,0.0187092933450742,"ForgOri_resp","Beauty"
"S001",0.0337009042601176,-0.0396830563089114,"AIOri_resp","Beauty"
"S001",0.027250170026175,-0.0553149037028458,"AIForg_resp","Beauty"
"S002",0.0176973254277966,-0.0156941933840141,"ForgOri_resp","Beauty"
"S002",0.0251217730748534,-0.0724191126045614,"AIOri_resp","Beauty"
"S002",0.0271748015242324,-0.0632262576147596,"AIForg_resp","Beauty"
"S003",0.0146975467669357,-0.0126362746540026,"ForgOri_resp","Beauty"
"S003",0.0247331750647612,-0.0621610748799341,"AIOri_resp","Beauty"
"S003",0.0287214704545229,-0.048665856119208,"AIForg_resp","Beauty"
"S004",0.0215812864502972,-0.0811336896151905,"ForgOri_resp","Beauty"
"S004",0.033633961054911,-0.109754850595683,"AIOri_resp","Beauty"
"S004",0.0307113008400223,-0.0293255971089835,"AIForg_resp","Beauty"
"S005",0.0252302121007614,-0.122447681980351,"ForgOri_resp","Beauty"
"S005",0.0411607144310343,-0.0747624631007557,"AIOri_resp","Beauty"
"S005",0.0466865513277596,0.0494708886858184,"AIForg_resp","Beauty"
"S006",0.0109512630906924,-0.0273467900428584,"ForgOri_resp","Beauty"
"S006",0.0208187501840111,-0.0873256300663296,"AIOri_resp","Beauty"
"S006",0.0213098476311483,-0.0628058533067152,"AIForg_resp","Beauty"
"S007",0.0392681888176247,-0.123013139418524,"ForgOri_resp","Beauty"
"S007",0.0375734086806021,-0.135056232800288,"AIOri_resp","Beauty"
"S007",0.0424720850235746,-0.0154158233475782,"AIForg_resp","Beauty"
"S008",0.038092349673798,-0.136682428895258,"ForgOri_resp","Beauty"
"S008",0.0480488003974074,-0.214184290139947,"AIOri_resp","Beauty"
"S008",0.0452313385638278,-0.0770065941219669,"AIForg_resp","Beauty"
"S009",0.0307685327724334,0.0227037308297829,"ForgOri_resp","Beauty"
"S009",0.0442155969148208,-0.049954416203755,"AIOri_resp","Beauty"
"S009",0.0350864967536678,-0.0747737441045568,"AIForg_resp","Beauty"
"S010",0.0283615122851965,0.0664662709709521,"ForgOri_resp","Beauty"
"S010",0.0386033732064579,-0.080335526234784,"AIOri_resp","Beauty"
"S010",0.0331100565235924,-0.151051249438805,"AIForg_resp","Beauty"
"S011",0.0296757702895995,-0.0597087124411976,"ForgOri_resp","Beauty"
"S011",0.0412957817893665,-0.0183368289925241,"AIOri_resp","Beauty"
"S011",0.0480430777152118,0.0442169891468378,"AIForg_resp","Beauty"
"S012",0.021682780905931,-0.0724201923191198,"ForgOri_resp","Beauty"
"S012",0.0300332811089182,-0.0722126588400117,"AIOri_resp","Beauty"
"S012",0.0319642909420399,0.00108146820391988,"AIForg_resp","Beauty"
"S013",0.00163733283190859,-0.00218813857769967,"ForgOri_resp","Beauty"
"S013",0.0048671511453828,-0.00605422900910921,"AIOri_resp","Beauty"
"S013",0.0030871594216146,-0.00284975020973435,"AIForg_resp","Beauty"
"S014",0.00739354826537274,-0.0159839582430394,"ForgOri_resp","Beauty"
"S014",0.00907268897907721,-0.0425387474811957,"AIOri_resp","Beauty"
"S014",0.0105906265241178,-0.0278035164218992,"AIForg_resp","Beauty"
"S015",0.0196186207726635,-0.0141234319268121,"ForgOri_resp","Beauty"
"S015",0.0258566363258695,-0.00599516362032587,"AIOri_resp","Beauty"
"S015",0.0286948685395453,0.00710130329977454,"AIForg_resp","Beauty"
"S016",0.0162979696788266,0.00671563352141469,"ForgOri_resp","Beauty"
"S016",0.0373721315694201,-0.0426446521162833,"AIOri_resp","Beauty"
"S016",0.0366610868161738,-0.0479560888721934,"AIForg_resp","Beauty"
"S017",0.0183691422953679,-0.00716988287154269,"ForgOri_resp","Beauty"
"S017",0.0262222888821157,-0.0754380977108753,"AIOri_resp","Beauty"
"S017",0.0242854014844746,-0.0657656460499493,"AIForg_resp","Beauty"
"S018",0.0190736666373858,0.0148954893633975,"ForgOri_resp","Beauty"
"S018",0.0289842158446131,-0.0155949368078823,"AIOri_resp","Beauty"
"S018",0.0330403837637886,-0.0345168172361797,"AIForg_resp","Beauty"
"S019",0.0178950713560475,-0.0401929572613985,"ForgOri_resp","Beauty"
"S019",0.0234897553910858,-0.129814779818189,"AIOri_resp","Beauty"
"S019",0.0299763813116441,-0.0873703689524157,"AIForg_resp","Beauty"
"S020",0.0152116559283767,-0.0302660787328384,"ForgOri_resp","Beauty"
"S020",0.0201588272839602,-0.0395493395165042,"AIOri_resp","Beauty"
"S020",0.0216794097193042,-0.00955839774638961,"AIForg_resp","Beauty"
"S021",0.0175087602287065,-0.0515411779215176,"ForgOri_resp","Beauty"
"S021",0.0232853788530039,-0.0534639948214169,"AIOri_resp","Beauty"
"S021",0.0218000816504407,1.69540355763331e-05,"AIForg_resp","Beauty"
"S022",0.0189492439295532,-0.0692044187029811,"ForgOri_resp","Beauty"
"S022",0.0280708582191481,-0.0571826782281483,"AIOri_resp","Beauty"
"S022",0.0319481773890515,0.0144220160612078,"AIForg_resp","Beauty"
"S023",0.016568731072214,-0.0242269056569985,"ForgOri_resp","Beauty"
"S023",0.0209360504183475,-0.00509616562078541,"AIOri_resp","Beauty"
"S023",0.0198189193980432,0.0184784420245518,"AIForg_resp","Beauty"
"S024",0.0403921320385802,0.0269844214773878,"ForgOri_resp","Beauty"
"S024",0.045526380598297,0.0680865709639502,"AIOri_resp","Beauty"
"S024",0.0411411882331451,0.0413384113174444,"AIForg_resp","Beauty"
"S025",0.0185151913173524,-0.0535781542221031,"ForgOri_resp","Beauty"
"S025",0.0405197620934213,-0.166838337384371,"AIOri_resp","Beauty"
"S025",0.036496913169328,-0.107722065533547,"AIForg_resp","Beauty"
"S026",0.0162770782146128,0.026519036730327,"ForgOri_resp","Beauty"
"S026",0.0249050634993426,-0.0566089660970996,"AIOri_resp","Beauty"
"S026",0.0195557515520737,-0.0851189233055307,"AIForg_resp","Beauty"
"S027",0.023151168807591,-0.00252271320854808,"ForgOri_resp","Beauty"
"S027",0.0347569493328177,-0.0908024858389123,"AIOri_resp","Beauty"
"S027",0.0361043842719979,-0.0956243473126411,"AIForg_resp","Beauty"
"S028",0.00831434723031736,-0.00121101393091194,"ForgOri_resp","Beauty"
"S028",0.0168274176350098,-0.0396535396684188,"AIOri_resp","Beauty"
"S028",0.0160823969618881,-0.0375874326344208,"AIForg_resp","Beauty"
"S029",0.0119922049267761,-0.041649379783703,"ForgOri_resp","Beauty"
"S029",0.0202299664491799,-0.0705016605947512,"AIOri_resp","Beauty"
"S029",0.0204886420782256,-0.0270233028956233,"AIForg_resp","Beauty"
"S030",0.0152212948236473,-0.109416793609967,"ForgOri_resp","Beauty"
"S030",0.0215290846989138,-0.0315438018301389,"AIOri_resp","Beauty"
"S030",0.0270533296228561,0.0781484443338465,"AIForg_resp","Beauty"
"S031",0.0223040291044697,-0.0395138216430119,"ForgOri_resp","Beauty"
"S031",0.0452102239573518,-0.0854616131915582,"AIOri_resp","Beauty"
"S031",0.0407673226424523,-0.0461568522892388,"AIForg_resp","Beauty"
"S032",0.0214334498953709,-0.0156378508655754,"ForgOri_resp","Beauty"
"S032",0.0301675301077478,-0.0185375261256022,"AIOri_resp","Beauty"
"S032",0.0345051448322499,-0.00172685341702911,"AIForg_resp","Beauty"
"S033",0.0164618895640362,-0.0386817358767076,"ForgOri_resp","Beauty"
"S033",0.0269256668756761,-0.0559568034100961,"AIOri_resp","Beauty"
"S033",0.02623613885419,-0.015489908391464,"AIForg_resp","Beauty"
"S035",0.0221464074467275,-0.00957792884047168,"ForgOri_resp","Beauty"
"S035",0.0184848882039334,-0.0170093299706067,"AIOri_resp","Beauty"
"S035",0.0218862308823594,-0.00733627999967137,"AIForg_resp","Beauty"
"S036",0.0324124463473604,-0.0996000662568111,"ForgOri_resp","Beauty"
"S036",0.0488289244233906,-0.0778653243298292,"AIOri_resp","Beauty"
"S036",0.0547456053451075,0.0192826899424529,"AIForg_resp","Beauty"
"S038",0.0194737159290223,-0.0602363230806043,"ForgOri_resp","Beauty"
"S038",0.0270385933009028,-0.0744953520759244,"AIOri_resp","Beauty"
"S038",0.0315274764484234,-0.013829342586255,"AIForg_resp","Beauty"
"S039",0.0252988871090525,-0.0180073406517328,"ForgOri_resp","Beauty"
"S039",0.0420402574272419,-0.0832621656729224,"AIOri_resp","Beauty"
"S039",0.0390320791998097,-0.0608862673268512,"AIForg_resp","Beauty"
"S040",0.0145766366724048,-0.00440134106943099,"ForgOri_resp","Beauty"
"S040",0.0153829944612353,-0.0336390565250122,"AIOri_resp","Beauty"
"S040",0.0208682194972584,-0.0294619478174649,"AIForg_resp","Beauty"
"S041",0.0152497273645923,-0.0171498919763737,"ForgOri_resp","Beauty"
"S041",0.02730899904247,-0.0746970045121182,"AIOri_resp","Beauty"
"S041",0.0252138333139724,-0.0591372429559794,"AIForg_resp","Beauty"
"S042",0.0273988913177879,-0.0272548340568468,"ForgOri_resp","Beauty"
"S042",0.0460219079360995,-0.0576307043355009,"AIOri_resp","Beauty"
"S042",0.0515923795666634,-0.0237910999980007,"AIForg_resp","Beauty"
"S043",0.0214032537086069,0.0135408430143282,"ForgOri_resp","Beauty"
"S043",0.0264460206015843,-0.0719629325314583,"AIOri_resp","Beauty"
"S043",0.0281078407203465,-0.0845180158306991,"AIForg_resp","Beauty"
"S044",0.0322459666121613,-0.0228014390437488,"ForgOri_resp","Beauty"
"S044",0.0334599546056598,-0.13998871797153,"AIOri_resp","Beauty"
"S044",0.0398530724618809,-0.125503961824331,"AIForg_resp","Beauty"
"S045",0.0213942649235415,-0.100726761013585,"ForgOri_resp","Beauty"
"S045",0.0295041263544253,-0.0597761402768546,"AIOri_resp","Beauty"
"S045",0.0283255870237761,0.0354443828857445,"AIForg_resp","Beauty"
"S046",0.029978746465925,-0.141545435760256,"ForgOri_resp","Beauty"
"S046",0.0433339037255126,-0.0972527557923155,"AIOri_resp","Beauty"
"S046",0.0431630890088365,0.036731784805335,"AIForg_resp","Beauty"
"S047",0.0280657807306819,-0.0888397126037481,"ForgOri_resp","Beauty"
"S047",0.0418878747645035,-0.203846748652277,"AIOri_resp","Beauty"
"S047",0.0345575237238784,-0.112004068810726,"AIForg_resp","Beauty"
"S048",0.0188596725022396,-0.0219008255538386,"ForgOri_resp","Beauty"
"S048",0.029028200591966,-0.00979716579915091,"AIOri_resp","Beauty"
"S048",0.0339424063002674,0.0179841468823219,"AIForg_resp","Beauty"
"S050",0.0125933264303014,-0.0392232485876111,"ForgOri_resp","Beauty"
"S050",0.0148467616487202,-0.0581280742269454,"AIOri_resp","Beauty"
"S050",0.0148078409408182,-0.0182471058288448,"AIForg_resp","Beauty"
"S051",0.014649256779161,0.0161800266075229,"ForgOri_resp","Beauty"
"S051",0.0262555415656589,-0.053290395648836,"AIOri_resp","Beauty"
"S051",0.0235739169322991,-0.0691298961007401,"AIForg_resp","Beauty"
"S052",0.0148982532989585,-0.0273908974850942,"ForgOri_resp","Beauty"
"S052",0.0282462764588355,-0.0817669229587304,"AIOri_resp","Beauty"
"S052",0.0249545453425298,-0.0515334766554978,"AIForg_resp","Beauty"
"S055",0.015486691447257,-0.0291202643158731,"ForgOri_resp","Beauty"
"S055",0.0185859109475002,-0.0600331309697267,"AIOri_resp","Beauty"
"S055",0.0282149237235684,-0.0297508443388516,"AIForg_resp","Beauty"
"S001",0.0876384037621181,0.585080975826765,"Baseline_mu","Beauty"
"S002",0.0601422579684837,0.778047651701753,"Baseline_mu","Beauty"
"S003",0.0648115029484674,0.789418337443274,"Baseline_mu","Beauty"
"S004",0.0571172798401728,0.779570781933907,"Baseline_mu","Beauty"
"S005",0.0873430194432579,0.708335394523288,"Baseline_mu","Beauty"
"S006",0.0375277103702277,0.911881994108503,"Baseline_mu","Beauty"
"S007",0.0300669228360269,0.940229686025725,"Baseline_mu","Beauty"
"S008",0.075152445554618,0.531669239786425,"Baseline_mu","Beauty"
"S009",0.0663463562394523,0.589765623162704,"Baseline_mu","Beauty"
"S010",0.071492269870392,0.621763346831288,"Baseline_mu","Beauty"
"S011",0.0598941862085562,0.720038576205519,"Baseline_mu","Beauty"
"S012",0.0749020716226548,0.57319687819282,"Baseline_mu","Beauty"
"S013",0.172874542853124,0.686188016879553,"Baseline_mu","Beauty"
"S014",0.0256368707671788,0.947011894958741,"Baseline_mu","Beauty"
"S015",0.068893975221862,0.643838875958069,"Baseline_mu","Beauty"
"S016",0.0638136369398731,0.798094426197291,"Baseline_mu","Beauty"
"S017",0.0674774836398585,0.720135855264921,"Baseline_mu","Beauty"
"S018",0.049380797285399,0.477107292559651,"Baseline_mu","Beauty"
"S019",0.0446085551968539,0.842522146881656,"Baseline_mu","Beauty"
"S020",0.0272560177560493,0.943808603549197,"Baseline_mu","Beauty"
"S021",0.067266479144652,0.697734800893088,"Baseline_mu","Beauty"
"S022",0.0393276102508568,0.88978768249519,"Baseline_mu","Beauty"
"S023",0.0652322495758381,0.766679540468085,"Baseline_mu","Beauty"
"S024",0.0677434970384981,0.606153546642467,"Baseline_mu","Beauty"
"S025",0.039748677542966,0.895121165363308,"Baseline_mu","Beauty"
"S026",0.0702385704603109,0.725228915371334,"Baseline_mu","Beauty"
"S027",0.0631601395353311,0.840001184143514,"Baseline_mu","Beauty"
"S028",0.0665303865493074,0.634232644412545,"Baseline_mu","Beauty"
"S029",0.0770835262744513,0.700032782556828,"Baseline_mu","Beauty"
"S030",0.05584802120683,0.746201209021941,"Baseline_mu","Beauty"
"S031",0.0539273376526374,0.871021961327741,"Baseline_mu","Beauty"
"S032",0.0773128703513383,0.556303524109863,"Baseline_mu","Beauty"
"S033",0.0949467784217907,0.496982641501917,"Baseline_mu","Beauty"
"S035",0.0551039632229262,0.192273287329779,"Baseline_mu","Beauty"
"S036",0.0641605926750384,0.71976020302748,"Baseline_mu","Beauty"
"S038",0.0458209785789059,0.619352366969471,"Baseline_mu","Beauty"
"S039",0.0773991386549485,0.69827772056875,"Baseline_mu","Beauty"
"S040",0.0616333703910994,0.556363054355298,"Baseline_mu","Beauty"
"S041",0.0700612795915506,0.609794581412412,"Baseline_mu","Beauty"
"S042",0.0580792589427797,0.648467492888281,"Baseline_mu","Beauty"
"S043",0.0801103377874502,0.541761235678358,"Baseline_mu","Beauty"
"S044",0.0835528493435939,0.602510504638281,"Baseline_mu","Beauty"
"S045",0.05970214795159,0.501138693571027,"Baseline_mu","Beauty"
"S046",0.0515663687157918,0.642009354186355,"Baseline_mu","Beauty"
"S047",0.0782483540340132,0.669119303471643,"Baseline_mu","Beauty"
"S048",0.0725184593158577,0.50619065326361,"Baseline_mu","Beauty"
"S050",0.0721529002737628,0.524431539882902,"Baseline_mu","Beauty"
"S051",0.0746554394591168,0.710716320330399,"Baseline_mu","Beauty"
"S052",0.0632422348658726,0.685359377299219,"Baseline_mu","Beauty"
"S055",0.052403067471139,0.731586667590876,"Baseline_mu","Beauty"
"S001",0.0576277791635053,0.0838036557854016,"ForgOri_mu","Beauty"
"S001",0.0784979400084994,-0.000681822575288704,"AIOri_mu","Beauty"
"S001",0.0808056866133222,-0.0857627999917414,"AIForg_mu","Beauty"
"S002",0.0402332647204544,-0.0343745706896269,"ForgOri_mu","Beauty"
"S002",0.0876597555819374,-0.159910281491084,"AIOri_mu","Beauty"
"S002",0.0725293724698693,-0.12139843647031,"AIForg_mu","Beauty"
"S003",0.0313931992891956,-0.00302631503109946,"ForgOri_mu","Beauty"
"S003",0.075363490773515,-0.128297716492028,"AIOri_mu","Beauty"
"S003",0.0766665136024789,-0.108744858469986,"AIForg_mu","Beauty"
"S004",0.0451412911703128,-0.11348783028836,"ForgOri_mu","Beauty"
"S004",0.0818685387080087,-0.185466204359161,"AIOri_mu","Beauty"
"S004",0.0865393556495195,-0.061291404185218,"AIForg_mu","Beauty"
"S005",0.0480423322619074,-0.183388018198172,"ForgOri_mu","Beauty"
"S005",0.0777942611011506,-0.103587261740323,"AIOri_mu","Beauty"
"S005",0.073469837037886,0.0712247663655606,"AIForg_mu","Beauty"
"S006",0.0300087107960553,-0.0425818596375928,"ForgOri_mu","Beauty"
"S006",0.0947212112624163,-0.295061507416761,"AIOri_mu","Beauty"
"S006",0.0875132136875481,-0.253508975180079,"AIForg_mu","Beauty"
"S007",0.0636768154288477,-0.188516142930698,"ForgOri_mu","Beauty"
"S007",0.0514910581936878,-0.20963545761309,"AIOri_mu","Beauty"
"S007",0.0707207455189116,-0.0204737099255343,"AIForg_mu","Beauty"
"S008",0.0917499915626858,-0.200784302463289,"ForgOri_mu","Beauty"
"S008",0.10163737582194,-0.376949906989437,"AIOri_mu","Beauty"
"S008",0.0774331825984303,-0.164844366826274,"AIForg_mu","Beauty"
"S009",0.0533702789892911,0.0724039648911722,"ForgOri_mu","Beauty"
"S009",0.086242554787725,-0.0372678931053947,"AIOri_mu","Beauty"
"S009",0.0799543014307773,-0.105144643187944,"AIForg_mu","Beauty"
"S010",0.0612127377953514,0.180625217991498,"ForgOri_mu","Beauty"
"S010",0.104582146384194,-0.139063487300895,"AIOri_mu","Beauty"
"S010",0.0831565834647237,-0.308126959985355,"AIForg_mu","Beauty"
"S011",0.0562483877384297,-0.0794154395260278,"ForgOri_mu","Beauty"
"S011",0.069140438532424,-0.0212526527340426,"AIOri_mu","Beauty"
"S011",0.0918015902828175,0.0540095242343741,"AIForg_mu","Beauty"
"S012",0.0515045307427478,-0.106324869683184,"ForgOri_mu","Beauty"
"S012",0.0795918987568533,-0.088044496406597,"AIOri_mu","Beauty"
"S012",0.0777258364546939,0.0171634606046134,"AIForg_mu","Beauty"
"S013",0.0611997424128189,-0.0821385224958044,"ForgOri_mu","Beauty"
"S013",0.138315366445588,-0.238608955715585,"AIOri_mu","Beauty"
"S013",0.137975535975993,-0.150567279455261,"AIForg_mu","Beauty"
"S014",0.0202346848874473,-0.0141154185849982,"ForgOri_mu","Beauty"
"S014",0.0506628214091166,-0.0929616255099647,"AIOri_mu","Beauty"
"S014",0.0516905998764902,-0.0783921662303481,"AIForg_mu","Beauty"
"S015",0.0363520064236254,-0.00693282933543754,"ForgOri_mu","Beauty"
"S015",0.0900417881279416,0.0146732918215824,"AIOri_mu","Beauty"
"S015",0.081480865707664,0.0142486444580382,"AIForg_mu","Beauty"
"S016",0.0327067974794417,0.0152995016514673,"ForgOri_mu","Beauty"
"S016",0.0695538581955449,-0.0624039247091631,"AIOri_mu","Beauty"
"S016",0.0687969685590359,-0.0810772831484186,"AIForg_mu","Beauty"
"S017",0.0473313952556058,0.00889393292833901,"ForgOri_mu","Beauty"
"S017",0.0911600262705072,-0.149206306510326,"AIOri_mu","Beauty"
"S017",0.0887285445365113,-0.151930331241099,"AIForg_mu","Beauty"
"S018",0.0480867690478096,0.0342745759640248,"ForgOri_mu","Beauty"
"S018",0.0671520778149196,-0.0125950887943305,"AIOri_mu","Beauty"
"S018",0.0770827358473567,-0.0450001853141913,"AIForg_mu","Beauty"
"S019",0.0425466054253521,-0.0493797440050886,"ForgOri_mu","Beauty"
"S019",0.0797425299946188,-0.288860571215848,"AIOri_mu","Beauty"
"S019",0.0888492886354751,-0.235629051141403,"AIForg_mu","Beauty"
"S020",0.0181269668762893,-0.0163771120999873,"ForgOri_mu","Beauty"
"S020",0.0214437008096115,0.0019263947974385,"AIOri_mu","Beauty"
"S020",0.023827807670527,0.0133023995551665,"AIForg_mu","Beauty"
"S021",0.0503585739564763,-0.142575211536316,"ForgOri_mu","Beauty"
"S021",0.0789568909806017,-0.0957283969391107,"AIOri_mu","Beauty"
"S021",0.0856393400385589,0.0462905343247668,"AIForg_mu","Beauty"
"S022",0.0372338179170749,-0.0722831465684425,"ForgOri_mu","Beauty"
"S022",0.0607213171724095,-0.0607120722680548,"AIOri_mu","Beauty"
"S022",0.0683474581929169,0.010875288255897,"AIForg_mu","Beauty"
"S023",0.0464508304003532,-0.0600052160990356,"ForgOri_mu","Beauty"
"S023",0.0835864423097804,-0.0432299798875323,"AIOri_mu","Beauty"
"S023",0.0708709527779528,0.0121603102754418,"AIForg_mu","Beauty"
"S024",0.0705054375817399,0.0789975946953921,"ForgOri_mu","Beauty"
"S024",0.11304871645289,0.13782348802932,"AIOri_mu","Beauty"
"S024",0.0904102765271543,0.047261292927982,"AIForg_mu","Beauty"
"S025",0.0285341560551656,-0.045866576311179,"ForgOri_mu","Beauty"
"S025",0.0828396939742051,-0.218289844315921,"AIOri_mu","Beauty"
"S025",0.0819208564819529,-0.168754221920434,"AIForg_mu","Beauty"
"S026",0.0458437087670663,0.114973341135905,"ForgOri_mu","Beauty"
"S026",0.0492422690184202,-0.0803095375025137,"AIOri_mu","Beauty"
"S026",0.0697532754018603,-0.199429988046069,"AIForg_mu","Beauty"
"S027",0.0422016742893358,0.0168934669894211,"ForgOri_mu","Beauty"
"S027",0.0614946146948426,-0.150217061427491,"AIOri_mu","Beauty"
"S027",0.0725727415959941,-0.153336453654396,"AIForg_mu","Beauty"
"S028",0.0535376287353968,0.0166277073592812,"ForgOri_mu","Beauty"
"S028",0.109259785482282,-0.128926050873729,"AIOri_mu","Beauty"
"S028",0.0795741233634424,-0.155055862279385,"AIForg_mu","Beauty"
"S029",0.0408297570000693,-0.153040565042751,"ForgOri_mu","Beauty"
"S029",0.0805079487062589,-0.250762406921556,"AIOri_mu","Beauty"
"S029",0.0727399932993195,-0.0953981926886023,"AIForg_mu","Beauty"
"S030",0.0384681299282647,-0.24899851209229,"ForgOri_mu","Beauty"
"S030",0.0650311722493751,-0.0517595953775783,"AIOri_mu","Beauty"
"S030",0.0589011453910193,0.187885111887037,"AIForg_mu","Beauty"
"S031",0.0438720597912006,-0.0375280833849709,"ForgOri_mu","Beauty"
"S031",0.0806975214953914,-0.103839652098939,"AIOri_mu","Beauty"
"S031",0.0881831351639746,-0.0541730623928658,"AIForg_mu","Beauty"
"S032",0.0524625243270495,-0.0100215546479338,"ForgOri_mu","Beauty"
"S032",0.0840579150435341,0.00430796111417903,"AIOri_mu","Beauty"
"S032",0.0814458452964825,0.0221014113535847,"AIForg_mu","Beauty"
"S033",0.0572025856597069,-0.129145353276902,"ForgOri_mu","Beauty"
"S033",0.107235653739883,-0.155527328396447,"AIOri_mu","Beauty"
"S033",0.0808796224598557,-0.0382744085660411,"AIForg_mu","Beauty"
"S035",0.0427001392332058,0.0504795604504246,"ForgOri_mu","Beauty"
"S035",0.0537502345398645,-0.00807747216098439,"AIOri_mu","Beauty"
"S035",0.0795730051914722,-0.0601221922538795,"AIForg_mu","Beauty"
"S036",0.0622832607390411,-0.177488325130536,"ForgOri_mu","Beauty"
"S036",0.0712942996211794,-0.140240775766534,"AIOri_mu","Beauty"
"S036",0.0737667882368405,0.0355669862124032,"AIForg_mu","Beauty"
"S038",0.0381214809982703,-0.133768480922448,"ForgOri_mu","Beauty"
"S038",0.0866348891118715,-0.141363189779997,"AIOri_mu","Beauty"
"S038",0.0808571046570596,-0.0061075138638168,"AIForg_mu","Beauty"
"S039",0.0637802081626503,-0.0227824325260021,"ForgOri_mu","Beauty"
"S039",0.0852585754606498,-0.156999035353935,"AIOri_mu","Beauty"
"S039",0.0788748185699014,-0.14245122684292,"AIForg_mu","Beauty"
"S040",0.0393444213542383,0.00323570093809766,"ForgOri_mu","Beauty"
"S040",0.101208681386057,-0.113770340757262,"AIOri_mu","Beauty"
"S040",0.0827720228477568,-0.139804755797389,"AIForg_mu","Beauty"
"S041",0.0504412873000051,-0.039926785027368,"ForgOri_mu","Beauty"
"S041",0.0726573483508868,-0.200228011861284,"AIOri_mu","Beauty"
"S041",0.0811048308304791,-0.160433558231686,"AIForg_mu","Beauty"
"S042",0.0501156200195016,-0.0236649866407122,"ForgOri_mu","Beauty"
"S042",0.0961468215785309,-0.055677166344242,"AIOri_mu","Beauty"
"S042",0.0913350851834056,-0.0418919212288419,"AIForg_mu","Beauty"
"S043",0.0725197877851294,0.0461077132000317,"ForgOri_mu","Beauty"
"S043",0.076919064438476,-0.179627829680114,"AIOri_mu","Beauty"
"S043",0.0836117133268811,-0.226876778737604,"AIForg_mu","Beauty"
"S044",0.0526613114066277,0.0131669158901664,"ForgOri_mu","Beauty"
"S044",0.0884835112489181,-0.180282977643353,"AIOri_mu","Beauty"
"S044",0.0820896886219497,-0.194726065721725,"AIForg_mu","Beauty"
"S045",0.0518279470169604,-0.145193618214371,"ForgOri_mu","Beauty"
"S045",0.0838452809705653,-0.114119473485357,"AIOri_mu","Beauty"
"S045",0.0613711395376639,0.0324005429163413,"AIForg_mu","Beauty"
"S046",0.0482213199713569,-0.177471128447279,"ForgOri_mu","Beauty"
"S046",0.0702981315054963,-0.112943860414249,"AIOri_mu","Beauty"
"S046",0.072063916212572,0.0499349745767043,"AIForg_mu","Beauty"
"S047",0.0660171760468408,-0.146331964620667,"ForgOri_mu","Beauty"
"S047",0.0650763578415731,-0.374566726796449,"AIOri_mu","Beauty"
"S047",0.0703886426048487,-0.213589700739913,"AIForg_mu","Beauty"
"S048",0.0422670595927189,-0.032913638757135,"ForgOri_mu","Beauty"
"S048",0.0876432263807709,-0.0227578141358789,"AIOri_mu","Beauty"
"S048",0.0975859514321531,0.0223928094823066,"AIForg_mu","Beauty"
"S050",0.0466066279371836,-0.1243183618963,"ForgOri_mu","Beauty"
"S050",0.0849684725317998,-0.226753006911973,"AIOri_mu","Beauty"
"S050",0.0835892425264967,-0.0881610373521185,"AIForg_mu","Beauty"
"S051",0.0453410846951594,0.0125682920367736,"ForgOri_mu","Beauty"
"S051",0.100770617642526,-0.203895775809083,"AIOri_mu","Beauty"
"S051",0.084311922010733,-0.202774940699778,"AIForg_mu","Beauty"
"S052",0.039994959310143,-0.0406163486374861,"ForgOri_mu","Beauty"
"S052",0.0752895304426571,-0.214691536273077,"AIOri_mu","Beauty"
"S052",0.0731796387457171,-0.159548647013752,"AIForg_mu","Beauty"
"S055",0.0548608042165035,-0.0598253858311726,"ForgOri_mu","Beauty"
"S055",0.0738986034550583,-0.181014149083147,"AIOri_mu","Beauty"
"S055",0.072531622467034,-0.123823704098891,"AIForg_mu","Beauty"
"S001",0.0440914009997688,0.400129498087013,"Baseline_confright","Beauty"
"S002",0.034409619413388,0.404627819747529,"Baseline_confright","Beauty"
"S003",0.0344994686980609,0.386652357422995,"Baseline_confright","Beauty"
"S004",0.0368944708461755,0.414587613827574,"Baseline_confright","Beauty"
"S005",0.0287771640843207,0.434735337198885,"Baseline_confright","Beauty"
"S006",0.0329268128183763,0.282971515841018,"Baseline_confright","Beauty"
"S007",0.0392632730858824,0.455680283375861,"Baseline_confright","Beauty"
"S008",0.0539366577559263,0.45263039039096,"Baseline_confright","Beauty"
"S009",0.0401870277837122,0.395956129857746,"Baseline_confright","Beauty"
"S010",0.0354040580943984,0.345974071882817,"Baseline_confright","Beauty"
"S011",0.0397949992870305,0.432530756809852,"Baseline_confright","Beauty"
"S012",0.0480748086542226,0.399857447737715,"Baseline_confright","Beauty"
"S013",0.147241743852227,0.343321312148375,"Baseline_confright","Beauty"
"S014",0.0164602648542744,0.186405332583038,"Baseline_confright","Beauty"
"S015",0.0307082758466241,0.291989201724129,"Baseline_confright","Beauty"
"S016",0.0382419168872663,0.582120459596098,"Baseline_confright","Beauty"
"S017",0.0280836095425548,0.307529513447045,"Baseline_confright","Beauty"
"S018",0.0392016285373658,0.418057892105637,"Baseline_confright","Beauty"
"S019",0.039604968845628,0.436584020998583,"Baseline_confright","Beauty"
"S020",0.0334576461055163,0.510575571846038,"Baseline_confright","Beauty"
"S021",0.0246014995535736,0.385373034320622,"Baseline_confright","Beauty"
"S022",0.0340859045335556,0.527765184772707,"Baseline_confright","Beauty"
"S023",0.0228769914238676,0.220944423868971,"Baseline_confright","Beauty"
"S024",0.0684851971602227,0.485246137537469,"Baseline_confright","Beauty"
"S025",0.0286257093201192,0.628771829763288,"Baseline_confright","Beauty"
"S026",0.0285522996146481,0.327759572242554,"Baseline_confright","Beauty"
"S027",0.0336002726063927,0.432988443827955,"Baseline_confright","Beauty"
"S028",0.0205996440395084,0.206676947736942,"Baseline_confright","Beauty"
"S029",0.0212952575988558,0.27946161758018,"Baseline_confright","Beauty"
"S030",0.0241112498998195,0.285918031820587,"Baseline_confright","Beauty"
"S031",0.0614931105312913,0.586949381749001,"Baseline_confright","Beauty"
"S032",0.0307224217750389,0.331344232627696,"Baseline_confright","Beauty"
"S033",0.0448894877633851,0.301482873174439,"Baseline_confright","Beauty"
"S035",0.0447694837161535,0.180056447290411,"Baseline_confright","Beauty"
"S036",0.0369651602725444,0.477597529423339,"Baseline_confright","Beauty"
"S038",0.0382295836948355,0.327634867044584,"Baseline_confright","Beauty"
"S039",0.0236675074850641,0.343972880202584,"Baseline_confright","Beauty"
"S040",0.0184680295509739,0.150170568675115,"Baseline_confright","Beauty"
"S041",0.0332953130224459,0.278158084779073,"Baseline_confright","Beauty"
"S042",0.0426123763115496,0.618798282988599,"Baseline_confright","Beauty"
"S043",0.0363409903021228,0.278235377047574,"Baseline_confright","Beauty"
"S044",0.0388781769459883,0.321624260132586,"Baseline_confright","Beauty"
"S045",0.0311371460145572,0.322221819473629,"Baseline_confright","Beauty"
"S046",0.0420791783921988,0.538726429584128,"Baseline_confright","Beauty"
"S047",0.033578013704481,0.334135066088411,"Baseline_confright","Beauty"
"S048",0.0253600290286302,0.256076442639087,"Baseline_confright","Beauty"
"S050",0.0222597975659368,0.13470440944589,"Baseline_confright","Beauty"
"S051",0.0352469790616751,0.296959282479549,"Baseline_confright","Beauty"
"S052",0.0355129726283585,0.332642955197974,"Baseline_confright","Beauty"
"S055",0.0268215776675173,0.26607456624146,"Baseline_confright","Beauty"
"S001",0.023397931115448,-0.0360269973628359,"ForgOri_confright","Beauty"
"S001",0.0330681000087497,-0.071788799462106,"AIOri_confright","Beauty"
"S001",0.0268282436770566,-0.032996683369831,"AIForg_confright","Beauty"
"S002",0.0305900371184352,0.00126930264876124,"ForgOri_confright","Beauty"
"S002",0.0290917890733072,-0.0542490574439224,"AIOri_confright","Beauty"
"S002",0.0305796182800489,-0.0544380272460176,"AIForg_confright","Beauty"
"S003",0.0220244191574311,-0.0393190525118794,"ForgOri_confright","Beauty"
"S003",0.0291152958823237,-0.0707929136046821,"AIOri_confright","Beauty"
"S003",0.0254899256419492,-0.0325104341161258,"AIForg_confright","Beauty"
"S004",0.0192188425569075,-0.0772509834068496,"ForgOri_confright","Beauty"
"S004",0.0252345037210122,-0.0926561465903855,"AIOri_confright","Beauty"
"S004",0.0257695633038071,-0.0132140665577711,"AIForg_confright","Beauty"
"S005",0.0248791979847761,-0.0536805695200661,"ForgOri_confright","Beauty"
"S005",0.0233707471293292,-0.0386612783161517,"AIOri_confright","Beauty"
"S005",0.0280534819463017,0.0185557168578444,"AIForg_confright","Beauty"
"S006",0.0189937901861983,-0.038587323156079,"ForgOri_confright","Beauty"
"S006",0.0205278770636205,-0.0627735432821864,"AIOri_confright","Beauty"
"S006",0.0287727055931741,-0.0242601553542964,"AIForg_confright","Beauty"
"S007",0.0279077901809028,-0.0750038707638327,"ForgOri_confright","Beauty"
"S007",0.0373413311027285,-0.0620408893716259,"AIOri_confright","Beauty"
"S007",0.0319933728415017,0.0133790074097531,"AIForg_confright","Beauty"
"S008",0.0413714428880167,-0.0617776066234481,"ForgOri_confright","Beauty"
"S008",0.0468326338007383,-0.0655932927238381,"AIOri_confright","Beauty"
"S008",0.0275716587844553,-0.00122419340684435,"AIForg_confright","Beauty"
"S009",0.0251883178897997,-0.050446144702743,"ForgOri_confright","Beauty"
"S009",0.0315765670917191,-0.0735358305573464,"AIOri_confright","Beauty"
"S009",0.0328576992039187,-0.0132943843492797,"AIForg_confright","Beauty"
"S010",0.0224223393154362,-0.00187157909587757,"ForgOri_confright","Beauty"
"S010",0.0258279470483833,-0.0888253205088691,"AIOri_confright","Beauty"
"S010",0.02387911900661,-0.0859322868430608,"AIForg_confright","Beauty"
"S011",0.0288797264729355,-0.0461393003621809,"ForgOri_confright","Beauty"
"S011",0.0244662710557423,-0.0266400000337696,"AIOri_confright","Beauty"
"S011",0.0323971060009889,0.0117145884049138,"AIForg_confright","Beauty"
"S012",0.0228646729534356,-0.0563862056361861,"ForgOri_confright","Beauty"
"S012",0.0303916914191481,-0.0875639753466306,"AIOri_confright","Beauty"
"S012",0.0244955404450523,-0.0257521349220736,"AIForg_confright","Beauty"
"S013",0.0216667257357606,-0.0551448351382313,"ForgOri_confright","Beauty"
"S013",0.0315070675672182,-0.107762433830975,"AIOri_confright","Beauty"
"S013",0.0359173665390331,-0.0479954931703582,"AIForg_confright","Beauty"
"S014",0.0138940142875884,-0.0231867346617605,"ForgOri_confright","Beauty"
"S014",0.0142441649754401,-0.0510506859759463,"AIOri_confright","Beauty"
"S014",0.0180712695470541,-0.0267152220159055,"AIForg_confright","Beauty"
"S015",0.0260690825477288,-0.0176739683231584,"ForgOri_confright","Beauty"
"S015",0.0206662070188592,-0.0455334209961748,"AIOri_confright","Beauty"
"S015",0.0251051064005495,-0.0252294511330994,"AIForg_confright","Beauty"
"S016",0.0247661674328931,-0.00334018799832209,"ForgOri_confright","Beauty"
"S016",0.0293344200978268,-0.063607398173868,"AIOri_confright","Beauty"
"S016",0.0267201343738799,-0.0613301412613865,"AIForg_confright","Beauty"
"S017",0.0199453027634423,-0.027874730439171,"ForgOri_confright","Beauty"
"S017",0.0213900249053854,-0.0735010388867185,"AIOri_confright","Beauty"
"S017",0.0251389706031174,-0.0481984958516293,"AIForg_confright","Beauty"
"S018",0.0210079389551421,-0.0112802493221181,"ForgOri_confright","Beauty"
"S018",0.028057921871444,-0.078330915317561,"AIOri_confright","Beauty"
"S018",0.0328486289492642,-0.0692692667279103,"AIForg_confright","Beauty"
"S019",0.0222876084779387,-0.0534981911381818,"ForgOri_confright","Beauty"
"S019",0.0252532452814997,-0.0907574662238488,"AIOri_confright","Beauty"
"S019",0.0323894874131761,-0.0372393191742928,"AIForg_confright","Beauty"
"S020",0.025948328421467,-0.0388791120845045,"ForgOri_confright","Beauty"
"S020",0.0357892238763622,-0.0896210783326178,"AIOri_confright","Beauty"
"S020",0.0348969713137931,-0.0522902688031281,"AIForg_confright","Beauty"
"S021",0.0271381404651479,-0.037953304276098,"ForgOri_confright","Beauty"
"S021",0.0200123765383549,-0.0628219515605049,"AIOri_confright","Beauty"
"S021",0.0302330165600883,-0.0238480952628318,"AIForg_confright","Beauty"
"S022",0.0247979933594437,-0.0760004506589055,"ForgOri_confright","Beauty"
"S022",0.0329135884064794,-0.0730637427224207,"AIOri_confright","Beauty"
"S022",0.038833506585314,-0.00379455546809385,"AIForg_confright","Beauty"
"S023",0.0206740778757393,-0.0296676998197778,"ForgOri_confright","Beauty"
"S023",0.0233787848818362,0.000849480350002874,"AIOri_confright","Beauty"
"S023",0.0222149264291288,0.0311660386482801,"AIForg_confright","Beauty"
"S024",0.0435575031292012,-0.0450338859881011,"ForgOri_confright","Beauty"
"S024",0.0399489377125699,-0.0465631389079917,"AIOri_confright","Beauty"
"S024",0.0254273381678597,0.00357822531454949,"AIForg_confright","Beauty"
"S025",0.0228371815253347,-0.0544239599706716,"ForgOri_confright","Beauty"
"S025",0.0281679212761969,-0.124589436166522,"AIOri_confright","Beauty"
"S025",0.0277070872926429,-0.0659110899042695,"AIForg_confright","Beauty"
"S026",0.0213566779403244,-0.0365979201506101,"ForgOri_confright","Beauty"
"S026",0.021967678241611,-0.0771359698765381,"AIOri_confright","Beauty"
"S026",0.0244471319518968,-0.0446140115809441,"AIForg_confright","Beauty"
"S027",0.0227718456406948,-0.0152481744057968,"ForgOri_confright","Beauty"
"S027",0.0288029281225905,-0.0676346097768697,"AIOri_confright","Beauty"
"S027",0.0232007931073807,-0.0523323596033826,"AIForg_confright","Beauty"
"S028",0.0151653632353938,-0.0180553107487214,"ForgOri_confright","Beauty"
"S028",0.0167341321889769,-0.052302084219902,"AIOri_confright","Beauty"
"S028",0.0187413752552975,-0.0357867593277035,"AIForg_confright","Beauty"
"S029",0.0193251052735011,-0.020123403641823,"ForgOri_confright","Beauty"
"S029",0.028012928421876,-0.0269564237396354,"AIOri_confright","Beauty"
"S029",0.0267468556175541,-0.00274189443647588,"AIForg_confright","Beauty"
"S030",0.0204549965273781,-0.0645993009019318,"ForgOri_confright","Beauty"
"S030",0.0201485634083286,-0.0440858277129272,"AIOri_confright","Beauty"
"S030",0.0216511556353951,0.0170508024821208,"AIForg_confright","Beauty"
"S031",0.0263961167914057,-0.0228516613655091,"ForgOri_confright","Beauty"
"S031",0.0317773947364265,-0.10040787257304,"AIOri_confright","Beauty"
"S031",0.0325483220781693,-0.0718467243726774,"AIForg_confright","Beauty"
"S032",0.0245902340674742,-0.0387009692385752,"ForgOri_confright","Beauty"
"S032",0.0252731899262218,-0.061530130456236,"AIOri_confright","Beauty"
"S032",0.0217852084370948,-0.0250980936696417,"AIForg_confright","Beauty"
"S033",0.0189525470259272,-0.0423160692121098,"ForgOri_confright","Beauty"
"S033",0.0190597004110902,-0.0324430466656883,"AIOri_confright","Beauty"
"S033",0.0236860978371741,0.00348651561610384,"AIForg_confright","Beauty"
"S035",0.0192569397145471,-0.0317185740413055,"ForgOri_confright","Beauty"
"S035",0.0157394422262085,-0.0260558064377191,"AIOri_confright","Beauty"
"S035",0.016007126088143,0.00631061869730445,"AIForg_confright","Beauty"
"S036",0.0317735902578518,-0.0517382116531628,"ForgOri_confright","Beauty"
"S036",0.0424368242064863,-0.0445036802927194,"AIOri_confright","Beauty"
"S036",0.0357681341922716,-0.00115983832994876,"AIForg_confright","Beauty"
"S038",0.0257393638393224,-0.0524010016110009,"ForgOri_confright","Beauty"
"S038",0.0229908308301767,-0.0901202337286782,"AIOri_confright","Beauty"
"S038",0.0268204112283315,-0.0387955770483353,"AIForg_confright","Beauty"
"S039",0.0243859704059473,-0.0356323211607721,"ForgOri_confright","Beauty"
"S039",0.023566128756417,-0.0674396626908231,"AIOri_confright","Beauty"
"S039",0.0216198270233335,-0.0369257104965726,"AIForg_confright","Beauty"
"S040",0.0107240932954595,-0.0222046333621086,"ForgOri_confright","Beauty"
"S040",0.013433214438373,-0.0331124137261464,"AIOri_confright","Beauty"
"S040",0.0129056712405971,-0.0111390939983842,"AIForg_confright","Beauty"
"S041",0.0219805772669596,-0.0292357539384223,"ForgOri_confright","Beauty"
"S041",0.0299033744902654,-0.0563173074862522,"AIOri_confright","Beauty"
"S041",0.0200400247896792,-0.0251131720021036,"AIForg_confright","Beauty"
"S042",0.0329871881297015,-0.04970524116763,"ForgOri_confright","Beauty"
"S042",0.0305965190864138,-0.0724336931803824,"AIOri_confright","Beauty"
"S042",0.0301155653157368,-0.0189927740027343,"AIForg_confright","Beauty"
"S043",0.0324680707932056,-0.0596480240408955,"ForgOri_confright","Beauty"
"S043",0.0294954980299282,-0.0512637638029591,"AIOri_confright","Beauty"
"S043",0.0268842249662289,0.00750113697089558,"AIForg_confright","Beauty"
"S044",0.0268828725783269,-0.0232137455125007,"ForgOri_confright","Beauty"
"S044",0.0233140608747384,-0.0837417370792896,"AIOri_confright","Beauty"
"S044",0.0272012003813274,-0.0589873968934036,"AIForg_confright","Beauty"
"S045",0.0264434768411048,-0.0586208375846142,"ForgOri_confright","Beauty"
"S045",0.0275250568050462,-0.0542647927093227,"AIOri_confright","Beauty"
"S045",0.0275569618834642,0.00506960604260925,"AIForg_confright","Beauty"
"S046",0.0274786199078839,-0.111679776317738,"ForgOri_confright","Beauty"
"S046",0.0307399596005594,-0.073404651522038,"AIOri_confright","Beauty"
"S046",0.0368335102083825,0.0339122287437862,"AIForg_confright","Beauty"
"S047",0.0207502692693061,-0.0608020685065412,"ForgOri_confright","Beauty"
"S047",0.0255868197728492,-0.0942786232497148,"AIOri_confright","Beauty"
"S047",0.024097437392466,-0.0379786630565855,"AIForg_confright","Beauty"
"S048",0.0163795365911795,-0.0322074495069669,"ForgOri_confright","Beauty"
"S048",0.0224773278935859,-0.042463368339652,"AIOri_confright","Beauty"
"S048",0.0211878121203054,-0.00997102187195435,"AIForg_confright","Beauty"
"S050",0.013480907902164,-0.0322313116463163,"ForgOri_confright","Beauty"
"S050",0.0152401333664841,-0.0344920871716074,"AIOri_confright","Beauty"
"S050",0.0133302730255793,-0.00324545323066467,"AIForg_confright","Beauty"
"S051",0.0217918877026488,0.0266494988489753,"ForgOri_confright","Beauty"
"S051",0.0236387421373284,-0.0215922349226963,"AIOri_confright","Beauty"
"S051",0.0268258985669352,-0.0497435569601467,"AIForg_confright","Beauty"
"S052",0.0175311890171746,-0.0277797613541078,"ForgOri_confright","Beauty"
"S052",0.0278504202302489,-0.068596367932239,"AIOri_confright","Beauty"
"S052",0.0320868865951891,-0.0411186509356305,"AIForg_confright","Beauty"
"S055",0.018239567576092,-0.018713172832834,"ForgOri_confright","Beauty"
"S055",0.0242047869872486,-0.0257412911047724,"AIOri_confright","Beauty"
"S055",0.0201955441031898,-0.0068779157411273,"AIForg_confright","Beauty"
"S001",0.0399825042595742,0.287243076355931,"Baseline_confleft","Beauty"
"S002",0.0338444617619752,0.253397611823147,"Baseline_confleft","Beauty"
"S003",0.0509747863972,0.355024787585152,"Baseline_confleft","Beauty"
"S004",0.0481856181756435,0.379243844883416,"Baseline_confleft","Beauty"
"S005",0.0558804620572343,0.475517971761624,"Baseline_confleft","Beauty"
"S006",0.0364018169636203,0.168070940934126,"Baseline_confleft","Beauty"
"S007",0.0665332592026356,0.368514864618012,"Baseline_confleft","Beauty"
"S008",0.0608524910473832,0.554251071922424,"Baseline_confleft","Beauty"
"S009",0.0519082836810887,0.481188797851874,"Baseline_confleft","Beauty"
"S010",0.0455930602742187,0.364207231085574,"Baseline_confleft","Beauty"
"S011",0.0757647556584827,0.52487839314754,"Baseline_confleft","Beauty"
"S012",0.0464992461396432,0.435181989205536,"Baseline_confleft","Beauty"
"S013",0.120905684130574,0.356753031536084,"Baseline_confleft","Beauty"
"S014",0.0691971194732814,0.169690313208329,"Baseline_confleft","Beauty"
"S015",0.0447670361179936,0.268913267147461,"Baseline_confleft","Beauty"
"S016",0.0563203781773484,0.358159971746832,"Baseline_confleft","Beauty"
"S017",0.0514061196347702,0.352177271859898,"Baseline_confleft","Beauty"
"S018",0.0286305131185291,0.252100983274747,"Baseline_confleft","Beauty"
"S019",0.032958517838523,0.210471343179231,"Baseline_confleft","Beauty"
"S020",0.0976759361284154,0.367581874804769,"Baseline_confleft","Beauty"
"S021",0.0239352700041644,0.174400598967311,"Baseline_confleft","Beauty"
"S022",0.0465300279927754,0.273251642276256,"Baseline_confleft","Beauty"
"S023",0.0434051451191071,0.256471426582481,"Baseline_confleft","Beauty"
"S024",0.071956194390452,0.432697781154765,"Baseline_confleft","Beauty"
"S025",0.0587634037101467,0.335714908839946,"Baseline_confleft","Beauty"
"S026",0.046229087744602,0.304517598287518,"Baseline_confleft","Beauty"
"S027",0.0820926848731312,0.405277011401447,"Baseline_confleft","Beauty"
"S028",0.0225678251431464,0.204315750694927,"Baseline_confleft","Beauty"
"S029",0.0224533245329467,0.164841556611172,"Baseline_confleft","Beauty"
"S030",0.0429758617510306,0.269674932552127,"Baseline_confleft","Beauty"
"S031",0.088606526021961,0.599894941494553,"Baseline_confleft","Beauty"
"S032",0.0349443833057452,0.330769626504803,"Baseline_confleft","Beauty"
"S033",0.0372493156569934,0.304049337620912,"Baseline_confleft","Beauty"
"S035",0.0275888961637474,0.35814592974349,"Baseline_confleft","Beauty"
"S036",0.0593764079468551,0.540142586370358,"Baseline_confleft","Beauty"
"S038",0.0471171602066084,0.37253804499907,"Baseline_confleft","Beauty"
"S039",0.0488529128740646,0.439438128795152,"Baseline_confleft","Beauty"
"S040",0.0389229412027901,0.299509706720403,"Baseline_confleft","Beauty"
"S041",0.0401312191954448,0.275650113395698,"Baseline_confleft","Beauty"
"S042",0.0432872686561502,0.319173377412833,"Baseline_confleft","Beauty"
"S043",0.0389559995717417,0.353494936283229,"Baseline_confleft","Beauty"
"S044",0.0423236014705239,0.659044760088465,"Baseline_confleft","Beauty"
"S045",0.0427115043347802,0.415327408330649,"Baseline_confleft","Beauty"
"S046",0.0451856351714066,0.563987257004605,"Baseline_confleft","Beauty"
"S047",0.0549885035959658,0.484798492085576,"Baseline_confleft","Beauty"
"S048",0.0359676573857381,0.45977067732922,"Baseline_confleft","Beauty"
"S050",0.0235865641149237,0.21543592039544,"Baseline_confleft","Beauty"
"S051",0.0375083747417767,0.208831041350408,"Baseline_confleft","Beauty"
"S052",0.0470710316271327,0.309710220735164,"Baseline_confleft","Beauty"
"S055",0.0355152297155795,0.258118827488087,"Baseline_confleft","Beauty"
"S001",0.023265789279091,-0.00482176297078252,"ForgOri_confleft","Beauty"
"S001",0.0306377851264681,0.0496967579354097,"AIOri_confleft","Beauty"
"S001",0.028790386035005,0.057059980409696,"AIForg_confleft","Beauty"
"S002",0.0222220183520789,0.0152591970004085,"ForgOri_confleft","Beauty"
"S002",0.0251685762964942,0.0384434101025955,"AIOri_confleft","Beauty"
"S002",0.0293343117964035,0.0213300171564482,"AIForg_confleft","Beauty"
"S003",0.022363004328215,-0.0081336103848603,"ForgOri_confleft","Beauty"
"S003",0.0277166114154155,0.0463146288641703,"AIOri_confleft","Beauty"
"S003",0.0297914572862803,0.0489478193600229,"AIForg_confleft","Beauty"
"S004",0.0223868176768518,0.0723597856658217,"ForgOri_confleft","Beauty"
"S004",0.0361112654813567,0.0862756262664117,"AIOri_confleft","Beauty"
"S004",0.0384927369908767,0.011681658082025,"AIForg_confleft","Beauty"
"S005",0.0384394473045426,0.106816239433634,"ForgOri_confleft","Beauty"
"S005",0.0378389536323647,0.0559757408937834,"AIOri_confleft","Beauty"
"S005",0.0340338708777216,-0.0595352885127317,"AIForg_confleft","Beauty"
"S006",0.0156354942773538,0.00934429556797636,"ForgOri_confleft","Beauty"
"S006",0.0235842502597977,0.0331036376478846,"AIOri_confleft","Beauty"
"S006",0.0230865722881176,0.02009713483972,"AIForg_confleft","Beauty"
"S007",0.0342934821649988,0.0745180899457507,"ForgOri_confleft","Beauty"
"S007",0.0285030469052755,0.0804438395012291,"AIOri_confleft","Beauty"
"S007",0.0385989189761737,0.00464426389603545,"AIForg_confleft","Beauty"
"S008",0.0419616353887791,0.0605628708600227,"ForgOri_confleft","Beauty"
"S008",0.0586191765398938,0.0872627497941472,"AIOri_confleft","Beauty"
"S008",0.0364001582703561,0.0245387560429443,"AIForg_confleft","Beauty"
"S009",0.0270773760405631,-0.0188942588043115,"ForgOri_confleft","Beauty"
"S009",0.0333185846637238,0.03444742260409,"AIOri_confleft","Beauty"
"S009",0.03803152562179,0.052041974990877,"AIForg_confleft","Beauty"
"S010",0.0232351210202109,-0.0684975469756311,"ForgOri_confleft","Beauty"
"S010",0.028777027724684,0.0422970380491106,"AIOri_confleft","Beauty"
"S010",0.0427980135162654,0.115010642966299,"AIForg_confleft","Beauty"
"S011",0.0423443691742054,0.000222756391507567,"ForgOri_confleft","Beauty"
"S011",0.0303668259310763,-0.00348948465377319,"AIOri_confleft","Beauty"
"S011",0.0493647794305147,-0.00895909777556775,"AIForg_confleft","Beauty"
"S012",0.0347662657057953,0.0578218437795529,"ForgOri_confleft","Beauty"
"S012",0.0274465622154712,0.0678427127886925,"AIOri_confleft","Beauty"
"S012",0.0360189788654129,0.00900225743940256,"AIForg_confleft","Beauty"
"S013",0.040702416229518,0.0267206119494162,"ForgOri_confleft","Beauty"
"S013",0.0336598290495452,0.066361025447022,"AIOri_confleft","Beauty"
"S013",0.0432341010163922,0.0401672836642269,"AIForg_confleft","Beauty"
"S014",0.0178798493351863,0.0138894509219244,"ForgOri_confleft","Beauty"
"S014",0.0235680714833759,0.0434411830202658,"AIOri_confleft","Beauty"
"S014",0.0200091408043313,0.0254653710043569,"AIForg_confleft","Beauty"
"S015",0.0230148924063804,0.0283651138082544,"ForgOri_confleft","Beauty"
"S015",0.0305571990803977,0.000189101654895898,"AIOri_confleft","Beauty"
"S015",0.0370325324952154,-0.0326132847685955,"AIForg_confleft","Beauty"
"S016",0.0263674658267308,0.00630811012178104,"ForgOri_confleft","Beauty"
"S016",0.0278900745453278,-0.00908393686086281,"AIOri_confleft","Beauty"
"S016",0.0344809671037551,-0.0167285704898923,"AIForg_confleft","Beauty"
"S017",0.0290699036455664,-0.0156339463190266,"ForgOri_confleft","Beauty"
"S017",0.0272480408357223,0.037170658200144,"AIOri_confleft","Beauty"
"S017",0.0412653259278483,0.0530070163350019,"AIForg_confleft","Beauty"
"S018",0.0203870334375752,-0.0133941134803334,"ForgOri_confleft","Beauty"
"S018",0.0276251587926368,-0.0042868672158807,"AIOri_confleft","Beauty"
"S018",0.0326730064046536,0.0112365534416772,"AIForg_confleft","Beauty"
"S019",0.0178320936010906,0.0312613625250863,"ForgOri_confleft","Beauty"
"S019",0.0218841026538167,0.0649349455337685,"AIOri_confleft","Beauty"
"S019",0.0297221487698635,0.0362723493186865,"AIForg_confleft","Beauty"
"S020",0.0406094030377406,0.0535693788854506,"ForgOri_confleft","Beauty"
"S020",0.0372061694969876,-0.00859540460521267,"AIOri_confleft","Beauty"
"S020",0.0486173320199774,-0.0581568005892781,"AIForg_confleft","Beauty"
"S021",0.0220869705418042,0.019313289239391,"ForgOri_confleft","Beauty"
"S021",0.0218899188530364,0.0314640914376535,"AIOri_confleft","Beauty"
"S021",0.0249776655479899,0.00839139167234364,"AIForg_confleft","Beauty"
"S022",0.0312759311397638,0.0486518108673395,"ForgOri_confleft","Beauty"
"S022",0.0283678730655781,0.0111223778070701,"AIOri_confleft","Beauty"
"S022",0.0425301938517844,-0.0352774555921502,"AIForg_confleft","Beauty"
"S023",0.0253139247633405,0.0123968918501881,"ForgOri_confleft","Beauty"
"S023",0.0193925187784181,-0.0174149265513822,"AIOri_confleft","Beauty"
"S023",0.029117002114525,-0.0289418141524696,"AIForg_confleft","Beauty"
"S024",0.0335618110036685,0.023508398723937,"ForgOri_confleft","Beauty"
"S024",0.0434514948487579,-0.0108072448820003,"AIOri_confleft","Beauty"
"S024",0.0475592801767067,-0.0249585263259894,"AIForg_confleft","Beauty"
"S025",0.0316790458717692,0.0428817219063508,"ForgOri_confleft","Beauty"
"S025",0.0254717854028461,0.0839251797520505,"AIOri_confleft","Beauty"
"S025",0.0355584471816095,0.0435941950377161,"AIForg_confleft","Beauty"
"S026",0.0236681160379895,-0.0201998652116126,"ForgOri_confleft","Beauty"
"S026",0.0250633914435833,0.0496699586618068,"AIOri_confleft","Beauty"
"S026",0.0288187195076888,0.0647769391467188,"AIForg_confleft","Beauty"
"S027",0.0297804293196151,-0.0243898443513479,"ForgOri_confleft","Beauty"
"S027",0.035224724072647,0.0163506253642165,"AIOri_confleft","Beauty"
"S027",0.0357838098810555,0.0357481648424174,"AIForg_confleft","Beauty"
"S028",0.0205751948650821,0.00820404042065861,"ForgOri_confleft","Beauty"
"S028",0.0280515054371226,0.044106597517855,"AIOri_confleft","Beauty"
"S028",0.0307675076985717,0.0417472676758624,"AIForg_confleft","Beauty"
"S029",0.0195608029717183,0.0157475096451682,"ForgOri_confleft","Beauty"
"S029",0.0244336679612381,0.032684696475156,"AIOri_confleft","Beauty"
"S029",0.0264603195574179,0.0183426992101022,"AIForg_confleft","Beauty"
"S030",0.0314167371842572,0.0916937849703143,"ForgOri_confleft","Beauty"
"S030",0.0277833851965258,0.0405937936180597,"AIOri_confleft","Beauty"
"S030",0.04937836215292,-0.0439181950535389,"AIForg_confleft","Beauty"
"S031",0.0392265108486533,0.0496704782767885,"ForgOri_confleft","Beauty"
"S031",0.0337230248864176,0.0274503372840197,"AIOri_confleft","Beauty"
"S031",0.043671211299569,-0.0178219134830045,"AIForg_confleft","Beauty"
"S032",0.0219640787275053,0.0147600680110575,"ForgOri_confleft","Beauty"
"S032",0.0241801382357814,0.0198448525557185,"AIOri_confleft","Beauty"
"S032",0.0313038058446377,0.00675353172436646,"AIForg_confleft","Beauty"
"S033",0.0273798155238482,-0.0110675650461136,"ForgOri_confleft","Beauty"
"S033",0.0265900667202378,0.0331884643213406,"AIOri_confleft","Beauty"
"S033",0.0251255441886191,0.0434353837862408,"AIForg_confleft","Beauty"
"S035",0.0222440050188027,0.0449300055475482,"ForgOri_confleft","Beauty"
"S035",0.0260269885385432,0.0527099836680354,"AIOri_confleft","Beauty"
"S035",0.0362285955812537,0.00177288837433665,"AIForg_confleft","Beauty"
"S036",0.0340109646908488,0.0235496081492068,"ForgOri_confleft","Beauty"
"S036",0.0475822135955336,0.0130991833729152,"AIOri_confleft","Beauty"
"S036",0.0464744629766222,-0.0136494358866635,"AIForg_confleft","Beauty"
"S038",0.0342414265163816,0.0190617280926951,"ForgOri_confleft","Beauty"
"S038",0.0349249476920291,0.0484354623338704,"AIOri_confleft","Beauty"
"S038",0.0461714640385583,0.0274574531868134,"AIForg_confleft","Beauty"
"S039",0.0232100889614273,0.0150303676621644,"ForgOri_confleft","Beauty"
"S039",0.0335102806786744,0.0400442041153322,"AIOri_confleft","Beauty"
"S039",0.0393886071890531,0.0281346038880812,"AIForg_confleft","Beauty"
"S040",0.0276774026580501,-0.00846935359635263,"ForgOri_confleft","Beauty"
"S040",0.0273453308836835,0.0174314862167153,"AIOri_confleft","Beauty"
"S040",0.0318083869552083,0.023634333351802,"AIForg_confleft","Beauty"
"S041",0.0206617877372626,0.0108373352049423,"ForgOri_confleft","Beauty"
"S041",0.0231850826637535,0.0657813955035557,"AIOri_confleft","Beauty"
"S041",0.0325204508642241,0.0551990219478564,"AIForg_confleft","Beauty"
"S042",0.0355635235951821,0.022062284489718,"ForgOri_confleft","Beauty"
"S042",0.030372263804201,0.0517796755859981,"AIOri_confleft","Beauty"
"S042",0.0293084139196576,0.0348792586112905,"AIForg_confleft","Beauty"
"S043",0.0224113882353264,-0.0199286978413117,"ForgOri_confleft","Beauty"
"S043",0.0298376052992683,0.0489634770990699,"AIOri_confleft","Beauty"
"S043",0.033389981826219,0.0629444095279379,"AIForg_confleft","Beauty"
"S044",0.0302988346696091,0.061470096135301,"ForgOri_confleft","Beauty"
"S044",0.034099026376807,0.0914418337494731,"AIOri_confleft","Beauty"
"S044",0.0316625448962002,0.0302699432705092,"AIForg_confleft","Beauty"
"S045",0.0340290311513816,0.083372097340798,"ForgOri_confleft","Beauty"
"S045",0.0290149110506342,0.0460390353727605,"AIOri_confleft","Beauty"
"S045",0.0345469886381234,-0.0435681157343525,"AIForg_confleft","Beauty"
"S046",0.0235068877275309,0.0755681199650174,"ForgOri_confleft","Beauty"
"S046",0.027832631363541,0.0663192832216545,"AIOri_confleft","Beauty"
"S046",0.0297579621738661,-0.0121189640549703,"AIForg_confleft","Beauty"
"S047",0.0314806682551422,0.0634835344430143,"ForgOri_confleft","Beauty"
"S047",0.0246772583091441,0.111329515987817,"AIOri_confleft","Beauty"
"S047",0.030161913170554,0.0510229907920063,"AIForg_confleft","Beauty"
"S048",0.024067267477686,0.0295355986954771,"ForgOri_confleft","Beauty"
"S048",0.0309729235429864,-0.0164620801817146,"AIOri_confleft","Beauty"
"S048",0.0391881449320844,-0.0470988985468398,"AIForg_confleft","Beauty"
"S050",0.0213976389560709,0.0335804758695698,"ForgOri_confleft","Beauty"
"S050",0.0204826807647924,0.0430238307331795,"AIOri_confleft","Beauty"
"S050",0.0266089815377603,0.00891420461643087,"AIForg_confleft","Beauty"
"S051",0.0205200277382819,0.00372430218731198,"ForgOri_confleft","Beauty"
"S051",0.0323381936499687,0.0115251780473162,"AIOri_confleft","Beauty"
"S051",0.0290107620101315,0.00734447965147667,"AIForg_confleft","Beauty"
"S052",0.0263571251893088,0.00920868733783511,"ForgOri_confleft","Beauty"
"S052",0.0290111049532572,0.0170117101410666,"AIOri_confleft","Beauty"
"S052",0.0321599510654489,0.00524936194125641,"AIForg_confleft","Beauty"
"S055",0.0294417674716202,0.0513958980966449,"ForgOri_confleft","Beauty"
"S055",0.0254051913327687,0.0537904788292499,"AIOri_confleft","Beauty"
"S055",0.0349176977187533,0.00220136162531044,"AIForg_confleft","Beauty"
"S001",0.720452652686786,3.02153799434878,"Baseline_precright","Beauty"
"S002",0.742408483142052,3.26375674102615,"Baseline_precright","Beauty"
"S003",0.831764901203086,3.48202734357958,"Baseline_precright","Beauty"
"S004",0.51603765529782,2.36297283298995,"Baseline_precright","Beauty"
"S005",0.943128568653487,3.72367675716101,"Baseline_precright","Beauty"
"S006",0.63577018982348,2.82399799926125,"Baseline_precright","Beauty"
"S007",0.705991980681886,2.62553686668079,"Baseline_precright","Beauty"
"S008",0.769831296570326,2.1378860056088,"Baseline_precright","Beauty"
"S009",0.570520576226667,1.97219407450638,"Baseline_precright","Beauty"
"S010",0.617885265671521,2.48053352428952,"Baseline_precright","Beauty"
"S011",0.422028498849588,1.49694037220197,"Baseline_precright","Beauty"
"S012",0.902161037367363,3.48979338783363,"Baseline_precright","Beauty"
"S013",1.56448579035474,3.50222133544687,"Baseline_precright","Beauty"
"S014",1.10258181821296,5.3024778637345,"Baseline_precright","Beauty"
"S015",0.482230405230787,2.22039277136581,"Baseline_precright","Beauty"
"S016",0.697354893622468,3.4648875219779,"Baseline_precright","Beauty"
"S017",0.782705901737503,4.02476413689133,"Baseline_precright","Beauty"
"S018",0.987861921828234,4.16670464697898,"Baseline_precright","Beauty"
"S019",0.526888121266732,1.906298169434,"Baseline_precright","Beauty"
"S020",0.662657351398585,2.78714495623648,"Baseline_precright","Beauty"
"S021",1.22413116400287,6.10643405552775,"Baseline_precright","Beauty"
"S022",0.289813046508484,1.31449858642317,"Baseline_precright","Beauty"
"S023",1.06706033665353,4.44456143459252,"Baseline_precright","Beauty"
"S024",0.469149679870995,1.54846751328132,"Baseline_precright","Beauty"
"S025",0.509752185830611,2.44233852071059,"Baseline_precright","Beauty"
"S026",0.982323118869622,4.59729416118361,"Baseline_precright","Beauty"
"S027",0.336136587870209,1.852641375861,"Baseline_precright","Beauty"
"S028",1.43489363009108,5.62545865757076,"Baseline_precright","Beauty"
"S029",1.10046785400154,4.49428163094367,"Baseline_precright","Beauty"
"S030",1.30267051126155,7.16558923232862,"Baseline_precright","Beauty"
"S031",0.495223017526282,1.97671365098618,"Baseline_precright","Beauty"
"S032",1.16275362716323,4.71654239308389,"Baseline_precright","Beauty"
"S033",1.16286054660948,3.77836853173433,"Baseline_precright","Beauty"
"S035",1.5292393718551,4.75762197762351,"Baseline_precright","Beauty"
"S036",0.318750482498474,1.35859302113827,"Baseline_precright","Beauty"
"S038",0.738663371359336,2.78281909105175,"Baseline_precright","Beauty"
"S039",0.952226871776296,6.54953255967739,"Baseline_precright","Beauty"
"S040",0.846424366195743,5.42501142454782,"Baseline_precright","Beauty"
"S041",1.03893778186555,3.85199856403299,"Baseline_precright","Beauty"
"S042",0.380014991768898,1.49396684096924,"Baseline_precright","Beauty"
"S043",0.541082316066381,2.51145663279397,"Baseline_precright","Beauty"
"S044",0.81889659442229,2.76514772599069,"Baseline_precright","Beauty"
"S045",1.27586436093566,4.70128045607099,"Baseline_precright","Beauty"
"S046",0.340939562473491,1.51857056539807,"Baseline_precright","Beauty"
"S047",0.970812250927168,4.29526094370215,"Baseline_precright","Beauty"
"S048",1.1192505194421,5.9886578620276,"Baseline_precright","Beauty"
"S050",1.30128377113058,6.20355574103891,"Baseline_precright","Beauty"
"S051",0.567723972702869,2.5530745014446,"Baseline_precright","Beauty"
"S052",0.412082597819057,1.54420903273866,"Baseline_precright","Beauty"
"S055",0.923559923304731,4.09170761981044,"Baseline_precright","Beauty"
"S001",0.642555449494985,0.316996257855372,"ForgOri_precright","Beauty"
"S001",0.413155099831944,0.715288176494017,"AIOri_precright","Beauty"
"S001",0.545029548072417,0.40032477752324,"AIForg_precright","Beauty"
"S002",0.591554679974744,0.327712798562247,"ForgOri_precright","Beauty"
"S002",0.45860634242318,0.858460297950227,"AIOri_precright","Beauty"
"S002",0.777975867764956,0.654562412705428,"AIForg_precright","Beauty"
"S003",0.601806298489751,1.00090283802795,"ForgOri_precright","Beauty"
"S003",0.468082413774707,1.09540905998477,"AIOri_precright","Beauty"
"S003",0.683525364136769,0.0939065670237027,"AIForg_precright","Beauty"
"S004",0.583976616519308,0.760908204586527,"ForgOri_precright","Beauty"
"S004",0.441107931855523,1.04857270263731,"AIOri_precright","Beauty"
"S004",0.655312477750837,0.167446115351592,"AIForg_precright","Beauty"
"S005",0.89183014968364,1.12028417279413,"ForgOri_precright","Beauty"
"S005",0.359008694943476,0.657066586068511,"AIOri_precright","Beauty"
"S005",0.661968787615899,-0.446660267554999,"AIForg_precright","Beauty"
"S006",0.592183279286761,0.308473197497029,"ForgOri_precright","Beauty"
"S006",0.485957405198668,0.730170162560237,"AIOri_precright","Beauty"
"S006",0.587354002521696,0.349938076458034,"AIForg_precright","Beauty"
"S007",0.514751614492684,0.738452700359858,"ForgOri_precright","Beauty"
"S007",0.449949991622757,0.73785083198296,"AIOri_precright","Beauty"
"S007",0.579149922946008,-0.0522470430623512,"AIForg_precright","Beauty"
"S008",0.533784604571829,0.356146843627485,"ForgOri_precright","Beauty"
"S008",0.433259334497317,0.624576873041769,"AIOri_precright","Beauty"
"S008",0.47173109013884,0.230003685161661,"AIForg_precright","Beauty"
"S009",0.492127831519861,0.515096956871684,"ForgOri_precright","Beauty"
"S009",0.383926655145057,0.634208714616384,"AIOri_precright","Beauty"
"S009",0.545563005051443,0.104452269563926,"AIForg_precright","Beauty"
"S010",0.526146606803512,0.146886910841281,"ForgOri_precright","Beauty"
"S010",0.533714374591926,1.05018845923012,"AIOri_precright","Beauty"
"S010",0.701607667274248,0.895838704447544,"AIForg_precright","Beauty"
"S011",0.388737661694553,0.16352744673584,"ForgOri_precright","Beauty"
"S011",0.394588291280668,0.713705731158891,"AIOri_precright","Beauty"
"S011",0.495953561523598,0.571809909266365,"AIForg_precright","Beauty"
"S012",0.653396581414302,1.03416888008356,"ForgOri_precright","Beauty"
"S012",0.666420540188341,1.2190624444225,"AIOri_precright","Beauty"
"S012",0.975577420154828,0.1816081443701,"AIForg_precright","Beauty"
"S013",0.808545473730822,0.923828868855722,"ForgOri_precright","Beauty"
"S013",0.494296039479886,0.99903739000193,"AIOri_precright","Beauty"
"S013",0.86859882435631,0.0604981141697527,"AIForg_precright","Beauty"
"S014",0.648400883658756,1.02824263713243,"ForgOri_precright","Beauty"
"S014",0.550674338647522,1.16969171199729,"AIOri_precright","Beauty"
"S014",0.879123662102425,0.224449648622211,"AIForg_precright","Beauty"
"S015",0.433424914868217,0.392215511586312,"ForgOri_precright","Beauty"
"S015",0.287216721219859,0.598568500690702,"AIOri_precright","Beauty"
"S015",0.476471425494026,0.208140938054994,"AIForg_precright","Beauty"
"S016",0.61490787058439,0.742698386878857,"ForgOri_precright","Beauty"
"S016",0.40993228185619,0.809219119450956,"AIOri_precright","Beauty"
"S016",0.61989290123184,0.0471449224163338,"AIForg_precright","Beauty"
"S017",0.63556529345387,0.853193341452601,"ForgOri_precright","Beauty"
"S017",0.443854181775149,0.975666963349375,"AIOri_precright","Beauty"
"S017",0.828719521708563,0.154513856048208,"AIForg_precright","Beauty"
"S018",0.598169164843956,0.824944503425542,"ForgOri_precright","Beauty"
"S018",0.513483014453257,0.99543609040569,"AIOri_precright","Beauty"
"S018",0.815576800931102,0.167295201930163,"AIForg_precright","Beauty"
"S019",0.546525795236739,0.517550404700792,"ForgOri_precright","Beauty"
"S019",0.517384414200255,0.769363314392097,"AIOri_precright","Beauty"
"S019",0.64124003846831,0.219982616949188,"AIForg_precright","Beauty"
"S020",0.506736803700486,0.554778295369325,"ForgOri_precright","Beauty"
"S020",0.395105954702977,0.799199917300339,"AIOri_precright","Beauty"
"S020",0.568680055996593,0.141994088619555,"AIForg_precright","Beauty"
"S021",0.745429274981953,1.13694602906629,"ForgOri_precright","Beauty"
"S021",0.383650789735153,1.01544504840373,"AIOri_precright","Beauty"
"S021",0.791424316688481,-0.13011908442825,"AIForg_precright","Beauty"
"S022",0.367334047177858,0.400831015907379,"ForgOri_precright","Beauty"
"S022",0.268527695934932,0.706213472714526,"AIOri_precright","Beauty"
"S022",0.476742823933473,0.30109524428662,"AIForg_precright","Beauty"
"S023",0.581240726510778,1.0186541003748,"ForgOri_precright","Beauty"
"S023",0.440370468507189,0.848366404036418,"AIOri_precright","Beauty"
"S023",0.633615678078659,-0.19292518557247,"AIForg_precright","Beauty"
"S024",0.439609323828325,0.0770248818349615,"ForgOri_precright","Beauty"
"S024",0.375029770200459,0.314048299628626,"AIOri_precright","Beauty"
"S024",0.509000578319096,0.214141406293661,"AIForg_precright","Beauty"
"S025",0.494426066794718,0.90924769284766,"ForgOri_precright","Beauty"
"S025",0.463935041985416,0.863628504648308,"AIOri_precright","Beauty"
"S025",0.737462564329067,-0.092188318426941,"AIForg_precright","Beauty"
"S026",0.727017154834424,0.75939880004714,"ForgOri_precright","Beauty"
"S026",0.549934418710312,1.38549145722537,"AIOri_precright","Beauty"
"S026",0.827594411754675,0.623919245454762,"AIForg_precright","Beauty"
"S027",0.397827874987527,0.254805825108108,"ForgOri_precright","Beauty"
"S027",0.374620772432272,0.610054272234605,"AIOri_precright","Beauty"
"S027",0.52142454436986,0.426789867389219,"AIForg_precright","Beauty"
"S028",0.833337164746384,1.08724637564683,"ForgOri_precright","Beauty"
"S028",0.671067799889994,1.46414921721834,"AIOri_precright","Beauty"
"S028",0.781619978657465,0.474702576129267,"AIForg_precright","Beauty"
"S029",0.679239023504434,1.21115351008861,"ForgOri_precright","Beauty"
"S029",0.680752015687837,1.40148218717157,"AIOri_precright","Beauty"
"S029",0.750645974730466,0.178275083453814,"AIForg_precright","Beauty"
"S030",0.891706701998381,1.48225254256674,"ForgOri_precright","Beauty"
"S030",0.457825205214007,0.626166171408213,"AIOri_precright","Beauty"
"S030",0.814205698177571,-0.814482372054351,"AIForg_precright","Beauty"
"S031",0.390128661034998,-0.211365348380936,"ForgOri_precright","Beauty"
"S031",0.455441966210497,0.846178852655375,"AIOri_precright","Beauty"
"S031",0.563962545875723,1.04835156599963,"AIForg_precright","Beauty"
"S032",0.687066998808351,1.11698287056456,"ForgOri_precright","Beauty"
"S032",0.477884791106224,1.18948739991229,"AIOri_precright","Beauty"
"S032",0.816384226325578,0.290140555906984,"AIForg_precright","Beauty"
"S033",0.611824360031492,0.880527897322837,"ForgOri_precright","Beauty"
"S033",0.424201497267962,0.657012927094331,"AIOri_precright","Beauty"
"S033",0.641794223840991,-0.298247616050504,"AIForg_precright","Beauty"
"S035",0.804418108146613,1.1142949486075,"ForgOri_precright","Beauty"
"S035",0.517602358539781,0.916981458395492,"AIOri_precright","Beauty"
"S035",0.870040263909142,-0.319627470926229,"AIForg_precright","Beauty"
"S036",0.556493836391522,0.298684789832032,"ForgOri_precright","Beauty"
"S036",0.384285592703514,0.349187237248009,"AIOri_precright","Beauty"
"S036",0.614055886496118,0.0297517186224632,"AIForg_precright","Beauty"
"S038",0.478823853753524,0.98873779896964,"ForgOri_precright","Beauty"
"S038",0.47431783667018,0.985248886439351,"AIOri_precright","Beauty"
"S038",0.709090187403552,0.102400687918069,"AIForg_precright","Beauty"
"S039",0.814580722904921,1.15571508347509,"ForgOri_precright","Beauty"
"S039",0.543736156890604,0.813993341293516,"AIOri_precright","Beauty"
"S039",0.707142785601562,-0.379206489385011,"AIForg_precright","Beauty"
"S040",0.62173302210836,1.42855024372643,"ForgOri_precright","Beauty"
"S040",0.744350414185633,1.49389590628593,"AIOri_precright","Beauty"
"S040",0.785631555410771,0.108966136376151,"AIForg_precright","Beauty"
"S041",0.533936417551295,1.08823834379327,"ForgOri_precright","Beauty"
"S041",0.452319225747777,1.05954737798117,"AIOri_precright","Beauty"
"S041",0.690619162618696,0.0342480139208972,"AIForg_precright","Beauty"
"S042",0.420881715614095,0.00125849906805575,"ForgOri_precright","Beauty"
"S042",0.381910836283942,0.829113486227181,"AIOri_precright","Beauty"
"S042",0.63622980085891,0.784940711407618,"AIForg_precright","Beauty"
"S043",0.620906195950059,0.881070272929938,"ForgOri_precright","Beauty"
"S043",0.352941689193704,0.867963886031646,"AIOri_precright","Beauty"
"S043",0.599979460470031,-0.0692766278278685,"AIForg_precright","Beauty"
"S044",0.494952149321554,0.709628305820788,"ForgOri_precright","Beauty"
"S044",0.592136946321577,1.13719307566496,"AIOri_precright","Beauty"
"S044",0.729387331052963,0.343210727164229,"AIForg_precright","Beauty"
"S045",0.697920959633872,0.865706964781323,"ForgOri_precright","Beauty"
"S045",0.47399773704241,0.929609854930478,"AIOri_precright","Beauty"
"S045",0.746076824845672,-0.00676894716847221,"AIForg_precright","Beauty"
"S046",0.506500342709169,0.690076551047773,"ForgOri_precright","Beauty"
"S046",0.417294087601277,0.729429389597475,"AIOri_precright","Beauty"
"S046",0.554746140713385,0.0716167268975593,"AIForg_precright","Beauty"
"S047",0.850395981933696,1.26561746745994,"ForgOri_precright","Beauty"
"S047",0.529163539981309,1.35154511498945,"AIOri_precright","Beauty"
"S047",0.762934675785526,-0.0142652948363367,"AIForg_precright","Beauty"
"S048",0.859121168895595,1.41581053074182,"ForgOri_precright","Beauty"
"S048",0.515927651045625,0.719538798190662,"AIOri_precright","Beauty"
"S048",0.772258077472316,-0.682479874324454,"AIForg_precright","Beauty"
"S050",0.899340758430267,1.58013760158902,"ForgOri_precright","Beauty"
"S050",0.671422147222002,1.37417645201403,"AIOri_precright","Beauty"
"S050",0.928549085100934,-0.265557797117865,"AIForg_precright","Beauty"
"S051",0.449523127041835,0.261776296060733,"ForgOri_precright","Beauty"
"S051",0.417208085189655,0.689886382730408,"AIOri_precright","Beauty"
"S051",0.695008099598315,0.368226755554429,"AIForg_precright","Beauty"
"S052",0.391323530307967,0.00726778878165968,"ForgOri_precright","Beauty"
"S052",0.337101468379571,0.718994124995788,"AIOri_precright","Beauty"
"S052",0.615774400891946,0.744147386938049,"AIForg_precright","Beauty"
"S055",0.679040507005833,0.738458232152007,"ForgOri_precright","Beauty"
"S055",0.462072474157906,1.14009654473079,"AIOri_precright","Beauty"
"S055",0.75814682715438,0.315451897138074,"AIForg_precright","Beauty"
"S001",0.801577447802416,3.26472154332628,"Baseline_precleft","Beauty"
"S002",0.810035625022623,3.60585602157311,"Baseline_precleft","Beauty"
"S003",0.688034488791629,2.64276442316186,"Baseline_precleft","Beauty"
"S004",0.652331653345649,2.61565290152039,"Baseline_precleft","Beauty"
"S005",0.751866255543344,2.76321594466208,"Baseline_precleft","Beauty"
"S006",1.02252090849031,3.17816386153827,"Baseline_precleft","Beauty"
"S007",0.986587076222762,3.16735878521544,"Baseline_precleft","Beauty"
"S008",0.350498200794101,1.66591958131039,"Baseline_precleft","Beauty"
"S009",0.494548288684247,1.69270876838397,"Baseline_precleft","Beauty"
"S010",0.64424872722213,2.32762218147719,"Baseline_precleft","Beauty"
"S011",0.605531133530703,1.41433375310366,"Baseline_precleft","Beauty"
"S012",0.581183038359282,2.81514846853763,"Baseline_precleft","Beauty"
"S013",0.976925154316383,2.59836552464849,"Baseline_precleft","Beauty"
"S014",0.981826061204721,2.07971420659466,"Baseline_precleft","Beauty"
"S015",0.645013208977721,2.30830333474803,"Baseline_precleft","Beauty"
"S016",0.744765614943646,3.12939850561852,"Baseline_precleft","Beauty"
"S017",0.474519225946742,2.04861830567398,"Baseline_precleft","Beauty"
"S018",0.992569843638003,3.88741760671027,"Baseline_precleft","Beauty"
"S019",0.956589818926792,3.02509376693626,"Baseline_precleft","Beauty"
"S020",0.988587184900637,2.81159405936628,"Baseline_precleft","Beauty"
"S021",1.00349123039621,4.11628341163865,"Baseline_precleft","Beauty"
"S022",0.742645961297185,2.83481382885711,"Baseline_precleft","Beauty"
"S023",0.894146140812836,3.27472623584489,"Baseline_precleft","Beauty"
"S024",0.571347813554675,2.18390358051866,"Baseline_precleft","Beauty"
"S025",0.82420145806266,2.95407898623181,"Baseline_precleft","Beauty"
"S026",0.728713115349115,2.9166336118953,"Baseline_precleft","Beauty"
"S027",0.585986788039715,1.69163104955642,"Baseline_precleft","Beauty"
"S028",0.970813979714946,4.0178253116353,"Baseline_precleft","Beauty"
"S029",0.991358443569908,4.03506619866088,"Baseline_precleft","Beauty"
"S030",0.847838914377937,2.82888455212014,"Baseline_precleft","Beauty"
"S031",0.52649712899323,1.2645278581941,"Baseline_precleft","Beauty"
"S032",0.643018508704536,2.13251470685702,"Baseline_precleft","Beauty"
"S033",0.717292732420354,2.74631425629578,"Baseline_precleft","Beauty"
"S035",0.537449286275363,2.92300740432293,"Baseline_precleft","Beauty"
"S036",0.42815560118246,1.59213630990572,"Baseline_precleft","Beauty"
"S038",0.597532924407393,2.64654704079823,"Baseline_precleft","Beauty"
"S039",0.549355504208949,2.70212494287635,"Baseline_precleft","Beauty"
"S040",0.540025474809946,2.3674077141823,"Baseline_precleft","Beauty"
"S041",0.731863185367306,2.57975854845682,"Baseline_precleft","Beauty"
"S042",0.37073806167396,1.50814403404545,"Baseline_precleft","Beauty"
"S043",0.543604393625998,2.51068017966208,"Baseline_precleft","Beauty"
"S044",0.622711293023551,2.22598666612469,"Baseline_precleft","Beauty"
"S045",0.442747390298609,2.32176745235648,"Baseline_precleft","Beauty"
"S046",0.513241295464758,2.20546163644938,"Baseline_precleft","Beauty"
"S047",0.314328184276981,1.42025059240873,"Baseline_precleft","Beauty"
"S048",0.527055714212771,2.60743766339829,"Baseline_precleft","Beauty"
"S050",0.751486738656861,3.59519863573091,"Baseline_precleft","Beauty"
"S051",0.690119433054665,2.73893537362576,"Baseline_precleft","Beauty"
"S052",0.42457971058181,1.63198163311221,"Baseline_precleft","Beauty"
"S055",0.87812245550285,3.0477290436895,"Baseline_precleft","Beauty"
"S001",0.315343218394641,0.346840727257933,"ForgOri_precleft","Beauty"
"S001",0.245694343469536,-0.148857675883841,"AIOri_precleft","Beauty"
"S001",0.398651596013179,-0.556555815886222,"AIForg_precleft","Beauty"
"S002",0.372841667786698,0.288990931598078,"ForgOri_precleft","Beauty"
"S002",0.28668254714644,-0.00124564302118801,"AIOri_precleft","Beauty"
"S002",0.347119834960438,-0.289696011811482,"AIForg_precleft","Beauty"
"S003",0.286208067898555,0.324380973800208,"ForgOri_precleft","Beauty"
"S003",0.23083855402446,0.0241004566131051,"AIOri_precleft","Beauty"
"S003",0.323477064847622,-0.321430607632416,"AIForg_precleft","Beauty"
"S004",0.285511649830937,0.163474935093624,"ForgOri_precleft","Beauty"
"S004",0.255375441704535,-0.108329665997708,"AIOri_precleft","Beauty"
"S004",0.383254121556588,-0.362229807387968,"AIForg_precleft","Beauty"
"S005",0.373432978489898,0.233043701483763,"ForgOri_precleft","Beauty"
"S005",0.18624186498493,-0.0878689330206919,"AIOri_precleft","Beauty"
"S005",0.413741880221985,-0.309760353890576,"AIForg_precleft","Beauty"
"S006",0.282221660103435,0.322929603513416,"ForgOri_precleft","Beauty"
"S006",0.304198094523446,-0.0415979118037506,"AIOri_precleft","Beauty"
"S006",0.397182859817159,-0.393209823249935,"AIForg_precleft","Beauty"
"S007",0.403488681155192,-0.0117078436806826,"ForgOri_precleft","Beauty"
"S007",0.349264402385744,-0.246019601708209,"AIOri_precleft","Beauty"
"S007",0.360876093889962,-0.208075146080682,"AIForg_precleft","Beauty"
"S008",0.221430841167519,0.196341114384094,"ForgOri_precleft","Beauty"
"S008",0.265438253839177,0.00086326174496687,"AIOri_precleft","Beauty"
"S008",0.294626581343416,-0.138667965967794,"AIForg_precleft","Beauty"
"S009",0.283732563295531,0.0818915059895268,"ForgOri_precleft","Beauty"
"S009",0.147255511902083,0.0689030126338735,"AIOri_precleft","Beauty"
"S009",0.279461810964529,-0.0600097631692651,"AIForg_precleft","Beauty"
"S010",0.37748655286256,0.490690245723326,"ForgOri_precleft","Beauty"
"S010",0.27106111841038,0.0379686848920531,"AIOri_precleft","Beauty"
"S010",0.422543922000715,-0.497174391979607,"AIForg_precleft","Beauty"
"S011",0.2451453476164,0.257564845347498,"ForgOri_precleft","Beauty"
"S011",0.214194983269751,0.215312245355302,"AIOri_precleft","Beauty"
"S011",0.26340430125971,-0.0282232076957121,"AIForg_precleft","Beauty"
"S012",0.330657732203553,0.268443735893335,"ForgOri_precleft","Beauty"
"S012",0.284580425288603,-0.0632252022454485,"AIOri_precleft","Beauty"
"S012",0.397576004891695,-0.344334957737011,"AIForg_precleft","Beauty"
"S013",0.286767856273155,0.309911875871104,"ForgOri_precleft","Beauty"
"S013",0.240350555079814,-0.231261310300414,"AIOri_precleft","Beauty"
"S013",0.370580480640347,-0.58822672375689,"AIForg_precleft","Beauty"
"S014",0.333960787850832,0.207641160968005,"ForgOri_precleft","Beauty"
"S014",0.177568874421115,-0.251329210323823,"AIOri_precleft","Beauty"
"S014",0.424025067426623,-0.483455524970268,"AIForg_precleft","Beauty"
"S015",0.28550403006208,0.264699651825658,"ForgOri_precleft","Beauty"
"S015",0.230042535119499,0.0343903670339626,"AIOri_precleft","Beauty"
"S015",0.318436020669357,-0.242806741015234,"AIForg_precleft","Beauty"
"S016",0.288245292548441,0.335566005826441,"ForgOri_precleft","Beauty"
"S016",0.259530437974744,0.00924754948423101,"AIOri_precleft","Beauty"
"S016",0.358495381950905,-0.291688146593615,"AIForg_precleft","Beauty"
"S017",0.229519440137098,0.35767978940086,"ForgOri_precleft","Beauty"
"S017",0.230471442743447,-0.0287815984865416,"AIOri_precleft","Beauty"
"S017",0.458377740065569,-0.363126116477298,"AIForg_precleft","Beauty"
"S018",0.350286863913694,0.457650977114411,"ForgOri_precleft","Beauty"
"S018",0.288530644834338,0.133641697222666,"AIOri_precleft","Beauty"
"S018",0.362856348747098,-0.365373838628469,"AIForg_precleft","Beauty"
"S019",0.299876523812376,0.201473240120208,"ForgOri_precleft","Beauty"
"S019",0.245320434846052,-0.0779367005080243,"AIOri_precleft","Beauty"
"S019",0.408594296147369,-0.340840679639355,"AIForg_precleft","Beauty"
"S020",0.325129621804812,0.0838276878694719,"ForgOri_precleft","Beauty"
"S020",0.297698420802309,0.00586624510449063,"AIOri_precleft","Beauty"
"S020",0.303458515273894,-0.113831778390344,"AIForg_precleft","Beauty"
"S021",0.398089611524569,0.235612584774956,"ForgOri_precleft","Beauty"
"S021",0.255402796371183,-0.167397360354744,"AIOri_precleft","Beauty"
"S021",0.462980159642767,-0.370224857990333,"AIForg_precleft","Beauty"
"S022",0.329156228572294,0.203707596168663,"ForgOri_precleft","Beauty"
"S022",0.285853159286905,-0.00157002034252596,"AIOri_precleft","Beauty"
"S022",0.460632451685672,-0.270238771299741,"AIForg_precleft","Beauty"
"S023",0.282293712104746,0.248800593809705,"ForgOri_precleft","Beauty"
"S023",0.332320397672383,0.0658603472443386,"AIOri_precleft","Beauty"
"S023",0.444638869383232,-0.195912036966299,"AIForg_precleft","Beauty"
"S024",0.311361884923487,0.298665885353006,"ForgOri_precleft","Beauty"
"S024",0.300156155449464,0.13877816555103,"AIOri_precleft","Beauty"
"S024",0.456088847311849,-0.134480813487098,"AIForg_precleft","Beauty"
"S025",0.308648905401021,0.166519868158967,"ForgOri_precleft","Beauty"
"S025",0.26187491526722,-0.224954403778109,"AIOri_precleft","Beauty"
"S025",0.414922570712324,-0.40169413440638,"AIForg_precleft","Beauty"
"S026",0.284078223295113,0.305834762044561,"ForgOri_precleft","Beauty"
"S026",0.256799341776119,-0.176431172245078,"AIOri_precleft","Beauty"
"S026",0.398040178254166,-0.550742096047526,"AIForg_precleft","Beauty"
"S027",0.334400073292655,0.241667507382678,"ForgOri_precleft","Beauty"
"S027",0.216662316518618,-0.00317552332833948,"AIOri_precleft","Beauty"
"S027",0.342393051341269,-0.27553545492726,"AIForg_precleft","Beauty"
"S028",0.326341513586199,0.291320974543435,"ForgOri_precleft","Beauty"
"S028",0.320204138177972,-0.262470391820024,"AIOri_precleft","Beauty"
"S028",0.355866854147606,-0.528952719297975,"AIForg_precleft","Beauty"
"S029",0.314252323424032,0.444347003240469,"ForgOri_precleft","Beauty"
"S029",0.296567617281518,-0.0175234020145458,"AIOri_precleft","Beauty"
"S029",0.399659379280365,-0.486307589297174,"AIForg_precleft","Beauty"
"S030",0.30731669584129,0.0855137984858674,"ForgOri_precleft","Beauty"
"S030",0.297338115021023,-0.240143593579171,"AIOri_precleft","Beauty"
"S030",0.408660245916934,-0.356847656370136,"AIForg_precleft","Beauty"
"S031",0.20072904296595,0.0888995093355571,"ForgOri_precleft","Beauty"
"S031",0.168049349525962,-0.00935821156420591,"AIOri_precleft","Beauty"
"S031",0.27027610263689,-0.0829459870017303,"AIForg_precleft","Beauty"
"S032",0.27098698387477,0.0868638499479282,"ForgOri_precleft","Beauty"
"S032",0.313378496833281,0.00305452214783108,"AIOri_precleft","Beauty"
"S032",0.374258730522153,-0.00483590873857653,"AIForg_precleft","Beauty"
"S033",0.330528738850702,0.384365775488232,"ForgOri_precleft","Beauty"
"S033",0.234945060913652,-0.148353167411319,"AIOri_precleft","Beauty"
"S033",0.326781712080216,-0.490185743470362,"AIForg_precleft","Beauty"
"S035",0.306336496990768,0.0464785417769396,"ForgOri_precleft","Beauty"
"S035",0.25605930079964,0.0841321014409502,"AIOri_precleft","Beauty"
"S035",0.384616506339428,-0.00182711730355445,"AIForg_precleft","Beauty"
"S036",0.240531125028957,0.203783134672078,"ForgOri_precleft","Beauty"
"S036",0.233724354808156,-0.0108490049551822,"AIOri_precleft","Beauty"
"S036",0.324640239262921,-0.150478103727032,"AIForg_precleft","Beauty"
"S038",0.281030147636013,0.270891045528165,"ForgOri_precleft","Beauty"
"S038",0.236776629761299,-0.193603052213945,"AIOri_precleft","Beauty"
"S038",0.352853257447194,-0.489972508833266,"AIForg_precleft","Beauty"
"S039",0.262663260631451,0.214616267640337,"ForgOri_precleft","Beauty"
"S039",0.196576669809547,-0.180927358645089,"AIOri_precleft","Beauty"
"S039",0.367126881941495,-0.407476433151662,"AIForg_precleft","Beauty"
"S040",0.294593377100712,0.399099095703235,"ForgOri_precleft","Beauty"
"S040",0.349336735090554,-0.0601408332930355,"AIOri_precleft","Beauty"
"S040",0.36010494996083,-0.342927461848541,"AIForg_precleft","Beauty"
"S041",0.278204337838422,0.304888105670825,"ForgOri_precleft","Beauty"
"S041",0.2634301554797,-0.140852230733775,"AIOri_precleft","Beauty"
"S041",0.348262921695077,-0.442765287761075,"AIForg_precleft","Beauty"
"S042",0.290382235417094,0.310160686116165,"ForgOri_precleft","Beauty"
"S042",0.195300681243822,-0.0339361769378211,"AIOri_precleft","Beauty"
"S042",0.315335288740292,-0.349114788102317,"AIForg_precleft","Beauty"
"S043",0.31052595171112,0.121017221661098,"ForgOri_precleft","Beauty"
"S043",0.278171260543368,-0.170827899743238,"AIOri_precleft","Beauty"
"S043",0.395574867561006,-0.324610148636524,"AIForg_precleft","Beauty"
"S044",0.34250493468383,0.35014878889542,"ForgOri_precleft","Beauty"
"S044",0.264979627880714,-0.153093802812687,"AIOri_precleft","Beauty"
"S044",0.470383183557911,-0.373159273687871,"AIForg_precleft","Beauty"
"S045",0.247839983500629,0.174465161691139,"ForgOri_precleft","Beauty"
"S045",0.207280358889033,-0.0944955408443138,"AIOri_precleft","Beauty"
"S045",0.345339838740602,-0.287234225515752,"AIForg_precleft","Beauty"
"S046",0.308502685966197,0.173571622407825,"ForgOri_precleft","Beauty"
"S046",0.222246387402453,0.074064265334213,"AIOri_precleft","Beauty"
"S046",0.354507294242737,-0.133803636922003,"AIForg_precleft","Beauty"
"S047",0.305260534463925,0.0394120931287406,"ForgOri_precleft","Beauty"
"S047",0.223073814642189,-0.108293961418923,"AIOri_precleft","Beauty"
"S047",0.25801882485497,-0.152928676341837,"AIForg_precleft","Beauty"
"S048",0.288366634079476,0.271757341308511,"ForgOri_precleft","Beauty"
"S048",0.218901830908899,0.165511886518799,"AIOri_precleft","Beauty"
"S048",0.317710451009899,-0.0730622595150598,"AIForg_precleft","Beauty"
"S050",0.381107552203516,0.232698368293975,"ForgOri_precleft","Beauty"
"S050",0.30334520918658,-0.164277005971575,"AIOri_precleft","Beauty"
"S050",0.398777933137246,-0.394450117147425,"AIForg_precleft","Beauty"
"S051",0.305346870796615,0.308973788494081,"ForgOri_precleft","Beauty"
"S051",0.29177292487148,0.091254533296117,"AIOri_precleft","Beauty"
"S051",0.341199691574151,-0.225330797486982,"AIForg_precleft","Beauty"
"S052",0.231358347038006,0.294343696374531,"ForgOri_precleft","Beauty"
"S052",0.225826987488932,-0.022292383387299,"AIOri_precleft","Beauty"
"S052",0.294829509847217,-0.2841662016874,"AIForg_precleft","Beauty"
"S055",0.271947709180816,0.067000657780667,"ForgOri_precleft","Beauty"
"S055",0.254609905433505,-0.159811270585941,"AIOri_precleft","Beauty"
"S055",0.37637373082617,-0.258416617177133,"AIForg_precleft","Beauty"
"S056",0.021002091437681,0.503389156481967,"Baseline_resp","Beauty"
"S057",0.0148020022349903,0.532796217246744,"Baseline_resp","Beauty"
"S058",0.0208217691159652,0.647883684223486,"Baseline_resp","Beauty"
"S059",0.0309154099734302,0.565178750757559,"Baseline_resp","Beauty"
"S060",0.0195502903554069,0.65984178434639,"Baseline_resp","Beauty"
"S061",0.0350279977350829,0.571229870399638,"Baseline_resp","Beauty"
"S062",0.0323519152744267,0.526976509253927,"Baseline_resp","Beauty"
"S064",0.0198257909780611,0.473600839869269,"Baseline_resp","Beauty"
"S065",0.0217543099268159,0.789845066672525,"Baseline_resp","Beauty"
"S066",0.0234497612561824,0.503227187043788,"Baseline_resp","Beauty"
"S068",0.0235527951755617,0.538513456006251,"Baseline_resp","Beauty"
"S069",0.0209236482807458,0.442518462093562,"Baseline_resp","Beauty"
"S070",0.03929272790402,0.476353459104537,"Baseline_resp","Beauty"
"S071",0.0227520313326451,0.48580347788829,"Baseline_resp","Beauty"
"S072",0.0254439908085057,0.540330729053111,"Baseline_resp","Beauty"
"S073",0.0190677672020974,0.452970763386478,"Baseline_resp","Beauty"
"S074",0.0372585472578172,0.477418000998346,"Baseline_resp","Beauty"
"S075",0.0265956177843363,0.527097748400067,"Baseline_resp","Beauty"
"S076",0.031933238435504,0.620656964367521,"Baseline_resp","Beauty"
"S077",0.0306276071842007,0.374136067678981,"Baseline_resp","Beauty"
"S078",0.0222246780733526,0.53861765446647,"Baseline_resp","Beauty"
"S079",0.0265169169572288,0.530222580669281,"Baseline_resp","Beauty"
"S080",0.0326678110822873,0.348214009802012,"Baseline_resp","Beauty"
"S081",0.0136716426369115,0.576465706935278,"Baseline_resp","Beauty"
"S082",0.0431976686327868,0.58500061255673,"Baseline_resp","Beauty"
"S083",0.0296044923681553,0.553772981224892,"Baseline_resp","Beauty"
"S084",0.0421413150684451,0.740319869058177,"Baseline_resp","Beauty"
"S085",0.0345708148780166,0.47133703767584,"Baseline_resp","Beauty"
"S086",0.017195497990938,0.577370873319764,"Baseline_resp","Beauty"
"S087",0.0241895155182878,0.573725064312248,"Baseline_resp","Beauty"
"S088",0.0210118259078003,0.412951732040104,"Baseline_resp","Beauty"
"S089",0.0172984235137764,0.61015853495789,"Baseline_resp","Beauty"
"S090",0.0183240064321616,0.547714477961116,"Baseline_resp","Beauty"
"S091",0.0252299727558421,0.690550078415219,"Baseline_resp","Beauty"
"S092",0.0130351323355869,0.568023022297049,"Baseline_resp","Beauty"
"S094",0.0249775936138432,0.544818875555029,"Baseline_resp","Beauty"
"S095",0.0276502589379871,0.537374772647189,"Baseline_resp","Beauty"
"S096",0.0164115226407952,0.565926762844237,"Baseline_resp","Beauty"
"S097",0.0231335894390432,0.598497179653736,"Baseline_resp","Beauty"
"S098",0.0281134611666431,0.804690435138014,"Baseline_resp","Beauty"
"S099",0.034268644784164,0.492874251898836,"Baseline_resp","Beauty"
"S100",0.035482467966351,0.392066482370017,"Baseline_resp","Beauty"
"S101",0.0235220430229271,0.541211010446095,"Baseline_resp","Beauty"
"S102",0.0309308755007343,0.565615693274522,"Baseline_resp","Beauty"
"S103",0.023141544981637,0.541090014495811,"Baseline_resp","Beauty"
"S104",0.0135954364037528,0.478524981352745,"Baseline_resp","Beauty"
"S105",0.0196704928868322,0.704050754510239,"Baseline_resp","Beauty"
"S106",0.0210895920535662,0.538977176155228,"Baseline_resp","Beauty"
"S107",0.0136799288336098,0.41887315438928,"Baseline_resp","Beauty"
"S108",0.0225415186495331,0.577444821524126,"Baseline_resp","Beauty"
"S056",0.0146951129665127,-0.0150467124797706,"ForgOri_resp","Beauty"
"S056",0.0215349453825374,-0.0652124077494095,"AIOri_resp","Beauty"
"S056",0.0215951651252428,-0.0483504367590996,"AIForg_resp","Beauty"
"S057",0.0137350151137861,-0.0525572597601612,"ForgOri_resp","Beauty"
"S057",0.0217156021585973,-0.0765836533133,"AIOri_resp","Beauty"
"S057",0.025281975494352,-0.0214212749487646,"AIForg_resp","Beauty"
"S058",0.0103151441998704,-0.0137736740530332,"ForgOri_resp","Beauty"
"S058",0.023794200533808,-0.062651557471898,"AIOri_resp","Beauty"
"S058",0.0220524383776797,-0.0492464668887668,"AIForg_resp","Beauty"
"S059",0.0188649683482587,-0.0380788752624988,"ForgOri_resp","Beauty"
"S059",0.0437570262637068,-0.120104075187568,"AIOri_resp","Beauty"
"S059",0.0328376607364948,-0.0792181091352532,"AIForg_resp","Beauty"
"S060",0.0151416300578133,-0.0395631498761496,"ForgOri_resp","Beauty"
"S060",0.0148612431316698,-0.0546143079507132,"AIOri_resp","Beauty"
"S060",0.0195581774264895,-0.0175919280329918,"AIForg_resp","Beauty"
"S061",0.0205922791259275,0.0470973487110253,"ForgOri_resp","Beauty"
"S061",0.0266393603897494,-0.0252781422354021,"AIOri_resp","Beauty"
"S061",0.0332143930997346,-0.0778944263632977,"AIForg_resp","Beauty"
"S062",0.0264320047977807,-0.0949199552684008,"ForgOri_resp","Beauty"
"S062",0.034623115792387,-0.160421896396313,"AIOri_resp","Beauty"
"S062",0.0375049910449268,-0.0631178336718792,"AIForg_resp","Beauty"
"S064",0.019155845767967,-0.0808182602167781,"ForgOri_resp","Beauty"
"S064",0.0333233242319407,-0.062148108353423,"AIOri_resp","Beauty"
"S064",0.0327080792667529,0.0151437794411635,"AIForg_resp","Beauty"
"S065",0.0241080143039105,-0.0349539919181516,"ForgOri_resp","Beauty"
"S065",0.0238272223585144,-0.0505927651755309,"AIOri_resp","Beauty"
"S065",0.0275595182852539,-0.0155215267712683,"AIForg_resp","Beauty"
"S066",0.0167103008187338,0.0101435163742907,"ForgOri_resp","Beauty"
"S066",0.0263343793653106,0.0358827059506948,"AIOri_resp","Beauty"
"S066",0.0238856133686097,0.0242399540202206,"AIForg_resp","Beauty"
"S068",0.014918877782172,-0.00998015996417345,"ForgOri_resp","Beauty"
"S068",0.023079864515865,0.000961354780114831,"AIOri_resp","Beauty"
"S068",0.0228609520803024,0.0104049668611492,"AIForg_resp","Beauty"
"S069",0.0159925984733784,-0.055020125052692,"ForgOri_resp","Beauty"
"S069",0.0327205301094769,-0.0330506411715856,"AIOri_resp","Beauty"
"S069",0.0234343280366808,0.0216733679414356,"AIForg_resp","Beauty"
"S070",0.0307473516918358,0.037836206648757,"ForgOri_resp","Beauty"
"S070",0.0444236430960877,0.000980695853077834,"AIOri_resp","Beauty"
"S070",0.0345947313620161,-0.0403945946544252,"AIForg_resp","Beauty"
"S071",0.0176875071577661,-0.0182260998356929,"ForgOri_resp","Beauty"
"S071",0.0291462433668387,-0.108331295187206,"AIOri_resp","Beauty"
"S071",0.0276250238656179,-0.0962514035192122,"AIForg_resp","Beauty"
"S072",0.0160139439189,-0.00981932886090237,"ForgOri_resp","Beauty"
"S072",0.0276382814185108,-0.0572964743161809,"AIOri_resp","Beauty"
"S072",0.0356160692173692,-0.0496540810890038,"AIForg_resp","Beauty"
"S073",0.0170699254860149,-0.0329993984614028,"ForgOri_resp","Beauty"
"S073",0.0292168011357846,-0.0705193065251454,"AIOri_resp","Beauty"
"S073",0.028336061465905,-0.0356490573596877,"AIForg_resp","Beauty"
"S074",0.0195145404437698,-0.000630121574817954,"ForgOri_resp","Beauty"
"S074",0.0300012673841971,-0.0941412185827334,"AIOri_resp","Beauty"
"S074",0.0336043689305092,-0.0977247648993165,"AIForg_resp","Beauty"
"S075",0.0183599836686662,0.029447747005599,"ForgOri_resp","Beauty"
"S075",0.0324182688281661,-0.0996428094818889,"AIOri_resp","Beauty"
"S075",0.0375167962962524,-0.129630680880005,"AIForg_resp","Beauty"
"S076",0.0261405751208015,-0.0568499630076645,"ForgOri_resp","Beauty"
"S076",0.0286450262174915,-0.0288126260359979,"AIOri_resp","Beauty"
"S076",0.0338275602866933,0.0260074422945267,"AIForg_resp","Beauty"
"S077",0.0264915220805831,0.0119326735467496,"ForgOri_resp","Beauty"
"S077",0.0244698938901463,0.0150044341397824,"AIOri_resp","Beauty"
"S077",0.0258545993211795,0.000318261441174,"AIForg_resp","Beauty"
"S078",0.021454298371549,-0.120897292233319,"ForgOri_resp","Beauty"
"S078",0.0354767082651764,-0.156270078870033,"AIOri_resp","Beauty"
"S078",0.0343485998052244,-0.0304966090301328,"AIForg_resp","Beauty"
"S079",0.0253795137245656,-0.117561276342998,"ForgOri_resp","Beauty"
"S079",0.034685625875329,-0.044848919102753,"AIOri_resp","Beauty"
"S079",0.0459109333324282,0.0783153893117835,"AIForg_resp","Beauty"
"S080",0.0258079204663242,-0.0339814727689904,"ForgOri_resp","Beauty"
"S080",0.0323495348267075,-0.0996412735487295,"AIOri_resp","Beauty"
"S080",0.0408834219788998,-0.0645870617494163,"AIForg_resp","Beauty"
"S081",0.0118048953001552,-0.0291510625225593,"ForgOri_resp","Beauty"
"S081",0.0192093309462594,-0.065479695520182,"AIOri_resp","Beauty"
"S081",0.0227063782519482,-0.0337875679151999,"AIForg_resp","Beauty"
"S082",0.0300682576166431,0.0313391399542718,"ForgOri_resp","Beauty"
"S082",0.0419556435710425,-0.0761210172839312,"AIOri_resp","Beauty"
"S082",0.0445941236424606,-0.108942129369108,"AIForg_resp","Beauty"
"S083",0.0169595880698675,-0.0424252713783208,"ForgOri_resp","Beauty"
"S083",0.0263734562724168,-0.0824925858729224,"AIOri_resp","Beauty"
"S083",0.0337998221113741,-0.0414149399089631,"AIForg_resp","Beauty"
"S084",0.0289348224977529,-0.0385520254316653,"ForgOri_resp","Beauty"
"S084",0.0457223169159387,-0.094554273662683,"AIOri_resp","Beauty"
"S084",0.0453691075711756,-0.058029049605008,"AIForg_resp","Beauty"
"S085",0.0219157777399623,-0.0184697018004111,"ForgOri_resp","Beauty"
"S085",0.0340283752100762,-0.00361031156957967,"AIOri_resp","Beauty"
"S085",0.0310430969803589,0.00893426040642442,"AIForg_resp","Beauty"
"S086",0.0137627128302197,-0.00509814855098034,"ForgOri_resp","Beauty"
"S086",0.0256987505500782,-0.0544262063070762,"AIOri_resp","Beauty"
"S086",0.0220864170544001,-0.0498565771992469,"AIForg_resp","Beauty"
"S087",0.0211429040322138,-0.0637719592958916,"ForgOri_resp","Beauty"
"S087",0.0184968621643586,-0.0495374403403289,"AIOri_resp","Beauty"
"S087",0.0239653236530673,0.0108158159004852,"AIForg_resp","Beauty"
"S088",0.0146222451703645,-0.032933533227957,"ForgOri_resp","Beauty"
"S088",0.0170714161710325,-0.0181812067810377,"AIOri_resp","Beauty"
"S088",0.0159647651857579,0.0137038608406521,"AIForg_resp","Beauty"
"S089",0.011976358443511,-0.0336408632101161,"ForgOri_resp","Beauty"
"S089",0.0142339639283614,-0.0417843844182048,"AIOri_resp","Beauty"
"S089",0.0177225395268121,-0.00672346941368923,"AIForg_resp","Beauty"
"S090",0.0216481005567321,-0.0460598398983256,"ForgOri_resp","Beauty"
"S090",0.030365941589925,-0.130454473263909,"AIOri_resp","Beauty"
"S090",0.0246397196186711,-0.0786621777811849,"AIForg_resp","Beauty"
"S091",0.0229904597022769,-0.0171484472857642,"ForgOri_resp","Beauty"
"S091",0.0418874618057302,-0.18223425586976,"AIOri_resp","Beauty"
"S091",0.0395599375542407,-0.169483470582984,"AIForg_resp","Beauty"
"S092",0.0126064684318396,-0.0547733170640532,"ForgOri_resp","Beauty"
"S092",0.0148288458062997,-0.123423437909531,"AIOri_resp","Beauty"
"S092",0.0181347986156398,-0.0699054378122737,"AIForg_resp","Beauty"
"S094",0.017255746639632,-0.0777414706056272,"ForgOri_resp","Beauty"
"S094",0.0225201174993303,-0.0272166789745647,"AIOri_resp","Beauty"
"S094",0.0292364212011888,0.0520422370350815,"AIForg_resp","Beauty"
"S095",0.0209415840352241,-0.0430562717926918,"ForgOri_resp","Beauty"
"S095",0.0270422448514182,-0.0991335316120888,"AIOri_resp","Beauty"
"S095",0.031062091793459,-0.05083592988804,"AIForg_resp","Beauty"
"S096",0.0114444867340909,-0.05519937601803,"ForgOri_resp","Beauty"
"S096",0.024241627675258,-0.0653205822970092,"AIOri_resp","Beauty"
"S096",0.025125912714098,-0.00716218368577706,"AIForg_resp","Beauty"
"S097",0.019901299731599,-0.0706632861143411,"ForgOri_resp","Beauty"
"S097",0.0254429345344335,-0.112957814565245,"AIOri_resp","Beauty"
"S097",0.0260156034494799,-0.047633300345523,"AIForg_resp","Beauty"
"S098",0.0217224879134762,-0.0492382127737784,"ForgOri_resp","Beauty"
"S098",0.0272328626472276,-0.0785214768909593,"AIOri_resp","Beauty"
"S098",0.030902882805086,-0.022009288024077,"AIForg_resp","Beauty"
"S099",0.022838697379936,-0.114278757134704,"ForgOri_resp","Beauty"
"S099",0.0335609119789429,-0.0850635105286988,"AIOri_resp","Beauty"
"S099",0.0323279296802848,0.0258226893331744,"AIForg_resp","Beauty"
"S100",0.0262536084536966,-0.0359600748096733,"ForgOri_resp","Beauty"
"S100",0.0304029520665308,-0.122682104579042,"AIOri_resp","Beauty"
"S100",0.0314762435251174,-0.0911315060605232,"AIForg_resp","Beauty"
"S101",0.0282793616465243,0.0042148482681354,"ForgOri_resp","Beauty"
"S101",0.0238051943990791,0.0425202219873086,"AIOri_resp","Beauty"
"S101",0.02558468946827,0.0377531014753901,"AIForg_resp","Beauty"
"S102",0.0207685367551303,-0.0753978230147822,"ForgOri_resp","Beauty"
"S102",0.0319554664155647,-0.0942400388119828,"AIOri_resp","Beauty"
"S102",0.0371087387747323,-0.0213536677157328,"AIForg_resp","Beauty"
"S103",0.025979948046483,-0.0258046705855635,"ForgOri_resp","Beauty"
"S103",0.0255921453495839,-0.154401053458781,"AIOri_resp","Beauty"
"S103",0.0256075963318911,-0.12845646737625,"AIForg_resp","Beauty"
"S104",0.0117481408890827,-0.0225561295271095,"ForgOri_resp","Beauty"
"S104",0.0171589244940154,-0.0672725558928216,"AIOri_resp","Beauty"
"S104",0.019504989050242,-0.0430872502561743,"AIForg_resp","Beauty"
"S105",0.0194258608760089,-0.0495106838983735,"ForgOri_resp","Beauty"
"S105",0.0244426344929073,-0.0746588867170349,"AIOri_resp","Beauty"
"S105",0.0254986692190852,-0.0234485352085051,"AIForg_resp","Beauty"
"S106",0.0169666010007693,0.00883332962947642,"ForgOri_resp","Beauty"
"S106",0.0219013765010755,-0.0368708078671966,"AIOri_resp","Beauty"
"S106",0.0238187336921846,-0.0455467104284253,"AIForg_resp","Beauty"
"S107",0.0176788780814495,0.00649934125972179,"ForgOri_resp","Beauty"
"S107",0.0182133188421124,0.0366107917993917,"AIOri_resp","Beauty"
"S107",0.0195846808381259,0.0310629365221848,"AIForg_resp","Beauty"
"S108",0.0287486532893758,-0.12818783021063,"ForgOri_resp","Beauty"
"S108",0.0427029402143826,-0.16257176565371,"AIOri_resp","Beauty"
"S108",0.0335916817908392,-0.0405259303456528,"AIForg_resp","Beauty"
"S056",0.0618407955103281,0.57656823612549,"Baseline_mu","Beauty"
"S057",0.0570152994760013,0.711858812427064,"Baseline_mu","Beauty"
"S058",0.030788205340672,0.951777346123939,"Baseline_mu","Beauty"
"S059",0.0542728451889492,0.703401189549889,"Baseline_mu","Beauty"
"S060",0.0349960331324627,0.919071794174041,"Baseline_mu","Beauty"
"S061",0.062923133876662,0.665531632323239,"Baseline_mu","Beauty"
"S062",0.0683531325717298,0.628640378763499,"Baseline_mu","Beauty"
"S064",0.0500226064776467,0.522013015217533,"Baseline_mu","Beauty"
"S065",0.0200279812641135,0.969222855683302,"Baseline_mu","Beauty"
"S066",0.0596439008182328,0.511301717224584,"Baseline_mu","Beauty"
"S068",0.06270803931091,0.587803433977615,"Baseline_mu","Beauty"
"S069",0.0571896466284955,0.356780055199818,"Baseline_mu","Beauty"
"S070",0.0790704908184953,0.537276726191797,"Baseline_mu","Beauty"
"S071",0.0476498960800535,0.550426193924489,"Baseline_mu","Beauty"
"S072",0.0596815280637531,0.66672366665766,"Baseline_mu","Beauty"
"S073",0.0787660314484855,0.496792421830981,"Baseline_mu","Beauty"
"S074",0.0974307664868256,0.629911636416731,"Baseline_mu","Beauty"
"S075",0.0538866046414745,0.602912159283705,"Baseline_mu","Beauty"
"S076",0.0635080706809677,0.723909139899858,"Baseline_mu","Beauty"
"S077",0.0682717016896975,0.268593288351121,"Baseline_mu","Beauty"
"S078",0.0657822894234226,0.63423303265908,"Baseline_mu","Beauty"
"S079",0.0540834256578886,0.694219918458511,"Baseline_mu","Beauty"
"S080",0.0469512200773327,0.361347102514135,"Baseline_mu","Beauty"
"S081",0.056223491437971,0.807882123327924,"Baseline_mu","Beauty"
"S082",0.0757596184686147,0.68065155219004,"Baseline_mu","Beauty"
"S083",0.0641819470372344,0.699777499896146,"Baseline_mu","Beauty"
"S084",0.0457055866791663,0.837302904781369,"Baseline_mu","Beauty"
"S085",0.0683567523017857,0.4102870542203,"Baseline_mu","Beauty"
"S086",0.0494328263442331,0.736142498402255,"Baseline_mu","Beauty"
"S087",0.0801666053736595,0.808531068712671,"Baseline_mu","Beauty"
"S088",0.0599260221327827,0.275900272607111,"Baseline_mu","Beauty"
"S089",0.0466845914524421,0.888641134592686,"Baseline_mu","Beauty"
"S090",0.0595266649844094,0.731619044917139,"Baseline_mu","Beauty"
"S091",0.0566718585163144,0.859931863333015,"Baseline_mu","Beauty"
"S092",0.0359891126363282,0.807042055875091,"Baseline_mu","Beauty"
"S094",0.0747111163812792,0.63078460208053,"Baseline_mu","Beauty"
"S095",0.0672998108148289,0.695728272256496,"Baseline_mu","Beauty"
"S096",0.0595492234043467,0.722485862612503,"Baseline_mu","Beauty"
"S097",0.0517203238151989,0.724903364725951,"Baseline_mu","Beauty"
"S098",0.0206790127978164,0.954087072904058,"Baseline_mu","Beauty"
"S099",0.0549292273588397,0.477565145536141,"Baseline_mu","Beauty"
"S100",0.0610373740439633,0.418290269869624,"Baseline_mu","Beauty"
"S101",0.0577422827785029,0.591727107206347,"Baseline_mu","Beauty"
"S102",0.0616818604781614,0.664987485371225,"Baseline_mu","Beauty"
"S103",0.071225821647274,0.62962989404908,"Baseline_mu","Beauty"
"S104",0.0707435419286233,0.538889669833584,"Baseline_mu","Beauty"
"S105",0.0421358240241486,0.883925709859702,"Baseline_mu","Beauty"
"S106",0.0494060431883018,0.617303622759385,"Baseline_mu","Beauty"
"S107",0.0605279729348485,0.372250603199664,"Baseline_mu","Beauty"
"S108",0.0694250051391834,0.808524787597101,"Baseline_mu","Beauty"
"S056",0.0612700436700021,-0.0246819124697427,"ForgOri_mu","Beauty"
"S056",0.100228028406047,-0.204215696234652,"AIOri_mu","Beauty"
"S056",0.100193812863415,-0.186302631998942,"AIForg_mu","Beauty"
"S057",0.0388472582533695,-0.119727924044681,"ForgOri_mu","Beauty"
"S057",0.0743624174417306,-0.190651634263108,"AIOri_mu","Beauty"
"S057",0.0662798261217649,-0.0737106724779407,"AIForg_mu","Beauty"
"S058",0.0102355659151569,-0.00320004359544485,"ForgOri_mu","Beauty"
"S058",0.0524776772399623,-0.0676282802261798,"AIOri_mu","Beauty"
"S058",0.0552698244657795,-0.0626584534982897,"AIForg_mu","Beauty"
"S059",0.0470481464314547,-0.065084757229133,"ForgOri_mu","Beauty"
"S059",0.0829824624861566,-0.236048397748254,"AIOri_mu","Beauty"
"S059",0.0894331157714594,-0.170582881519667,"AIForg_mu","Beauty"
"S060",0.0347621029993335,-0.0552194795766355,"ForgOri_mu","Beauty"
"S060",0.0764672139333524,-0.0608335010666388,"AIOri_mu","Beauty"
"S060",0.0710021056210402,-0.0163790365329719,"AIForg_mu","Beauty"
"S061",0.046582821918799,0.0992744145688015,"ForgOri_mu","Beauty"
"S061",0.0837150690413582,-0.0139631071477789,"AIOri_mu","Beauty"
"S061",0.0692325230324485,-0.114898730217179,"AIForg_mu","Beauty"
"S062",0.0478506479031358,-0.165942978532928,"ForgOri_mu","Beauty"
"S062",0.0746684959118238,-0.283495759160241,"AIOri_mu","Beauty"
"S062",0.0706072716165987,-0.115276719871878,"AIForg_mu","Beauty"
"S064",0.0438277270734234,-0.188723011813094,"ForgOri_mu","Beauty"
"S064",0.0853588314527956,-0.118521064452436,"AIOri_mu","Beauty"
"S064",0.0797502759913727,0.071167495090546,"AIForg_mu","Beauty"
"S065",0.0221742087840667,-0.0317964025431439,"ForgOri_mu","Beauty"
"S065",0.0357257571579026,-0.0265973181981957,"AIOri_mu","Beauty"
"S065",0.0348146373395209,0.00110594467597847,"AIForg_mu","Beauty"
"S066",0.0439458807747485,0.0374951479012445,"ForgOri_mu","Beauty"
"S066",0.08324641862907,0.100515000524475,"AIOri_mu","Beauty"
"S066",0.0739824411441261,0.0608149240841332,"AIForg_mu","Beauty"
"S068",0.0449507873422754,-0.0358901338860179,"ForgOri_mu","Beauty"
"S068",0.0812157050323924,0.00265785902284998,"AIOri_mu","Beauty"
"S068",0.0916219826432233,0.0366538489086487,"AIForg_mu","Beauty"
"S069",0.0698050824612174,-0.141078131796102,"ForgOri_mu","Beauty"
"S069",0.100972799140973,-0.0139790103692547,"AIOri_mu","Beauty"
"S069",0.114033853591842,0.122801771794491,"AIForg_mu","Beauty"
"S070",0.0712625298468016,0.0866485271376181,"ForgOri_mu","Beauty"
"S070",0.100070480823396,-0.00112532523726011,"AIOri_mu","Beauty"
"S070",0.103761758694709,-0.0945508737408789,"AIForg_mu","Beauty"
"S071",0.0403406335854311,-0.00999436502245743,"ForgOri_mu","Beauty"
"S071",0.0711566872490581,-0.182407700890272,"AIOri_mu","Beauty"
"S071",0.0896017240548825,-0.181561379074725,"AIForg_mu","Beauty"
"S072",0.0455267402225466,-0.00143784863610663,"ForgOri_mu","Beauty"
"S072",0.0796838855355339,-0.116007880736075,"AIOri_mu","Beauty"
"S072",0.0810404714302683,-0.115682150781167,"AIForg_mu","Beauty"
"S073",0.0542865612480422,-0.059620054134273,"ForgOri_mu","Beauty"
"S073",0.0812660365222367,-0.245713359810821,"AIOri_mu","Beauty"
"S073",0.0899497724706007,-0.186239442450518,"AIForg_mu","Beauty"
"S074",0.06735882103748,0.0256387350494611,"ForgOri_mu","Beauty"
"S074",0.070169724997893,-0.16563684523487,"AIOri_mu","Beauty"
"S074",0.0938173320318936,-0.19545745520337,"AIForg_mu","Beauty"
"S075",0.0464465904051225,0.0764743067314103,"ForgOri_mu","Beauty"
"S075",0.0762759171580772,-0.183826845966401,"AIOri_mu","Beauty"
"S075",0.0754941270744309,-0.269043165227265,"AIForg_mu","Beauty"
"S076",0.0430302969656384,-0.0696590668330261,"ForgOri_mu","Beauty"
"S076",0.0565917825929156,-0.00800901569175477,"AIOri_mu","Beauty"
"S076",0.0588972478382796,0.0628124064244656,"AIForg_mu","Beauty"
"S077",0.0552855638266455,0.0473307700503495,"ForgOri_mu","Beauty"
"S077",0.0701123875578615,0.0906504308437667,"AIOri_mu","Beauty"
"S077",0.0746702131431298,0.0340966192062842,"AIForg_mu","Beauty"
"S078",0.0532860259774417,-0.240549480195354,"ForgOri_mu","Beauty"
"S078",0.0827848538964479,-0.296816292240895,"AIOri_mu","Beauty"
"S078",0.0847437628397814,-0.0435880805127029,"AIForg_mu","Beauty"
"S079",0.0681987324554923,-0.201721047363313,"ForgOri_mu","Beauty"
"S079",0.0925828266410748,-0.0420357435854802,"AIOri_mu","Beauty"
"S079",0.0896709737724624,0.150982093114357,"AIForg_mu","Beauty"
"S080",0.0471896191285394,-0.0355706375064621,"ForgOri_mu","Beauty"
"S080",0.0632722311898878,-0.132517192165244,"AIOri_mu","Beauty"
"S080",0.0633191949233323,-0.0925116893476071,"AIForg_mu","Beauty"
"S081",0.0465565350241558,-0.0838760965159698,"ForgOri_mu","Beauty"
"S081",0.0790046843915264,-0.196787305473145,"AIOri_mu","Beauty"
"S081",0.091954948591194,-0.0998815708803832,"AIForg_mu","Beauty"
"S082",0.0465748760076993,0.0823427330659197,"ForgOri_mu","Beauty"
"S082",0.105980298007281,-0.0882461353471065,"AIOri_mu","Beauty"
"S082",0.0906279790031494,-0.165978203834717,"AIForg_mu","Beauty"
"S083",0.0523411918473905,-0.0578863699833598,"ForgOri_mu","Beauty"
"S083",0.0960985879418384,-0.155288225885676,"AIOri_mu","Beauty"
"S083",0.0975275005782782,-0.092873208362845,"AIForg_mu","Beauty"
"S084",0.036969808152028,-0.0437399429036308,"ForgOri_mu","Beauty"
"S084",0.0581414123603052,-0.136606496306841,"AIOri_mu","Beauty"
"S084",0.0626943595296317,-0.0907157356545731,"AIForg_mu","Beauty"
"S085",0.050565593669164,-0.0194962165361174,"ForgOri_mu","Beauty"
"S085",0.0882157606044829,0.0256616210134356,"AIOri_mu","Beauty"
"S085",0.0723358556596416,0.0562305291147387,"AIForg_mu","Beauty"
"S086",0.0273759148692911,0.0270148812767455,"ForgOri_mu","Beauty"
"S086",0.0763579614411204,-0.133295777124163,"AIOri_mu","Beauty"
"S086",0.0845592876923289,-0.166667595711242,"AIForg_mu","Beauty"
"S087",0.0606930742383991,-0.194512800751011,"ForgOri_mu","Beauty"
"S087",0.0909723712650864,-0.12730798078989,"AIOri_mu","Beauty"
"S087",0.0970329861597969,0.0647495349385797,"AIForg_mu","Beauty"
"S088",0.0411059150134336,-0.0517423086668716,"ForgOri_mu","Beauty"
"S088",0.0649168065966962,-0.0643283131440999,"AIOri_mu","Beauty"
"S088",0.0590909693504652,-0.0086102473138575,"AIForg_mu","Beauty"
"S089",0.0400773864015565,-0.0650289493523747,"ForgOri_mu","Beauty"
"S089",0.0611559113762686,-0.110148984551764,"AIOri_mu","Beauty"
"S089",0.0687821757450602,-0.0466060757491746,"AIForg_mu","Beauty"
"S090",0.0536413452783132,-0.069365571328367,"ForgOri_mu","Beauty"
"S090",0.0767538638546063,-0.253011971820709,"AIOri_mu","Beauty"
"S090",0.0922292056844238,-0.197110886742438,"AIForg_mu","Beauty"
"S091",0.0463568996540656,-0.0106180256933314,"ForgOri_mu","Beauty"
"S091",0.0795513975297542,-0.283305077320249,"AIOri_mu","Beauty"
"S091",0.0792081843148833,-0.270839948312134,"AIForg_mu","Beauty"
"S092",0.0433287880554256,-0.162582640663855,"ForgOri_mu","Beauty"
"S092",0.0584277776652912,-0.455250684223193,"AIOri_mu","Beauty"
"S092",0.0763483933970314,-0.293234716631081,"AIForg_mu","Beauty"
"S094",0.0589452729007273,-0.167565108774782,"ForgOri_mu","Beauty"
"S094",0.0798001089069084,-0.00642838123863221,"AIOri_mu","Beauty"
"S094",0.0920011964687299,0.174782187750466,"AIForg_mu","Beauty"
"S095",0.0547645658735199,-0.110006505661502,"ForgOri_mu","Beauty"
"S095",0.076215541661462,-0.275394570433028,"AIOri_mu","Beauty"
"S095",0.0803063834154738,-0.140137521297858,"AIForg_mu","Beauty"
"S096",0.046122782052555,-0.149432100947502,"ForgOri_mu","Beauty"
"S096",0.101562937645492,-0.136644240081536,"AIOri_mu","Beauty"
"S096",0.0865661252199322,0.00339794659579684,"AIForg_mu","Beauty"
"S097",0.0597288580290964,-0.0950113281932916,"ForgOri_mu","Beauty"
"S097",0.0787298929887574,-0.242631304970671,"AIOri_mu","Beauty"
"S097",0.0841161923887228,-0.147520034621946,"AIForg_mu","Beauty"
"S098",0.0225741414196943,-0.0309230047610918,"ForgOri_mu","Beauty"
"S098",0.0521503861745348,-0.0778653265517433,"AIOri_mu","Beauty"
"S098",0.0534043684399213,-0.0468065097462615,"AIForg_mu","Beauty"
"S099",0.0508603297654023,-0.167588070402847,"ForgOri_mu","Beauty"
"S099",0.0696310974197858,-0.121962737478809,"AIOri_mu","Beauty"
"S099",0.0702812837164936,0.0490866815271758,"AIForg_mu","Beauty"
"S100",0.044515802381154,-0.00103872728046642,"ForgOri_mu","Beauty"
"S100",0.0673797716721196,-0.202957358749808,"AIOri_mu","Beauty"
"S100",0.0616809266172388,-0.201641005466793,"AIForg_mu","Beauty"
"S101",0.069648457231358,0.0714198936644834,"ForgOri_mu","Beauty"
"S101",0.0751220774619491,0.193053080888086,"AIOri_mu","Beauty"
"S101",0.0866997473786549,0.114908938793292,"AIForg_mu","Beauty"
"S102",0.0426675517182973,-0.109958080644245,"ForgOri_mu","Beauty"
"S102",0.0715329757418387,-0.155093425304512,"AIOri_mu","Beauty"
"S102",0.0790089617643193,-0.0495315816460558,"AIForg_mu","Beauty"
"S103",0.0581027490125487,-0.0222367048510717,"ForgOri_mu","Beauty"
"S103",0.0661734955439608,-0.359987217452738,"AIOri_mu","Beauty"
"S103",0.0594242813081502,-0.339380708418207,"AIForg_mu","Beauty"
"S104",0.0473584289417853,-0.0946126246798593,"ForgOri_mu","Beauty"
"S104",0.0837316119137753,-0.30614598732943,"AIOri_mu","Beauty"
"S104",0.0928888211310018,-0.20990125117749,"AIForg_mu","Beauty"
"S105",0.0480411986567017,-0.074025791481969,"ForgOri_mu","Beauty"
"S105",0.0648135331700227,-0.101567065139352,"AIOri_mu","Beauty"
"S105",0.0596655452489903,-0.0274242603985104,"AIForg_mu","Beauty"
"S106",0.0454580512999904,0.07827847714149,"ForgOri_mu","Beauty"
"S106",0.067261788526853,-0.0890036724115327,"AIOri_mu","Beauty"
"S106",0.070631562190546,-0.162463960826149,"AIForg_mu","Beauty"
"S107",0.0405570190964629,0.0674561208343776,"ForgOri_mu","Beauty"
"S107",0.0880330412602384,0.124172798746012,"AIOri_mu","Beauty"
"S107",0.0762889841503547,0.0657030597054099,"AIForg_mu","Beauty"
"S108",0.0546447981193902,-0.201983972689505,"ForgOri_mu","Beauty"
"S108",0.0815799566263212,-0.264114360523974,"AIOri_mu","Beauty"
"S108",0.100033719202054,-0.0702028150215556,"AIForg_mu","Beauty"
"S056",0.0379845101861684,0.263213838545798,"Baseline_confright","Beauty"
"S057",0.0221049982816755,0.218918377275218,"Baseline_confright","Beauty"
"S058",0.039141979285706,0.399179965647266,"Baseline_confright","Beauty"
"S059",0.0387348240530942,0.417773974934834,"Baseline_confright","Beauty"
"S060",0.0350782499953621,0.508155079557923,"Baseline_confright","Beauty"
"S061",0.0469428212251028,0.493487372014231,"Baseline_confright","Beauty"
"S062",0.035476583247838,0.380776047893924,"Baseline_confright","Beauty"
"S064",0.0471557197465501,0.268583274322399,"Baseline_confright","Beauty"
"S065",0.0283432399340728,0.6049552057018,"Baseline_confright","Beauty"
"S066",0.0328329943411632,0.252967065378052,"Baseline_confright","Beauty"
"S068",0.0289999662430653,0.381485960754637,"Baseline_confright","Beauty"
"S069",0.0490871714013504,0.297669984892393,"Baseline_confright","Beauty"
"S070",0.0381981192767449,0.359482247486554,"Baseline_confright","Beauty"
"S071",0.0270926730975245,0.353655019479739,"Baseline_confright","Beauty"
"S072",0.0355281330330815,0.334819601361006,"Baseline_confright","Beauty"
"S073",0.0307122180867673,0.161458046484741,"Baseline_confright","Beauty"
"S074",0.0220669018552789,0.224538928395177,"Baseline_confright","Beauty"
"S075",0.0371258187905061,0.347181728424413,"Baseline_confright","Beauty"
"S076",0.0399773992338321,0.510432910843442,"Baseline_confright","Beauty"
"S077",0.0450220324453623,0.231836097022284,"Baseline_confright","Beauty"
"S078",0.0417406290493579,0.431012397855757,"Baseline_confright","Beauty"
"S079",0.0305013473605906,0.333258868701815,"Baseline_confright","Beauty"
"S080",0.0535577237917634,0.328296119525549,"Baseline_confright","Beauty"
"S081",0.0377903070656257,0.349209960961436,"Baseline_confright","Beauty"
"S082",0.0345759579733398,0.511300897118129,"Baseline_confright","Beauty"
"S083",0.0352854470258954,0.434816824398614,"Baseline_confright","Beauty"
"S084",0.0382999798986734,0.667252665849942,"Baseline_confright","Beauty"
"S085",0.0407674477267093,0.395004218027236,"Baseline_confright","Beauty"
"S086",0.0299463157030639,0.3513262761121,"Baseline_confright","Beauty"
"S087",0.0319610882983986,0.331794609687718,"Baseline_confright","Beauty"
"S088",0.0342050247875951,0.17993523479099,"Baseline_confright","Beauty"
"S089",0.0239401910655009,0.276008204183308,"Baseline_confright","Beauty"
"S090",0.0251075692692565,0.269659595741113,"Baseline_confright","Beauty"
"S091",0.0444756013626811,0.575662172489866,"Baseline_confright","Beauty"
"S092",0.0184387188348665,0.226520703778873,"Baseline_confright","Beauty"
"S094",0.0270076232659884,0.343516384827729,"Baseline_confright","Beauty"
"S095",0.0290771921775924,0.247893033111204,"Baseline_confright","Beauty"
"S096",0.0314341262687981,0.261903525920827,"Baseline_confright","Beauty"
"S097",0.0281924775349673,0.390703325573591,"Baseline_confright","Beauty"
"S098",0.0523431962857175,0.55879237633285,"Baseline_confright","Beauty"
"S099",0.0519187514295078,0.445279261026251,"Baseline_confright","Beauty"
"S100",0.0430964219429174,0.295151323614233,"Baseline_confright","Beauty"
"S101",0.0402365328891676,0.363582557454381,"Baseline_confright","Beauty"
"S102",0.0361191664864493,0.469839707705942,"Baseline_confright","Beauty"
"S103",0.0194870920633504,0.313076232449106,"Baseline_confright","Beauty"
"S104",0.0244489815632477,0.164791024216999,"Baseline_confright","Beauty"
"S105",0.0372514012496906,0.520504776503472,"Baseline_confright","Beauty"
"S106",0.0347556099996209,0.291571847484081,"Baseline_confright","Beauty"
"S107",0.024879727932049,0.139433571155622,"Baseline_confright","Beauty"
"S108",0.0283939504697313,0.318203796942134,"Baseline_confright","Beauty"
"S056",0.0156489277331545,-0.0300787062402883,"ForgOri_confright","Beauty"
"S056",0.0226511881335995,-0.057047777467874,"AIOri_confright","Beauty"
"S056",0.0192018219394112,-0.0293618113795604,"AIForg_confright","Beauty"
"S057",0.0157641494476127,-0.0481915157497239,"ForgOri_confright","Beauty"
"S057",0.0215357246315738,-0.0431750029140654,"AIOri_confright","Beauty"
"S057",0.0173056186692646,0.00532689278835545,"AIForg_confright","Beauty"
"S058",0.0244687528699299,-0.0346829798626692,"ForgOri_confright","Beauty"
"S058",0.0326083925651216,-0.0875388457093683,"AIOri_confright","Beauty"
"S058",0.0237869237057215,-0.0522869018143819,"AIForg_confright","Beauty"
"S059",0.0200498146173039,-0.0435390690063779,"ForgOri_confright","Beauty"
"S059",0.0276382862624587,-0.0824570204793638,"AIOri_confright","Beauty"
"S059",0.027684981752453,-0.03664778241524,"AIForg_confright","Beauty"
"S060",0.0339924814810117,-0.0719588163522328,"ForgOri_confright","Beauty"
"S060",0.0407599579347179,-0.10564062159068,"AIOri_confright","Beauty"
"S060",0.0406600273088597,-0.0265082769362494,"AIForg_confright","Beauty"
"S061",0.0237142868199141,-0.0126750878308351,"ForgOri_confright","Beauty"
"S061",0.0330541637928499,-0.0516095168062669,"AIOri_confright","Beauty"
"S061",0.0381984483137245,-0.0418932640457118,"AIForg_confright","Beauty"
"S062",0.0228231059583954,-0.057508651034769,"ForgOri_confright","Beauty"
"S062",0.0304189236546062,-0.107385799400081,"AIOri_confright","Beauty"
"S062",0.0270061594246402,-0.0521125039414006,"AIForg_confright","Beauty"
"S064",0.015592043339021,-0.070610567795117,"ForgOri_confright","Beauty"
"S064",0.0211750032876724,-0.0474706143305197,"AIOri_confright","Beauty"
"S064",0.019909722924158,0.0247373137869274,"AIForg_confright","Beauty"
"S065",0.0273003862689338,-0.02270852823036,"ForgOri_confright","Beauty"
"S065",0.0303518429165636,-0.0595371885719637,"AIOri_confright","Beauty"
"S065",0.0373943909610667,-0.0408683120212566,"AIForg_confright","Beauty"
"S066",0.0184190541959564,-0.0331763631376152,"ForgOri_confright","Beauty"
"S066",0.0198438279304171,0.00604053146494891,"AIOri_confright","Beauty"
"S066",0.0219969972125925,0.0403251511238081,"AIForg_confright","Beauty"
"S068",0.0282670001567514,-0.0335859997945583,"ForgOri_confright","Beauty"
"S068",0.0294924068055182,-0.0250633753999217,"AIOri_confright","Beauty"
"S068",0.0366802508461596,0.00926710350968496,"AIForg_confright","Beauty"
"S069",0.0220449740201353,-0.0627358255681298,"ForgOri_confright","Beauty"
"S069",0.025070678656033,-0.0663318950623447,"AIOri_confright","Beauty"
"S069",0.0205831051805272,-0.0056810874729154,"AIForg_confright","Beauty"
"S070",0.0268412083013585,-0.0198897488589485,"ForgOri_confright","Beauty"
"S070",0.0351620314660037,-0.0365373407424224,"AIOri_confright","Beauty"
"S070",0.0199346426842425,-0.0182710282636472,"AIForg_confright","Beauty"
"S071",0.0233702360242295,-0.0533188472698334,"ForgOri_confright","Beauty"
"S071",0.0293941351131276,-0.100585251330264,"AIOri_confright","Beauty"
"S071",0.0262851113478856,-0.0471875814465978,"AIForg_confright","Beauty"
"S072",0.0182119470929342,-0.0319334273939617,"ForgOri_confright","Beauty"
"S072",0.0281847835612945,-0.0661451490003771,"AIOri_confright","Beauty"
"S072",0.0236528510557847,-0.0285444402624018,"AIForg_confright","Beauty"
"S073",0.012871969174581,-0.0183110271596124,"ForgOri_confright","Beauty"
"S073",0.0210722092938886,-0.0122475339132465,"AIOri_confright","Beauty"
"S073",0.0169087331255546,0.00149861970021488,"AIForg_confright","Beauty"
"S074",0.0197037188856853,-0.0108331844024167,"ForgOri_confright","Beauty"
"S074",0.0183562429201625,-0.0452193889125067,"AIOri_confright","Beauty"
"S074",0.0168557459829705,-0.0324684439510152,"AIForg_confright","Beauty"
"S075",0.0274386624749343,-0.0115550257507407,"ForgOri_confright","Beauty"
"S075",0.0284344679561487,-0.0626156696152229,"AIOri_confright","Beauty"
"S075",0.0333668582348686,-0.0520224246030359,"AIForg_confright","Beauty"
"S076",0.0325343722339033,-0.0559894555979462,"ForgOri_confright","Beauty"
"S076",0.031612288118204,-0.0971743083386164,"AIOri_confright","Beauty"
"S076",0.0360233732675928,-0.0407523633398821,"AIForg_confright","Beauty"
"S077",0.0206775654814316,-0.0082104219415824,"ForgOri_confright","Beauty"
"S077",0.0286011753837939,-0.0205671614653989,"AIOri_confright","Beauty"
"S077",0.020520373631199,-0.0127773395223367,"AIForg_confright","Beauty"
"S078",0.0351460592287121,-0.0812808470844671,"ForgOri_confright","Beauty"
"S078",0.0358239534654442,-0.118329639067043,"AIOri_confright","Beauty"
"S078",0.0328891848978461,-0.0356017999903897,"AIForg_confright","Beauty"
"S079",0.0314320392287987,-0.0581159792434737,"ForgOri_confright","Beauty"
"S079",0.0355046389062493,-0.0780703846557998,"AIOri_confright","Beauty"
"S079",0.0357186660258034,-0.0113080654264869,"AIForg_confright","Beauty"
"S080",0.0355867375098061,-0.0424674841819033,"ForgOri_confright","Beauty"
"S080",0.0279391507693101,-0.0616368716623512,"AIOri_confright","Beauty"
"S080",0.0259060461422516,-0.0197024729780677,"AIForg_confright","Beauty"
"S081",0.0301836883638235,-0.0531418379785565,"ForgOri_confright","Beauty"
"S081",0.0169255473695487,-0.0684746668315784,"AIOri_confright","Beauty"
"S081",0.0303762830775882,-0.014095443795726,"AIForg_confright","Beauty"
"S082",0.0257646465259031,-0.0245429966710391,"ForgOri_confright","Beauty"
"S082",0.0281261773850474,-0.0799104384161252,"AIOri_confright","Beauty"
"S082",0.0304086311958931,-0.0571328014813101,"AIForg_confright","Beauty"
"S083",0.0226757600632569,-0.0610514033820603,"ForgOri_confright","Beauty"
"S083",0.0347419667236111,-0.102515771660427,"AIOri_confright","Beauty"
"S083",0.0373418718176821,-0.0409733316111727,"AIForg_confright","Beauty"
"S084",0.0244465829935543,-0.0226334454980223,"ForgOri_confright","Beauty"
"S084",0.0272378878769327,-0.0587434004010052,"AIOri_confright","Beauty"
"S084",0.0299121428335088,-0.0383144398180903,"AIForg_confright","Beauty"
"S085",0.0285591431974105,-0.0153882450300417,"ForgOri_confright","Beauty"
"S085",0.0276242047141719,-0.039290988908308,"AIOri_confright","Beauty"
"S085",0.0316205292723986,-0.0221666967499049,"AIForg_confright","Beauty"
"S086",0.0241462713891294,-0.0379111896888855,"ForgOri_confright","Beauty"
"S086",0.0233998823198187,-0.0505776608174689,"AIOri_confright","Beauty"
"S086",0.0302585968541409,-0.0185463809278204,"AIForg_confright","Beauty"
"S087",0.0214261716888517,-0.0416267776280962,"ForgOri_confright","Beauty"
"S087",0.0242534448035338,-0.0570655195062902,"AIOri_confright","Beauty"
"S087",0.0274595751695058,-0.0128794459934256,"AIForg_confright","Beauty"
"S088",0.0179637372847571,-0.0373825273484165,"ForgOri_confright","Beauty"
"S088",0.0225122664522308,-0.0376879058519222,"AIOri_confright","Beauty"
"S088",0.0198470455543974,0.00263907443873904,"AIForg_confright","Beauty"
"S089",0.0233914280688951,-0.0491465752452956,"ForgOri_confright","Beauty"
"S089",0.0211348667307311,-0.0478346257395627,"AIOri_confright","Beauty"
"S089",0.024470201310108,0.0054493858775036,"AIForg_confright","Beauty"
"S090",0.0193113045107694,-0.0670843146579631,"ForgOri_confright","Beauty"
"S090",0.0233374067699754,-0.0790938818316246,"AIOri_confright","Beauty"
"S090",0.0236439617137834,-0.0123190963976606,"AIForg_confright","Beauty"
"S091",0.0339713664663437,-0.026463430994466,"ForgOri_confright","Beauty"
"S091",0.0346564934765308,-0.0716497809136045,"AIOri_confright","Beauty"
"S091",0.0371729418956076,-0.0385890743312466,"AIForg_confright","Beauty"
"S092",0.0158422104912886,-0.0657931616803809,"ForgOri_confright","Beauty"
"S092",0.0186934916640293,-0.0858281588854335,"AIOri_confright","Beauty"
"S092",0.0155299502640272,-0.0200834571321655,"AIForg_confright","Beauty"
"S094",0.0221107186283201,-0.0602049469770116,"ForgOri_confright","Beauty"
"S094",0.0260070512682492,-0.0697620665487996,"AIOri_confright","Beauty"
"S094",0.0248900483328413,-0.00737740138583115,"AIForg_confright","Beauty"
"S095",0.0203941299268406,-0.0120664847832717,"ForgOri_confright","Beauty"
"S095",0.0222801527671789,-0.0622286132012604,"AIOri_confright","Beauty"
"S095",0.0239693794614502,-0.0468842425785236,"AIForg_confright","Beauty"
"S096",0.0150185832093813,-0.0548047481162011,"ForgOri_confright","Beauty"
"S096",0.0189098463885172,-0.0783845981103652,"AIOri_confright","Beauty"
"S096",0.0171746333304553,-0.0206720123471636,"AIForg_confright","Beauty"
"S097",0.0276103439475372,-0.111935723018604,"ForgOri_confright","Beauty"
"S097",0.021945036394275,-0.101067797151779,"AIOri_confright","Beauty"
"S097",0.0258265298790741,0.0088761882853953,"AIForg_confright","Beauty"
"S098",0.0266249797994436,-0.0777595153073889,"ForgOri_confright","Beauty"
"S098",0.0320858412256045,-0.092158102716286,"AIOri_confright","Beauty"
"S098",0.0386325954883268,-0.0105243961309146,"AIForg_confright","Beauty"
"S099",0.024737297720934,-0.0765291288458959,"ForgOri_confright","Beauty"
"S099",0.0349482898871845,-0.0660438824456602,"AIOri_confright","Beauty"
"S099",0.0277739321614673,0.00936402151425017,"AIForg_confright","Beauty"
"S100",0.0235531838142233,-0.0365590509058008,"ForgOri_confright","Beauty"
"S100",0.0244701581711476,-0.0705991180284568,"AIOri_confright","Beauty"
"S100",0.0264475634905294,-0.0338109108289549,"AIForg_confright","Beauty"
"S101",0.0331301113118401,-0.0457128328728142,"ForgOri_confright","Beauty"
"S101",0.0360052612003249,-0.0471448051204653,"AIOri_confright","Beauty"
"S101",0.0258762004395369,-0.00120877739777481,"AIForg_confright","Beauty"
"S102",0.024486751310673,-0.0482991693534954,"ForgOri_confright","Beauty"
"S102",0.022803423407531,-0.0783036052144356,"AIOri_confright","Beauty"
"S102",0.0271345987206612,-0.0320168574620901,"AIForg_confright","Beauty"
"S103",0.0189720744354513,-0.0215033555258123,"ForgOri_confright","Beauty"
"S103",0.0285826681411919,-0.0550649083164355,"AIOri_confright","Beauty"
"S103",0.0368231165941356,-0.0348558020766989,"AIForg_confright","Beauty"
"S104",0.0137872542365743,-0.0341999816273492,"ForgOri_confright","Beauty"
"S104",0.0145689622264622,-0.0387693154751162,"AIOri_confright","Beauty"
"S104",0.0145566417459395,-0.00165843589008205,"AIForg_confright","Beauty"
"S105",0.0263577960969671,-0.0441314300744734,"ForgOri_confright","Beauty"
"S105",0.0327030224935317,-0.0743588621676567,"AIOri_confright","Beauty"
"S105",0.0307027103474027,-0.0251138507405386,"AIForg_confright","Beauty"
"S106",0.0216083121642719,-0.0389762707427704,"ForgOri_confright","Beauty"
"S106",0.0188297846543772,-0.0224502935403749,"AIOri_confright","Beauty"
"S106",0.0231886602227044,0.0228540404262466,"AIForg_confright","Beauty"
"S107",0.0117461710777499,-0.0172451179079271,"ForgOri_confright","Beauty"
"S107",0.014148159708364,-0.0120866501985513,"AIOri_confright","Beauty"
"S107",0.0121016553850508,0.00654727652269638,"AIForg_confright","Beauty"
"S108",0.0236774910521134,-0.080152285330285,"ForgOri_confright","Beauty"
"S108",0.0262980535130255,-0.0842563387256297,"AIOri_confright","Beauty"
"S108",0.0223830291102942,-0.00186590086182176,"AIForg_confright","Beauty"
"S056",0.0434040691905387,0.297201504527654,"Baseline_confleft","Beauty"
"S057",0.0330855440478637,0.289351030314004,"Baseline_confleft","Beauty"
"S058",0.103736840720287,0.487060873477592,"Baseline_confleft","Beauty"
"S059",0.0468298101612773,0.405829969931276,"Baseline_confleft","Beauty"
"S060",0.0620378071522715,0.243721247568496,"Baseline_confleft","Beauty"
"S061",0.0565234941163644,0.454405082679723,"Baseline_confleft","Beauty"
"S062",0.0407855758593885,0.456566269905092,"Baseline_confleft","Beauty"
"S064",0.0478616482404324,0.3843205478791,"Baseline_confleft","Beauty"
"S065",0.138781288182766,0.422880454436852,"Baseline_confleft","Beauty"
"S066",0.0294646480069911,0.255848872998838,"Baseline_confleft","Beauty"
"S068",0.0444366827596028,0.248325576294536,"Baseline_confleft","Beauty"
"S069",0.037264233217829,0.389302375630808,"Baseline_confleft","Beauty"
"S070",0.0431648856131807,0.498937850363158,"Baseline_confleft","Beauty"
"S071",0.0464327218982569,0.486823003422731,"Baseline_confleft","Beauty"
"S072",0.0436414799270766,0.370951857018375,"Baseline_confleft","Beauty"
"S073",0.0657740979474169,0.384879068558134,"Baseline_confleft","Beauty"
"S074",0.0514243327532265,0.506992479669804,"Baseline_confleft","Beauty"
"S075",0.0545894221117902,0.388056857570463,"Baseline_confleft","Beauty"
"S076",0.0638326007944307,0.43755610049165,"Baseline_confleft","Beauty"
"S077",0.0306996021710795,0.41000306045117,"Baseline_confleft","Beauty"
"S078",0.0519941981001563,0.507393872582491,"Baseline_confleft","Beauty"
"S079",0.0713905585006718,0.533113796054408,"Baseline_confleft","Beauty"
"S080",0.0472824728200627,0.624226341365232,"Baseline_confleft","Beauty"
"S081",0.0493890335438776,0.282495707678604,"Baseline_confleft","Beauty"
"S082",0.0579739078251107,0.542520916287366,"Baseline_confleft","Beauty"
"S083",0.0747942032800607,0.495739802380219,"Baseline_confleft","Beauty"
"S084",0.0823292372115105,0.434049745642861,"Baseline_confleft","Beauty"
"S085",0.0510582967315532,0.387471662782854,"Baseline_confleft","Beauty"
"S086",0.0512194804343648,0.286777440754404,"Baseline_confleft","Beauty"
"S087",0.040881687967386,0.310255358333255,"Baseline_confleft","Beauty"
"S088",0.0342813327791419,0.32650076796671,"Baseline_confleft","Beauty"
"S089",0.0451270670309445,0.196419643748538,"Baseline_confleft","Beauty"
"S090",0.052848988823185,0.360824935739053,"Baseline_confleft","Beauty"
"S091",0.0832644103582807,0.449481194633458,"Baseline_confleft","Beauty"
"S092",0.0350424131422963,0.166961269133906,"Baseline_confleft","Beauty"
"S094",0.0340565438141805,0.311840172013958,"Baseline_confleft","Beauty"
"S095",0.0465517287564803,0.250152461127072,"Baseline_confleft","Beauty"
"S096",0.0302704672513795,0.202703125639174,"Baseline_confleft","Beauty"
"S097",0.0443696492014274,0.266888362874329,"Baseline_confleft","Beauty"
"S098",0.0750755812362016,0.270006284586775,"Baseline_confleft","Beauty"
"S099",0.0272852269119142,0.392782781401733,"Baseline_confleft","Beauty"
"S100",0.0439515133836715,0.562531050452784,"Baseline_confleft","Beauty"
"S101",0.038219919466051,0.336691282144127,"Baseline_confleft","Beauty"
"S102",0.0665278542841038,0.44518002992446,"Baseline_confleft","Beauty"
"S103",0.0332428958169863,0.286053194125412,"Baseline_confleft","Beauty"
"S104",0.0275089712293405,0.292641218103812,"Baseline_confleft","Beauty"
"S105",0.0684904966363156,0.306188046058382,"Baseline_confleft","Beauty"
"S106",0.0527151052199849,0.269959030176568,"Baseline_confleft","Beauty"
"S107",0.0438530688033734,0.323917466324312,"Baseline_confleft","Beauty"
"S108",0.0737140846701891,0.576210804924213,"Baseline_confleft","Beauty"
"S056",0.0272371391558738,0.024565189487165,"ForgOri_confleft","Beauty"
"S056",0.0362833141764604,0.0698186203325105,"AIOri_confleft","Beauty"
"S056",0.0410181528791542,0.041051757917683,"AIForg_confleft","Beauty"
"S057",0.0264979164296904,0.0388293621823795,"ForgOri_confleft","Beauty"
"S057",0.0307309411769753,0.0799259470149139,"AIOri_confleft","Beauty"
"S057",0.0372645963931172,0.0404181836199586,"AIForg_confleft","Beauty"
"S058",0.0296056832304171,-0.000556885814638197,"ForgOri_confleft","Beauty"
"S058",0.0374683073113261,0.0431825542546119,"AIOri_confleft","Beauty"
"S058",0.0393139840695364,0.0428665471678591,"AIForg_confleft","Beauty"
"S059",0.0275034676589307,0.0316850551507434,"ForgOri_confleft","Beauty"
"S059",0.0310201092106079,0.0760557673103667,"AIOri_confleft","Beauty"
"S059",0.0392651172597144,0.0471617749288721,"AIForg_confleft","Beauty"
"S060",0.0309283393032918,0.0252731872295104,"ForgOri_confleft","Beauty"
"S060",0.0275506121293838,0.0324685158495316,"AIOri_confleft","Beauty"
"S060",0.0326778730940055,0.00923878346156086,"AIForg_confleft","Beauty"
"S061",0.0265826000586594,-0.0202204280163219,"ForgOri_confleft","Beauty"
"S061",0.0367832969418722,0.0332566366166373,"AIOri_confleft","Beauty"
"S061",0.0392432699615475,0.0554606901869285,"AIForg_confleft","Beauty"
"S062",0.0300312605579129,0.0338824653575128,"ForgOri_confleft","Beauty"
"S062",0.0361395783506941,0.0235368658058174,"AIOri_confleft","Beauty"
"S062",0.0386556274733771,-0.00986011167268905,"AIForg_confleft","Beauty"
"S064",0.0295470704048317,0.0340967388013871,"ForgOri_confleft","Beauty"
"S064",0.0309238752464655,0.0571274630682132,"AIOri_confleft","Beauty"
"S064",0.0311188900699601,0.0161370563413642,"AIForg_confleft","Beauty"
"S065",0.0305063176054009,0.0152519849313651,"ForgOri_confleft","Beauty"
"S065",0.0340901473743057,0.0429048015021929,"AIOri_confleft","Beauty"
"S065",0.0319246674130946,0.0265613979056414,"AIForg_confleft","Beauty"
"S066",0.018518817127745,0.00344926134646381,"ForgOri_confleft","Beauty"
"S066",0.0233068186111108,0.00843214353316513,"AIOri_confleft","Beauty"
"S066",0.0285961931311205,-0.000689268588233233,"AIForg_confleft","Beauty"
"S068",0.0289013865398688,-0.00194157183032803,"ForgOri_confleft","Beauty"
"S068",0.0206272546229179,-0.0052231527642754,"AIOri_confleft","Beauty"
"S068",0.0383329830611066,-0.0020226299432279,"AIForg_confleft","Beauty"
"S069",0.0231315128734037,0.0419407095306688,"ForgOri_confleft","Beauty"
"S069",0.0396511959605235,0.0518724123444753,"AIOri_confleft","Beauty"
"S069",0.0419280747487306,0.00758183046307923,"AIForg_confleft","Beauty"
"S070",0.0343890283840666,-0.0406234563052967,"ForgOri_confleft","Beauty"
"S070",0.0356501565647529,-0.0282487916732247,"AIOri_confleft","Beauty"
"S070",0.0324070242969257,0.00308184707186465,"AIForg_confleft","Beauty"
"S071",0.0324225614209512,0.0100111711872632,"ForgOri_confleft","Beauty"
"S071",0.0338806501544606,0.0823480698624961,"AIOri_confleft","Beauty"
"S071",0.0436798090262312,0.0698779887357607,"AIForg_confleft","Beauty"
"S072",0.0232245025382193,-0.00285866044978841,"ForgOri_confleft","Beauty"
"S072",0.0310264502923254,0.0332613860542951,"AIOri_confleft","Beauty"
"S072",0.0416874569652638,0.0339344214304777,"AIForg_confleft","Beauty"
"S073",0.0314636977532708,0.0552694670515166,"ForgOri_confleft","Beauty"
"S073",0.0360231106204657,0.0802005040381305,"AIOri_confleft","Beauty"
"S073",0.0445744852245249,0.0194136725091466,"AIForg_confleft","Beauty"
"S074",0.0340693513164608,0.00534882622134811,"ForgOri_confleft","Beauty"
"S074",0.025389671703596,0.0472684480547632,"AIOri_confleft","Beauty"
"S074",0.0414367889071388,0.0401876867142882,"AIForg_confleft","Beauty"
"S075",0.0205551163561386,0.0124738984446902,"ForgOri_confleft","Beauty"
"S075",0.0262427789056337,0.0729523676531611,"AIOri_confleft","Beauty"
"S075",0.037815832414364,0.0597304228693048,"AIForg_confleft","Beauty"
"S076",0.0374384035516183,0.0487139210890103,"ForgOri_confleft","Beauty"
"S076",0.0297304407431239,0.0105838951172574,"AIOri_confleft","Beauty"
"S076",0.0407989637654514,-0.0339376729734686,"AIForg_confleft","Beauty"
"S077",0.036613539812691,0.0276467113538127,"ForgOri_confleft","Beauty"
"S077",0.0339413784888986,0.0489012162819633,"AIOri_confleft","Beauty"
"S077",0.041513565630767,0.0258095621743259,"AIForg_confleft","Beauty"
"S078",0.0398449933388091,0.074056076705954,"ForgOri_confleft","Beauty"
"S078",0.0390104630506422,0.12194515676123,"AIOri_confleft","Beauty"
"S078",0.0435836587505864,0.0478642979800957,"AIForg_confleft","Beauty"
"S079",0.0370593264585305,0.078076298416802,"ForgOri_confleft","Beauty"
"S079",0.035031434965661,0.048368655002805,"AIOri_confleft","Beauty"
"S079",0.0586829015610552,-0.0393832869681006,"AIForg_confleft","Beauty"
"S080",0.0303314620908438,0.0401864756423208,"ForgOri_confleft","Beauty"
"S080",0.0347901811861236,0.0708742140908973,"AIOri_confleft","Beauty"
"S080",0.0378196595942277,0.0361465504608599,"AIForg_confleft","Beauty"
"S081",0.0340496097112804,0.0151645712304457,"ForgOri_confleft","Beauty"
"S081",0.026825895684419,0.05102250183579,"AIOri_confleft","Beauty"
"S081",0.0405760354244798,0.0346478931845817,"AIForg_confleft","Beauty"
"S082",0.0314292829987484,-0.00488484469277939,"ForgOri_confleft","Beauty"
"S082",0.0295931025643601,0.0158757953272333,"AIOri_confleft","Beauty"
"S082",0.0408315525681823,0.0246056955974271,"AIForg_confleft","Beauty"
"S083",0.0339464130281946,0.0623933187421868,"ForgOri_confleft","Beauty"
"S083",0.0235119639783612,0.0784449446504413,"AIOri_confleft","Beauty"
"S083",0.0396650233596233,0.0116479104715536,"AIForg_confleft","Beauty"
"S084",0.0293736640429893,0.0289372244285522,"ForgOri_confleft","Beauty"
"S084",0.0328455508381678,0.0429531267049214,"AIOri_confleft","Beauty"
"S084",0.0407356191712165,0.0149946314778363,"AIForg_confleft","Beauty"
"S085",0.0418575617164975,0.0415441080941448,"ForgOri_confleft","Beauty"
"S085",0.0339246354599585,0.016518880505675,"AIOri_confleft","Beauty"
"S085",0.03719393805216,-0.0266261185968647,"AIForg_confleft","Beauty"
"S086",0.0230770362257418,0.00453592011826236,"ForgOri_confleft","Beauty"
"S086",0.035917104327477,0.0215451213353447,"AIOri_confleft","Beauty"
"S086",0.0301072436748708,0.015169574314945,"AIForg_confleft","Beauty"
"S087",0.026582261608084,0.0458386988566097,"ForgOri_confleft","Beauty"
"S087",0.0242652901032378,0.0537236248660954,"AIOri_confleft","Beauty"
"S087",0.0311292605422688,0.0112773613185914,"AIForg_confleft","Beauty"
"S088",0.0266280271477894,0.0400960461231911,"ForgOri_confleft","Beauty"
"S088",0.0246584285154744,0.0136545852151211,"AIOri_confleft","Beauty"
"S088",0.035034325584049,-0.0308524296896355,"AIForg_confleft","Beauty"
"S089",0.028072491019001,0.0151687219917196,"ForgOri_confleft","Beauty"
"S089",0.0216078533960349,0.0172148226808706,"AIOri_confleft","Beauty"
"S089",0.0304837586996343,0.00477108540981099,"AIForg_confleft","Beauty"
"S090",0.0237778868859397,0.00880029734557103,"ForgOri_confleft","Beauty"
"S090",0.0397410335116765,0.0832946662215853,"AIOri_confleft","Beauty"
"S090",0.0433465703698823,0.0737800904721338,"AIForg_confleft","Beauty"
"S091",0.026313565799098,0.0391143731999184,"ForgOri_confleft","Beauty"
"S091",0.0343200353410467,0.0973391379613863,"AIOri_confleft","Beauty"
"S091",0.0394396226611391,0.0586378318352925,"AIForg_confleft","Beauty"
"S092",0.022301659690347,0.0214044299902963,"ForgOri_confleft","Beauty"
"S092",0.0245148741013761,0.0632260342481718,"AIOri_confleft","Beauty"
"S092",0.0223489947348629,0.036885761964057,"AIForg_confleft","Beauty"
"S094",0.0313095424664788,0.0225304659247673,"ForgOri_confleft","Beauty"
"S094",0.0290667038347212,0.0281646966202407,"AIOri_confleft","Beauty"
"S094",0.0423338831398663,0.00842591066003556,"AIForg_confleft","Beauty"
"S095",0.0376202435627917,0.0501003336104924,"ForgOri_confleft","Beauty"
"S095",0.0256817520102938,0.0714193249456237,"AIOri_confleft","Beauty"
"S095",0.0440231191176006,0.0146041165847936,"AIForg_confleft","Beauty"
"S096",0.0190288085424362,0.0279855736597535,"ForgOri_confleft","Beauty"
"S096",0.0264523200175931,0.0467775510322185,"AIOri_confleft","Beauty"
"S096",0.0321783761594418,0.0178040148333447,"AIForg_confleft","Beauty"
"S097",0.0241879407056248,0.0467766600060626,"ForgOri_confleft","Beauty"
"S097",0.027776318799488,0.0481819745056232,"AIOri_confleft","Beauty"
"S097",0.0257824730152604,0.00315984196331962,"AIForg_confleft","Beauty"
"S098",0.0579442012660369,0.0674595969358365,"ForgOri_confleft","Beauty"
"S098",0.0309075662283868,0.0612515484858866,"AIOri_confleft","Beauty"
"S098",0.0523398261624298,-0.000788777564579513,"AIForg_confleft","Beauty"
"S099",0.0263961372493352,0.0747319481678082,"ForgOri_confleft","Beauty"
"S099",0.031965910569886,0.0517631087759229,"AIOri_confleft","Beauty"
"S099",0.0344489831550339,-0.0233828288295778,"AIForg_confleft","Beauty"
"S100",0.0247162308362314,0.0781233903386894,"ForgOri_confleft","Beauty"
"S100",0.0264895152661375,0.0888774861311157,"AIOri_confleft","Beauty"
"S100",0.0285242391237461,0.00651372446332471,"AIForg_confleft","Beauty"
"S101",0.0311622762401,0.00817759413666153,"ForgOri_confleft","Beauty"
"S101",0.0356958148790336,-0.000857864657713703,"AIOri_confleft","Beauty"
"S101",0.0394526626334522,-0.0119319631403755,"AIForg_confleft","Beauty"
"S102",0.0398179437878771,0.0859518907036379,"ForgOri_confleft","Beauty"
"S102",0.0335145579832626,0.0460837161153988,"AIOri_confleft","Beauty"
"S102",0.0410402912100567,-0.0390137023060124,"AIForg_confleft","Beauty"
"S103",0.0249184493329638,0.0383428982819871,"ForgOri_confleft","Beauty"
"S103",0.0283314750456823,0.0919602722398757,"AIOri_confleft","Beauty"
"S103",0.0252166585515366,0.0555230543937104,"AIForg_confleft","Beauty"
"S104",0.0285451461264209,-0.00295581702877004,"ForgOri_confleft","Beauty"
"S104",0.0254982563702679,0.0481587021058767,"AIOri_confleft","Beauty"
"S104",0.0346576786357757,0.0580963141164227,"AIForg_confleft","Beauty"
"S105",0.0346736268469834,0.0178808128371068,"ForgOri_confleft","Beauty"
"S105",0.0302190824759391,0.039450938498938,"AIOri_confleft","Beauty"
"S105",0.0323959572066606,0.0223209324333382,"AIForg_confleft","Beauty"
"S106",0.0202942512676553,-0.0173943264575557,"ForgOri_confleft","Beauty"
"S106",0.0256880236510225,0.0524361278986068,"AIOri_confleft","Beauty"
"S106",0.0343851403424475,0.0737562091967081,"AIForg_confleft","Beauty"
"S107",0.0251452922365649,0.021987432732613,"ForgOri_confleft","Beauty"
"S107",0.0272099710659309,-0.029751155156104,"AIOri_confleft","Beauty"
"S107",0.0265514122097499,-0.0507249394569273,"AIForg_confleft","Beauty"
"S108",0.0281613897475191,0.0744792292368479,"ForgOri_confleft","Beauty"
"S108",0.0297877643233797,0.0960520009033234,"AIOri_confleft","Beauty"
"S108",0.029748486470108,0.0235728866864713,"AIForg_confleft","Beauty"
"S056",1.1260789051033,3.50361491324124,"Baseline_precright","Beauty"
"S057",1.21073540755067,6.82327777058156,"Baseline_precright","Beauty"
"S058",0.369847743770802,1.81750550633161,"Baseline_precright","Beauty"
"S059",0.559835638102763,2.28650910030171,"Baseline_precright","Beauty"
"S060",0.900806856803434,3.20386717466624,"Baseline_precright","Beauty"
"S061",0.337233766999598,1.13327956217348,"Baseline_precright","Beauty"
"S062",0.734364621099167,3.34827147469312,"Baseline_precright","Beauty"
"S064",0.787563681903909,2.26069531595304,"Baseline_precright","Beauty"
"S065",0.76587988105778,4.08359220060794,"Baseline_precright","Beauty"
"S066",1.21411772451633,5.18792253560209,"Baseline_precright","Beauty"
"S068",0.774960907941063,3.15961449284699,"Baseline_precright","Beauty"
"S069",1.15415667030303,3.15710765061989,"Baseline_precright","Beauty"
"S070",0.898987156620729,3.71062884302141,"Baseline_precright","Beauty"
"S071",1.10216123621939,4.22933992073871,"Baseline_precright","Beauty"
"S072",0.71137360586079,2.89202066864109,"Baseline_precright","Beauty"
"S073",1.28198810458506,4.67741335881502,"Baseline_precright","Beauty"
"S074",1.45541404176783,6.69287764964344,"Baseline_precright","Beauty"
"S075",0.635642394573663,2.45174813199884,"Baseline_precright","Beauty"
"S076",0.714864981735727,3.43818233779571,"Baseline_precright","Beauty"
"S077",0.65151540772713,2.19799895749194,"Baseline_precright","Beauty"
"S078",1.20511326557564,4.44740948936398,"Baseline_precright","Beauty"
"S079",0.898788623691168,3.20954296835386,"Baseline_precright","Beauty"
"S080",0.849993906809097,2.52133422300059,"Baseline_precright","Beauty"
"S081",1.28540725595206,4.72628300108745,"Baseline_precright","Beauty"
"S082",1.09931719865535,4.77220210881929,"Baseline_precright","Beauty"
"S083",0.588468865706442,2.20581075343685,"Baseline_precright","Beauty"
"S084",0.498437658685277,2.20309026847684,"Baseline_precright","Beauty"
"S085",1.17437509877833,3.93315229720434,"Baseline_precright","Beauty"
"S086",1.04496182746472,4.38985880207417,"Baseline_precright","Beauty"
"S087",1.21429686076957,4.70206606506496,"Baseline_precright","Beauty"
"S088",1.73878747121219,5.07645296379162,"Baseline_precright","Beauty"
"S089",0.981021487971901,4.18891038093471,"Baseline_precright","Beauty"
"S090",1.09587270932449,5.44631032753721,"Baseline_precright","Beauty"
"S091",0.31065594338253,1.13464990399939,"Baseline_precright","Beauty"
"S092",1.4392024557952,6.09325912563518,"Baseline_precright","Beauty"
"S094",1.08352808239541,3.96589312497435,"Baseline_precright","Beauty"
"S095",1.01087022929203,3.77503299052648,"Baseline_precright","Beauty"
"S096",0.948914554750138,4.4275463252534,"Baseline_precright","Beauty"
"S097",1.59627787518262,6.47516805650882,"Baseline_precright","Beauty"
"S098",0.567085579782226,2.02339617001303,"Baseline_precright","Beauty"
"S099",0.664901671033206,2.27557904611465,"Baseline_precright","Beauty"
"S100",1.24208642267487,3.72139007281004,"Baseline_precright","Beauty"
"S101",0.859855558862759,3.15318733323281,"Baseline_precright","Beauty"
"S102",0.82856591445031,3.12831589924134,"Baseline_precright","Beauty"
"S103",1.38905799420793,6.24281456060826,"Baseline_precright","Beauty"
"S104",1.49790366992499,5.35548314736301,"Baseline_precright","Beauty"
"S105",0.589111141655193,2.96679763660164,"Baseline_precright","Beauty"
"S106",0.510865168251588,2.47539431174132,"Baseline_precright","Beauty"
"S107",1.49555283883748,5.24616855012043,"Baseline_precright","Beauty"
"S108",0.838966937858467,3.28353716412661,"Baseline_precright","Beauty"
"S056",0.5744293869606,0.675447729857628,"ForgOri_precright","Beauty"
"S056",0.381524981571638,0.792710279052488,"AIOri_precright","Beauty"
"S056",0.740434402059528,0.131711353034581,"AIForg_precright","Beauty"
"S057",0.954698345670188,1.29495350923158,"ForgOri_precright","Beauty"
"S057",0.431511892027201,0.903659833981078,"AIOri_precright","Beauty"
"S057",1.02058253229786,-0.321195983228705,"AIForg_precright","Beauty"
"S058",0.413839383731467,0.608208183133818,"ForgOri_precright","Beauty"
"S058",0.361420940476259,0.518224726575221,"AIOri_precright","Beauty"
"S058",0.487323554385587,-0.120712860249612,"AIForg_precright","Beauty"
"S059",0.579177905913037,-0.150893675706398,"ForgOri_precright","Beauty"
"S059",0.439736408415917,0.86859857805932,"AIOri_precright","Beauty"
"S059",0.61124421608639,1.08516054250418,"AIForg_precright","Beauty"
"S060",0.617585658931167,0.889560342175826,"ForgOri_precright","Beauty"
"S060",0.446222137305499,0.815259418285074,"AIOri_precright","Beauty"
"S060",0.719169101900278,-0.0218154479248009,"AIForg_precright","Beauty"
"S061",0.336683377188562,0.0434725099446903,"ForgOri_precright","Beauty"
"S061",0.331287789770645,0.373026393091831,"AIOri_precright","Beauty"
"S061",0.393624503295369,0.344238441923551,"AIForg_precright","Beauty"
"S062",0.721721534542878,0.838395818454341,"ForgOri_precright","Beauty"
"S062",0.436777435546468,0.69544419611457,"AIOri_precright","Beauty"
"S062",0.811713456286307,-0.190249377342744,"AIForg_precright","Beauty"
"S064",0.585030439633409,0.55331156097433,"ForgOri_precright","Beauty"
"S064",0.370877480147161,0.73334505708037,"AIOri_precright","Beauty"
"S064",0.682218703762647,0.212393991818047,"AIForg_precright","Beauty"
"S065",0.440316076518833,0.828413478178746,"ForgOri_precright","Beauty"
"S065",0.444311415718342,0.631212351697406,"AIOri_precright","Beauty"
"S065",0.55414966842145,-0.128245669841753,"AIForg_precright","Beauty"
"S066",0.744545721894921,0.929183303349501,"ForgOri_precright","Beauty"
"S066",0.519255348149361,0.916147526417409,"AIOri_precright","Beauty"
"S066",0.859968536587526,-0.0517589140978378,"AIForg_precright","Beauty"
"S068",0.567869856700843,0.641699856756233,"ForgOri_precright","Beauty"
"S068",0.459436527035222,0.913633853364948,"AIOri_precright","Beauty"
"S068",0.575853041653557,0.243283413655965,"AIForg_precright","Beauty"
"S069",0.491642080642531,0.448090818395817,"ForgOri_precright","Beauty"
"S069",0.493327602763573,0.78618275892736,"AIOri_precright","Beauty"
"S069",0.590862594697287,0.324611403309115,"AIForg_precright","Beauty"
"S070",0.677304155346124,0.233392671625569,"ForgOri_precright","Beauty"
"S070",0.444273459308267,0.559313943005168,"AIOri_precright","Beauty"
"S070",0.770447134331695,0.314886209139118,"AIForg_precright","Beauty"
"S071",0.604788381085919,1.11296449983599,"ForgOri_precright","Beauty"
"S071",0.506825236695224,1.13734531729444,"AIOri_precright","Beauty"
"S071",0.744078375363049,-0.0488953421366092,"AIForg_precright","Beauty"
"S072",0.516755063578583,0.32733705620636,"ForgOri_precright","Beauty"
"S072",0.493359265734258,0.983469310992975,"AIOri_precright","Beauty"
"S072",0.642994083682852,0.705408146296582,"AIForg_precright","Beauty"
"S073",0.677144496333047,0.927522614157544,"ForgOri_precright","Beauty"
"S073",0.664610839484029,1.10234120682822,"AIOri_precright","Beauty"
"S073",0.860743234132327,0.10453847347155,"AIForg_precright","Beauty"
"S074",0.896947676824394,1.48749915600542,"ForgOri_precright","Beauty"
"S074",0.480321603997154,1.10213972848094,"AIOri_precright","Beauty"
"S074",1.01983721846975,-0.258436155607086,"AIForg_precright","Beauty"
"S075",0.477073726914436,0.359431715581246,"ForgOri_precright","Beauty"
"S075",0.605986697460813,0.961097065982537,"AIOri_precright","Beauty"
"S075",0.683523280926463,0.675147562517419,"AIForg_precright","Beauty"
"S076",0.648380098627793,0.517283521655884,"ForgOri_precright","Beauty"
"S076",0.606937805333658,1.14087940487648,"AIOri_precright","Beauty"
"S076",0.723795751953372,0.587406706444472,"AIForg_precright","Beauty"
"S077",0.504178382641603,0.0668465574297741,"ForgOri_precright","Beauty"
"S077",0.367327030744745,0.592402827042003,"AIOri_precright","Beauty"
"S077",0.532043957479973,0.460494993959611,"AIForg_precright","Beauty"
"S078",0.619927663272485,1.03085169275198,"ForgOri_precright","Beauty"
"S078",0.700501947005,1.45676142261475,"AIOri_precright","Beauty"
"S078",0.898363144870083,0.405981274224298,"AIForg_precright","Beauty"
"S079",0.718755590274898,1.15812723452202,"ForgOri_precright","Beauty"
"S079",0.632224622514062,1.03918478713151,"AIOri_precright","Beauty"
"S079",0.909113062303996,-0.199102647501564,"AIForg_precright","Beauty"
"S080",0.588087136351238,0.967021360262428,"ForgOri_precright","Beauty"
"S080",0.416425630990713,0.844742494663101,"AIOri_precright","Beauty"
"S080",0.591186652490433,-0.053522785155762,"AIForg_precright","Beauty"
"S081",0.730313925866847,1.24510622878237,"ForgOri_precright","Beauty"
"S081",0.451177541030576,0.802190783740317,"AIOri_precright","Beauty"
"S081",0.815330126008818,-0.418294932052725,"AIForg_precright","Beauty"
"S082",0.604452315257282,0.943752729773195,"ForgOri_precright","Beauty"
"S082",0.435138265214708,0.944709885649464,"AIOri_precright","Beauty"
"S082",0.717122954078778,-0.0552898695340862,"AIForg_precright","Beauty"
"S083",0.658020298236555,0.58380533501196,"ForgOri_precright","Beauty"
"S083",0.426121091702159,0.775707763539324,"AIOri_precright","Beauty"
"S083",0.764871089115054,0.218663221944397,"AIForg_precright","Beauty"
"S084",0.455155567622249,0.227230733030551,"ForgOri_precright","Beauty"
"S084",0.48130713960556,0.862993260876143,"AIOri_precright","Beauty"
"S084",0.588856125491421,0.577369955405911,"AIForg_precright","Beauty"
"S085",0.560284634317956,0.789452615672674,"ForgOri_precright","Beauty"
"S085",0.433346135180045,0.812373936005695,"AIOri_precright","Beauty"
"S085",0.875394418141135,0.108230009605598,"AIForg_precright","Beauty"
"S086",0.633717125136737,0.732299717105722,"ForgOri_precright","Beauty"
"S086",0.525819208408491,1.01218565282912,"AIOri_precright","Beauty"
"S086",0.846028707803837,0.0999126465687963,"AIForg_precright","Beauty"
"S087",0.62694054648082,0.976961234956847,"ForgOri_precright","Beauty"
"S087",0.49490079109669,1.06116534265166,"AIOri_precright","Beauty"
"S087",0.801969594184784,0.0326698029900099,"AIForg_precright","Beauty"
"S088",0.794397344824647,1.4242904413001,"ForgOri_precright","Beauty"
"S088",0.695974984578215,1.062154257264,"AIOri_precright","Beauty"
"S088",0.981836781326538,-0.333829611367418,"AIForg_precright","Beauty"
"S089",0.732961736438964,0.930952478000032,"ForgOri_precright","Beauty"
"S089",0.39449120257823,0.783615718331641,"AIOri_precright","Beauty"
"S089",0.692084250917407,-0.0396136526744404,"AIForg_precright","Beauty"
"S090",0.666466725434316,1.14295110243315,"ForgOri_precright","Beauty"
"S090",0.594621628084338,1.32417496108095,"AIOri_precright","Beauty"
"S090",0.909988016910828,0.0615534213968498,"AIForg_precright","Beauty"
"S091",0.350622260705453,0.184329873888867,"ForgOri_precright","Beauty"
"S091",0.371195391338683,0.493057073018035,"AIOri_precright","Beauty"
"S091",0.428475467816813,0.301084024682738,"AIForg_precright","Beauty"
"S092",0.766310932755903,1.58584235359658,"ForgOri_precright","Beauty"
"S092",0.664356778370312,1.46831837961889,"AIOri_precright","Beauty"
"S092",1.08676908911891,-0.149985553663145,"AIForg_precright","Beauty"
"S094",0.693866101346061,1.2418993710558,"ForgOri_precright","Beauty"
"S094",0.509682892517758,1.16182965085793,"AIOri_precright","Beauty"
"S094",0.812832771200951,-0.161134136396579,"AIForg_precright","Beauty"
"S095",0.547997402708108,0.838393896068173,"ForgOri_precright","Beauty"
"S095",0.402501817256601,0.936091297757889,"AIOri_precright","Beauty"
"S095",0.646249289632034,0.0478191378062287,"AIForg_precright","Beauty"
"S096",0.610341283777303,0.995953670759373,"ForgOri_precright","Beauty"
"S096",0.593776572845486,1.09454979821813,"AIOri_precright","Beauty"
"S096",0.878756765220337,0.0533383965043521,"AIForg_precright","Beauty"
"S097",0.703328180195311,1.4729360113453,"ForgOri_precright","Beauty"
"S097",0.4479596944749,1.23325321191236,"AIOri_precright","Beauty"
"S097",0.692407563070148,-0.244757751627366,"AIForg_precright","Beauty"
"S098",0.545123988282435,0.64798985515913,"ForgOri_precright","Beauty"
"S098",0.440751153642242,0.80263669895121,"AIOri_precright","Beauty"
"S098",0.671248336373319,0.211345341244131,"AIForg_precright","Beauty"
"S099",0.604195758475016,0.430519740358322,"ForgOri_precright","Beauty"
"S099",0.423792741624442,1.02725864927439,"AIOri_precright","Beauty"
"S099",0.656344575214811,0.455083568927376,"AIForg_precright","Beauty"
"S100",0.612875000225301,0.872869693038747,"ForgOri_precright","Beauty"
"S100",0.501510901866555,0.876909572053673,"AIOri_precright","Beauty"
"S100",0.702575841798634,0.0626898360445975,"AIForg_precright","Beauty"
"S101",0.636264649829843,0.95693390469657,"ForgOri_precright","Beauty"
"S101",0.380478075017524,0.930311408413109,"AIOri_precright","Beauty"
"S101",0.62046770829235,-0.0665555414104555,"AIForg_precright","Beauty"
"S102",0.546962770561415,0.977780870519732,"ForgOri_precright","Beauty"
"S102",0.485321627112036,1.14648653107194,"AIOri_precright","Beauty"
"S102",0.75229344560654,0.205334604544904,"AIForg_precright","Beauty"
"S103",0.725018257224855,1.13306345607081,"ForgOri_precright","Beauty"
"S103",0.771486149752672,1.48603427544117,"AIOri_precright","Beauty"
"S103",1.10916325496034,0.176606979876024,"AIForg_precright","Beauty"
"S104",0.824351550154193,1.4273361549287,"ForgOri_precright","Beauty"
"S104",0.406026657016073,1.03089283454904,"AIOri_precright","Beauty"
"S104",0.867459040439885,-0.121078338308529,"AIForg_precright","Beauty"
"S105",0.542671190764593,0.629937930138609,"ForgOri_precright","Beauty"
"S105",0.39103590419071,0.749190491875212,"AIOri_precright","Beauty"
"S105",0.682672663487921,0.0480100319916503,"AIForg_precright","Beauty"
"S106",0.564850054908507,0.600431405427429,"ForgOri_precright","Beauty"
"S106",0.37452646775151,0.703452179519474,"AIOri_precright","Beauty"
"S106",0.730939025072511,0.0907811989891822,"AIForg_precright","Beauty"
"S107",0.744794074680593,0.984973745848686,"ForgOri_precright","Beauty"
"S107",0.474197314714521,0.714560676834733,"AIOri_precright","Beauty"
"S107",0.86171734719682,-0.300883362733716,"AIForg_precright","Beauty"
"S108",0.698377712986969,0.936844080372921,"ForgOri_precright","Beauty"
"S108",0.489222141085424,1.06905435567487,"AIOri_precright","Beauty"
"S108",0.722514528259566,0.239427425261942,"AIForg_precright","Beauty"
"S056",0.573506490590694,2.34557555764182,"Baseline_precleft","Beauty"
"S057",0.696080203010825,2.74105853757871,"Baseline_precleft","Beauty"
"S058",1.03079335824065,2.05111697086844,"Baseline_precleft","Beauty"
"S059",0.8062543880195,2.74703472622156,"Baseline_precleft","Beauty"
"S060",0.710198846027751,2.59829977445014,"Baseline_precleft","Beauty"
"S061",0.984652145612054,3.44421352514257,"Baseline_precleft","Beauty"
"S062",0.767151824614965,3.08911062875851,"Baseline_precleft","Beauty"
"S064",0.512205543423876,2.44463719192008,"Baseline_precleft","Beauty"
"S065",0.993181232810637,2.6670712274017,"Baseline_precleft","Beauty"
"S066",0.798463649392786,4.27087827061013,"Baseline_precleft","Beauty"
"S068",0.671396822010208,2.36364516879752,"Baseline_precleft","Beauty"
"S069",0.49204841529678,2.10143134136387,"Baseline_precleft","Beauty"
"S070",0.638856477552242,3.20917319540958,"Baseline_precleft","Beauty"
"S071",0.451648419362542,1.59587883995937,"Baseline_precleft","Beauty"
"S072",0.511442474209335,1.72240028714204,"Baseline_precleft","Beauty"
"S073",0.282316129002025,1.20312917967385,"Baseline_precleft","Beauty"
"S074",0.501105801065234,1.95621524170621,"Baseline_precleft","Beauty"
"S075",0.437538957142511,1.41433373609477,"Baseline_precleft","Beauty"
"S076",0.534106337699065,1.90294090514308,"Baseline_precleft","Beauty"
"S077",0.377744573670307,1.72575061726564,"Baseline_precleft","Beauty"
"S078",0.480976474145388,1.99774011190016,"Baseline_precleft","Beauty"
"S079",0.496417671445305,1.62070743313158,"Baseline_precleft","Beauty"
"S080",0.408699625302431,1.64992445188439,"Baseline_precleft","Beauty"
"S081",0.743870085842693,2.98989218239926,"Baseline_precleft","Beauty"
"S082",0.857711690385276,2.78782315844975,"Baseline_precleft","Beauty"
"S083",0.475466530502728,1.76906472756035,"Baseline_precleft","Beauty"
"S084",0.587168480615146,1.72372082885872,"Baseline_precleft","Beauty"
"S085",0.426414739126454,1.60664016245333,"Baseline_precleft","Beauty"
"S086",0.789556246687991,2.87283634729023,"Baseline_precleft","Beauty"
"S087",0.808431109222397,3.36825625187861,"Baseline_precleft","Beauty"
"S088",0.385692411680396,1.95326909011227,"Baseline_precleft","Beauty"
"S089",0.974985593267386,3.2716592963539,"Baseline_precleft","Beauty"
"S090",0.423884209260298,1.64079523982155,"Baseline_precleft","Beauty"
"S091",0.410958228599258,1.32581571252913,"Baseline_precleft","Beauty"
"S092",0.894766133023368,3.72203174277657,"Baseline_precleft","Beauty"
"S094",0.855747345290899,4.03830935079273,"Baseline_precleft","Beauty"
"S095",0.574654535762347,2.22068599168189,"Baseline_precleft","Beauty"
"S096",0.904477064579582,4.12572905445299,"Baseline_precleft","Beauty"
"S097",0.961984436080687,3.83642201632768,"Baseline_precleft","Beauty"
"S098",0.937955348936133,3.2686067356619,"Baseline_precleft","Beauty"
"S099",0.498079382327535,2.90258762818896,"Baseline_precleft","Beauty"
"S100",0.470574748090879,2.24144341801152,"Baseline_precleft","Beauty"
"S101",0.683888482470248,2.8699548684731,"Baseline_precleft","Beauty"
"S102",0.659394247519058,2.32511226054059,"Baseline_precleft","Beauty"
"S103",0.917584109763174,4.05359528812213,"Baseline_precleft","Beauty"
"S104",0.749330723176992,3.36674417254331,"Baseline_precleft","Beauty"
"S105",0.982215184517135,3.29518562111212,"Baseline_precleft","Beauty"
"S106",0.489511039536716,2.36213106890282,"Baseline_precleft","Beauty"
"S107",0.652737518618656,2.39451173272707,"Baseline_precleft","Beauty"
"S108",0.471878209342196,1.46309262249754,"Baseline_precleft","Beauty"
"S056",0.249254819818269,0.0596967363614103,"ForgOri_precleft","Beauty"
"S056",0.223703919980463,-0.123352598789472,"AIOri_precleft","Beauty"
"S056",0.322471679764516,-0.205209664834099,"AIForg_precleft","Beauty"
"S057",0.279508682148989,0.202420399719621,"ForgOri_precleft","Beauty"
"S057",0.244402882964075,-0.214864232879912,"AIOri_precleft","Beauty"
"S057",0.300546205021575,-0.45926825211718,"AIForg_precleft","Beauty"
"S058",0.248751452066009,0.164569782613175,"ForgOri_precleft","Beauty"
"S058",0.186901827015936,-0.0955380653143391,"AIOri_precleft","Beauty"
"S058",0.334435373983487,-0.331979340514257,"AIForg_precleft","Beauty"
"S059",0.239615567239848,0.194845795663899,"ForgOri_precleft","Beauty"
"S059",0.223493468886872,-0.121358002864949,"AIOri_precleft","Beauty"
"S059",0.293956539169881,-0.294106528519067,"AIForg_precleft","Beauty"
"S060",0.283899146618742,0.160983631662401,"ForgOri_precleft","Beauty"
"S060",0.248384314058078,-0.112972670305429,"AIOri_precleft","Beauty"
"S060",0.272032266642506,-0.251783502934913,"AIForg_precleft","Beauty"
"S061",0.378250151021577,0.400049848295048,"ForgOri_precleft","Beauty"
"S061",0.265364437021074,0.0121946851268824,"AIOri_precleft","Beauty"
"S061",0.448701604210744,-0.400652455990923,"AIForg_precleft","Beauty"
"S062",0.314462799953761,0.381726100947338,"ForgOri_precleft","Beauty"
"S062",0.281558081165095,-0.0533017725584926,"AIOri_precleft","Beauty"
"S062",0.357658319335375,-0.425471314594278,"AIForg_precleft","Beauty"
"S064",0.264447290214818,0.129464435891725,"ForgOri_precleft","Beauty"
"S064",0.234453764232046,-0.16430887867866,"AIOri_precleft","Beauty"
"S064",0.394092796170168,-0.261811693187427,"AIForg_precleft","Beauty"
"S065",0.271596067049421,0.109268652602982,"ForgOri_precleft","Beauty"
"S065",0.263251787753083,-0.0690479170303933,"AIOri_precleft","Beauty"
"S065",0.321007642223178,-0.196880000252942,"AIForg_precleft","Beauty"
"S066",0.373685237756951,0.261780320797302,"ForgOri_precleft","Beauty"
"S066",0.327237538989099,0.0160807183627472,"AIOri_precleft","Beauty"
"S066",0.463018684368356,-0.27022614266827,"AIForg_precleft","Beauty"
"S068",0.322564636780701,0.548512566826906,"ForgOri_precleft","Beauty"
"S068",0.238139985608319,0.135614117753275,"AIOri_precleft","Beauty"
"S068",0.284741320757966,-0.422805392431346,"AIForg_precleft","Beauty"
"S069",0.254853778017311,0.0649245103812088,"ForgOri_precleft","Beauty"
"S069",0.226511056549684,-0.0402778539949173,"AIOri_precleft","Beauty"
"S069",0.351107136859701,-0.08253798143147,"AIForg_precleft","Beauty"
"S070",0.422416683314764,0.389946014013473,"ForgOri_precleft","Beauty"
"S070",0.293423927962593,0.114901754605376,"AIOri_precleft","Beauty"
"S070",0.375365190027804,-0.290164650178009,"AIForg_precleft","Beauty"
"S071",0.216795105277579,0.108673062405953,"ForgOri_precleft","Beauty"
"S071",0.247885701062698,0.0636346535988782,"AIOri_precleft","Beauty"
"S071",0.283256730741206,-0.109002848857492,"AIForg_precleft","Beauty"
"S072",0.27097821187286,0.289447616553718,"ForgOri_precleft","Beauty"
"S072",0.227755996893674,0.0744895415152861,"AIOri_precleft","Beauty"
"S072",0.323962624954947,-0.186944738514457,"AIForg_precleft","Beauty"
"S073",0.22665989244014,0.153574485178203,"ForgOri_precleft","Beauty"
"S073",0.212732802904994,0.0637809269102168,"AIOri_precleft","Beauty"
"S073",0.283826437169421,-0.104962828847512,"AIForg_precleft","Beauty"
"S074",0.284147363031577,0.276446732820542,"ForgOri_precleft","Beauty"
"S074",0.19499533689763,-0.0449420468715825,"AIOri_precleft","Beauty"
"S074",0.27611585791089,-0.301124513424418,"AIForg_precleft","Beauty"
"S075",0.221874916486028,0.187214906410707,"ForgOri_precleft","Beauty"
"S075",0.225102530503878,-0.0966404797788873,"AIOri_precleft","Beauty"
"S075",0.282443860382642,-0.280014100398784,"AIForg_precleft","Beauty"
"S076",0.267009294404548,0.144191185922211,"ForgOri_precleft","Beauty"
"S076",0.20290815653413,0.0725533683520524,"AIOri_precleft","Beauty"
"S076",0.318627263123502,-0.0846481804047863,"AIForg_precleft","Beauty"
"S077",0.249931283250467,0.170212357472939,"ForgOri_precleft","Beauty"
"S077",0.190353977985797,0.036253254480251,"AIOri_precleft","Beauty"
"S077",0.31504011310336,-0.155132410350557,"AIForg_precleft","Beauty"
"S078",0.338660909021508,0.239191330859958,"ForgOri_precleft","Beauty"
"S078",0.243475625545942,-0.0415059951688985,"AIOri_precleft","Beauty"
"S078",0.295251053195713,-0.246550830557673,"AIForg_precleft","Beauty"
"S079",0.3285342477296,0.0128421836033754,"ForgOri_precleft","Beauty"
"S079",0.237296629639264,-0.0111000292208531,"AIOri_precleft","Beauty"
"S079",0.394835950056969,-0.0327806047133569,"AIForg_precleft","Beauty"
"S080",0.271443597201735,-0.0591509882681031,"ForgOri_precleft","Beauty"
"S080",0.229928800640887,-0.11481984705721,"AIOri_precleft","Beauty"
"S080",0.28404351088783,-0.0188146245224652,"AIForg_precleft","Beauty"
"S081",0.305773379781135,0.449852069544856,"ForgOri_precleft","Beauty"
"S081",0.209357671093618,-0.097644891835152,"AIOri_precleft","Beauty"
"S081",0.307274763859854,-0.550062866194496,"AIForg_precleft","Beauty"
"S082",0.266030031306788,0.201668430206006,"ForgOri_precleft","Beauty"
"S082",0.317850179638292,0.0973705013436061,"AIOri_precleft","Beauty"
"S082",0.360929493198835,-0.120952309670785,"AIForg_precleft","Beauty"
"S083",0.279290551755085,0.106671565995973,"ForgOri_precleft","Beauty"
"S083",0.284984682828223,-0.0731352136054578,"AIOri_precleft","Beauty"
"S083",0.353369869237035,-0.187153305736065,"AIForg_precleft","Beauty"
"S084",0.292768817960607,0.169147355950375,"ForgOri_precleft","Beauty"
"S084",0.190940950761213,-0.0179771885192312,"AIOri_precleft","Beauty"
"S084",0.282166879666524,-0.161827529665917,"AIForg_precleft","Beauty"
"S085",0.174497228339242,0.159991634354685,"ForgOri_precleft","Beauty"
"S085",0.216969124822428,0.132101924654612,"AIOri_precleft","Beauty"
"S085",0.218732345929526,-0.00238717326739746,"AIForg_precleft","Beauty"
"S086",0.307909020914243,0.364093862477758,"ForgOri_precleft","Beauty"
"S086",0.243916818030038,0.143660115801941,"AIOri_precleft","Beauty"
"S086",0.355392169279908,-0.236018992745401,"AIForg_precleft","Beauty"
"S087",0.333814751476081,0.1329393388717,"ForgOri_precleft","Beauty"
"S087",0.223313729887863,-0.0823501316810793,"AIOri_precleft","Beauty"
"S087",0.332411086796978,-0.206785261487914,"AIForg_precleft","Beauty"
"S088",0.203872056506832,0.0548517086261188,"ForgOri_precleft","Beauty"
"S088",0.223359940583444,0.0019310113181179,"AIOri_precleft","Beauty"
"S088",0.283749933523122,-0.0554893309239122,"AIForg_precleft","Beauty"
"S089",0.360577342609843,0.215957234384847,"ForgOri_precleft","Beauty"
"S089",0.24951296206818,-0.11746971767498,"AIOri_precleft","Beauty"
"S089",0.322049362259561,-0.359961144012337,"AIForg_precleft","Beauty"
"S090",0.315707180374732,0.279664891512572,"ForgOri_precleft","Beauty"
"S090",0.241692502873483,-0.144002350570779,"AIOri_precleft","Beauty"
"S090",0.363779008690501,-0.390628880434185,"AIForg_precleft","Beauty"
"S091",0.228136504311481,-0.0362157608481032,"ForgOri_precleft","Beauty"
"S091",0.213084187534901,-0.0444396563786541,"AIOri_precleft","Beauty"
"S091",0.243461503888935,0.00146845549241748,"AIForg_precleft","Beauty"
"S092",0.300266642902887,0.217922884432124,"ForgOri_precleft","Beauty"
"S092",0.356961529497756,-0.263501272531257,"AIOri_precleft","Beauty"
"S092",0.431785594074826,-0.491394997302496,"AIForg_precleft","Beauty"
"S094",0.382198917025464,0.238763929598539,"ForgOri_precleft","Beauty"
"S094",0.313123728109455,-0.0405975240788352,"AIOri_precleft","Beauty"
"S094",0.43216007504904,-0.260974639723259,"AIForg_precleft","Beauty"
"S095",0.299394219283881,0.236593424426228,"ForgOri_precleft","Beauty"
"S095",0.20995818673653,-0.135087624306941,"AIOri_precleft","Beauty"
"S095",0.410589434005027,-0.360321490642038,"AIForg_precleft","Beauty"
"S096",0.355432113408675,0.0932679701892016,"ForgOri_precleft","Beauty"
"S096",0.367569653149094,-0.176344858372421,"AIOri_precleft","Beauty"
"S096",0.416789009941622,-0.321450223650326,"AIForg_precleft","Beauty"
"S097",0.382603948895623,0.380816690567129,"ForgOri_precleft","Beauty"
"S097",0.303230140655468,0.208568501477175,"AIOri_precleft","Beauty"
"S097",0.463768900587145,-0.152720392187492,"AIForg_precleft","Beauty"
"S098",0.286740356356175,0.147618100939978,"ForgOri_precleft","Beauty"
"S098",0.360516608824695,-0.0439243981723312,"AIOri_precleft","Beauty"
"S098",0.388865978253189,-0.193514864153534,"AIForg_precleft","Beauty"
"S099",0.370108243108038,0.110790945912109,"ForgOri_precleft","Beauty"
"S099",0.318875108266035,-0.0910769851525404,"AIOri_precleft","Beauty"
"S099",0.30843616630347,-0.226804203130938,"AIForg_precleft","Beauty"
"S100",0.33616316137282,0.132812595404932,"ForgOri_precleft","Beauty"
"S100",0.298952416071628,-0.0635295681143621,"AIOri_precleft","Beauty"
"S100",0.29903878067885,-0.217203898102529,"AIForg_precleft","Beauty"
"S101",0.277192775078568,0.209890641966006,"ForgOri_precleft","Beauty"
"S101",0.198216862208892,-0.0590384954729108,"AIOri_precleft","Beauty"
"S101",0.334145862166347,-0.254138527487953,"AIForg_precleft","Beauty"
"S102",0.298413601460795,0.269488406846394,"ForgOri_precleft","Beauty"
"S102",0.248201925925594,0.146077259584993,"AIOri_precleft","Beauty"
"S102",0.32280608743047,-0.149896048549524,"AIForg_precleft","Beauty"
"S103",0.389282196955553,0.106528881268402,"ForgOri_precleft","Beauty"
"S103",0.324802184260911,-0.0640293355461132,"AIOri_precleft","Beauty"
"S103",0.495237095920789,-0.131849100598637,"AIForg_precleft","Beauty"
"S104",0.308772483065357,0.46302891882797,"ForgOri_precleft","Beauty"
"S104",0.247039918483211,-0.0720614398975052,"AIOri_precleft","Beauty"
"S104",0.363843513441393,-0.4953966195276,"AIForg_precleft","Beauty"
"S105",0.267770253114241,0.162681018457495,"ForgOri_precleft","Beauty"
"S105",0.286632958132918,-0.158136518002959,"AIOri_precleft","Beauty"
"S105",0.370748161682299,-0.299035004916013,"AIForg_precleft","Beauty"
"S106",0.338304412953887,0.269688155639832,"ForgOri_precleft","Beauty"
"S106",0.213949102577848,-0.0606893727556206,"AIOri_precleft","Beauty"
"S106",0.366974876800823,-0.332630128035864,"AIForg_precleft","Beauty"
"S107",0.293933806927815,0.309827770513313,"ForgOri_precleft","Beauty"
"S107",0.259461915909193,0.0503726914810315,"AIOri_precleft","Beauty"
"S107",0.410246730888275,-0.28281186439158,"AIForg_precleft","Beauty"
"S108",0.224596591010077,-0.0588664359083153,"ForgOri_precleft","Beauty"
"S108",0.179906103423987,-0.0986225776714736,"AIOri_precleft","Beauty"
"S108",0.218534942018308,-0.0625667037261143,"AIForg_precleft","Beauty"
"S109",0.0222705361939262,0.466581572125234,"Baseline_resp","Beauty"
"S110",0.0229202924621027,0.539280832070268,"Baseline_resp","Beauty"
"S111",0.0244045240523175,0.564853832237451,"Baseline_resp","Beauty"
"S112",0.0213831910187027,0.704942368300275,"Baseline_resp","Beauty"
"S113",0.018054671126339,0.441317941293729,"Baseline_resp","Beauty"
"S114",0.0279327140754356,0.43681636188067,"Baseline_resp","Beauty"
"S116",0.0188027595221869,0.532563302784577,"Baseline_resp","Beauty"
"S117",0.0417917368444549,0.494416300907942,"Baseline_resp","Beauty"
"S118",0.0223338163283412,0.586974900054765,"Baseline_resp","Beauty"
"S119",0.0238060296717928,0.512225904604316,"Baseline_resp","Beauty"
"S120",0.0222139164908945,0.531656278312537,"Baseline_resp","Beauty"
"S121",0.02226331112961,0.517020312361006,"Baseline_resp","Beauty"
"S122",0.0270086077411415,0.617239360847124,"Baseline_resp","Beauty"
"S123",0.0180094196053686,0.545557266894621,"Baseline_resp","Beauty"
"S124",0.0318026375656684,0.402232399623276,"Baseline_resp","Beauty"
"S125",0.0172291335069503,0.682718301846367,"Baseline_resp","Beauty"
"S127",0.0230836005014208,0.579354733539648,"Baseline_resp","Beauty"
"S128",0.0221099715140621,0.529438013190462,"Baseline_resp","Beauty"
"S129",0.0231257097323054,0.507376539765474,"Baseline_resp","Beauty"
"S130",0.0302554509152152,0.499650294558184,"Baseline_resp","Beauty"
"S131",0.0212489391071991,0.445143160362487,"Baseline_resp","Beauty"
"S132",0.0155591906288028,0.600029824424726,"Baseline_resp","Beauty"
"S133",0.027071385139469,0.607040494658424,"Baseline_resp","Beauty"
"S134",0.0237165839756303,0.465563912369165,"Baseline_resp","Beauty"
"S135",0.0275211122965753,0.555907705718864,"Baseline_resp","Beauty"
"S136",0.0159022383140652,0.381335468054319,"Baseline_resp","Beauty"
"S137",0.0274853741277468,0.45610288196029,"Baseline_resp","Beauty"
"S138",0.0190686673489685,0.447778937881674,"Baseline_resp","Beauty"
"S139",0.0286779696934041,0.600551477123555,"Baseline_resp","Beauty"
"S140",0.0318187407418415,0.594246902365767,"Baseline_resp","Beauty"
"S141",0.038919290179029,0.639070357150006,"Baseline_resp","Beauty"
"S142",0.030511131733756,0.558153463244968,"Baseline_resp","Beauty"
"S143",0.0237654244634883,0.575643040638388,"Baseline_resp","Beauty"
"S144",0.0226907032840558,0.626611813971465,"Baseline_resp","Beauty"
"S145",0.0276428320969634,0.499177527490361,"Baseline_resp","Beauty"
"S146",0.0240551337490596,0.292256823647417,"Baseline_resp","Beauty"
"S147",0.0224075117077566,0.6925844250143,"Baseline_resp","Beauty"
"S149",0.0191080635199619,0.490697331995937,"Baseline_resp","Beauty"
"S151",0.0162419956999294,0.590327279736072,"Baseline_resp","Beauty"
"S152",0.0357193755178803,0.264869431488584,"Baseline_resp","Beauty"
"S153",0.0196196750601276,0.43758479184976,"Baseline_resp","Beauty"
"S154",0.0313035870896697,0.588553273834509,"Baseline_resp","Beauty"
"S155",0.0253159690694593,0.384637786949392,"Baseline_resp","Beauty"
"S156",0.0265814497550091,0.383019997678637,"Baseline_resp","Beauty"
"S157",0.0285017216179749,0.627025652771315,"Baseline_resp","Beauty"
"S159",0.0334666060932272,0.256458021121091,"Baseline_resp","Beauty"
"S160",0.0313822422216863,0.622297071984447,"Baseline_resp","Beauty"
"S162",0.0317038762939528,0.530602566121891,"Baseline_resp","Beauty"
"S163",0.0237101814010968,0.701993081781674,"Baseline_resp","Beauty"
"S164",0.0234528058491948,0.482422417077994,"Baseline_resp","Beauty"
"S109",0.0176976316586521,-0.014473199522628,"ForgOri_resp","Beauty"
"S109",0.0347417739503707,-0.0925228188277905,"AIOri_resp","Beauty"
"S109",0.0321688797903912,-0.0825577283573622,"AIForg_resp","Beauty"
"S110",0.0189246667492627,-0.0777476473318919,"ForgOri_resp","Beauty"
"S110",0.0305127918026691,-0.125119066129994,"AIOri_resp","Beauty"
"S110",0.0264159130559731,-0.0443766770856179,"AIForg_resp","Beauty"
"S111",0.0187777949173033,-0.0104771500857507,"ForgOri_resp","Beauty"
"S111",0.0290005902601866,-0.08389309201658,"AIOri_resp","Beauty"
"S111",0.03006503382697,-0.0712722271370602,"AIForg_resp","Beauty"
"S112",0.0161080572766963,-0.0614582572737875,"ForgOri_resp","Beauty"
"S112",0.0323779708962083,-0.144616866849061,"AIOri_resp","Beauty"
"S112",0.038089194355305,-0.0791672277304478,"AIForg_resp","Beauty"
"S113",0.0171318517217593,0.0291348223441647,"ForgOri_resp","Beauty"
"S113",0.0204360452621111,-0.0168996970198195,"AIOri_resp","Beauty"
"S113",0.0199321884654324,-0.0489412401652403,"AIForg_resp","Beauty"
"S114",0.0208516227129618,0.0011941488341505,"ForgOri_resp","Beauty"
"S114",0.0292574978709462,-0.122972706384379,"AIOri_resp","Beauty"
"S114",0.0289406567654083,-0.123813716013291,"AIForg_resp","Beauty"
"S116",0.01548888871244,-0.0323199292675945,"ForgOri_resp","Beauty"
"S116",0.0168493439569828,-0.0145287362344045,"AIOri_resp","Beauty"
"S116",0.0165817852113863,0.0168648328376579,"AIForg_resp","Beauty"
"S117",0.0260437262117442,0.0109645418764636,"ForgOri_resp","Beauty"
"S117",0.0488573100659725,-0.00060658664763924,"AIOri_resp","Beauty"
"S117",0.0384095205486779,-0.0176008613856944,"AIForg_resp","Beauty"
"S118",0.0131136622193155,-0.0148242578530002,"ForgOri_resp","Beauty"
"S118",0.0252546393303376,-0.0418652843824698,"AIOri_resp","Beauty"
"S118",0.0210481166926462,-0.0318819408790983,"AIForg_resp","Beauty"
"S119",0.0220242141096917,-0.0716809508441248,"ForgOri_resp","Beauty"
"S119",0.0292826668564872,-0.130228969494291,"AIOri_resp","Beauty"
"S119",0.0351444481001244,-0.0554648606175892,"AIForg_resp","Beauty"
"S120",0.0150478226953761,-0.13519225916501,"ForgOri_resp","Beauty"
"S120",0.0227357608476446,-0.0348222970089181,"AIOri_resp","Beauty"
"S120",0.0285599284316967,0.102624479833984,"AIForg_resp","Beauty"
"S121",0.0179707015234095,-0.104562203080071,"ForgOri_resp","Beauty"
"S121",0.0233255353710132,-0.0639030415858791,"AIOri_resp","Beauty"
"S121",0.027226062449336,0.0434196085913001,"AIForg_resp","Beauty"
"S122",0.0241166288675137,-0.0596813645706389,"ForgOri_resp","Beauty"
"S122",0.0305374938019358,-0.162121637585558,"AIOri_resp","Beauty"
"S122",0.0305781478330252,-0.092423866407797,"AIForg_resp","Beauty"
"S123",0.0203944541586444,-0.123936293259633,"ForgOri_resp","Beauty"
"S123",0.0204573911957284,-0.0797748999073066,"AIOri_resp","Beauty"
"S123",0.0214917071319692,0.0394392828224181,"AIForg_resp","Beauty"
"S124",0.0281856135211949,0.0710933088220015,"ForgOri_resp","Beauty"
"S124",0.0261652683462907,-0.0112476380603665,"AIOri_resp","Beauty"
"S124",0.0289388460522217,-0.0887527145697156,"AIForg_resp","Beauty"
"S125",0.0144781337136214,-0.0205992636422975,"ForgOri_resp","Beauty"
"S125",0.019860210222155,-0.0522314260821806,"AIOri_resp","Beauty"
"S125",0.0199548402410458,-0.0335281073418691,"AIForg_resp","Beauty"
"S127",0.0301865059543361,-0.117909773374227,"ForgOri_resp","Beauty"
"S127",0.0237719554781002,-0.0808374024530134,"AIOri_resp","Beauty"
"S127",0.0333981965164154,0.0364727009064038,"AIForg_resp","Beauty"
"S128",0.0175551548717025,-0.070954739415885,"ForgOri_resp","Beauty"
"S128",0.0220987000983711,-0.119238092122434,"AIOri_resp","Beauty"
"S128",0.0217586297617477,-0.0499260429170357,"AIForg_resp","Beauty"
"S129",0.0187193555013173,-0.0702111057281443,"ForgOri_resp","Beauty"
"S129",0.0323897945999999,-0.0764441640087822,"AIOri_resp","Beauty"
"S129",0.0269896502659233,-0.0105189024480117,"AIForg_resp","Beauty"
"S130",0.0215153282813199,-0.0759300729321609,"ForgOri_resp","Beauty"
"S130",0.0288164331866883,-0.0785020790066734,"AIOri_resp","Beauty"
"S130",0.0380415463325458,0.00237092772934788,"AIForg_resp","Beauty"
"S131",0.0142626349835736,-0.0352934252938356,"ForgOri_resp","Beauty"
"S131",0.0230164048196748,-0.0784385877856844,"AIOri_resp","Beauty"
"S131",0.0216204660460404,-0.0412566250143249,"AIForg_resp","Beauty"
"S132",0.0178497982888469,-0.0625062712760712,"ForgOri_resp","Beauty"
"S132",0.0200472562799606,-0.075587163046988,"AIOri_resp","Beauty"
"S132",0.0216485282763274,-0.0125915797100944,"AIForg_resp","Beauty"
"S133",0.0222426814147493,-0.0339537601086561,"ForgOri_resp","Beauty"
"S133",0.0339037275828103,-0.0592154168136069,"AIOri_resp","Beauty"
"S133",0.0270952832280026,-0.0268422499095586,"AIForg_resp","Beauty"
"S134",0.0139549668852119,-0.0490088832873637,"ForgOri_resp","Beauty"
"S134",0.0225040592349174,-0.0866150964804153,"AIOri_resp","Beauty"
"S134",0.0233268566447365,-0.0379752113894093,"AIForg_resp","Beauty"
"S135",0.0298058964056078,0.0220833530238139,"ForgOri_resp","Beauty"
"S135",0.0244854571798333,0.0163833907727924,"AIOri_resp","Beauty"
"S135",0.031915513622386,-0.00767443734113893,"AIForg_resp","Beauty"
"S136",0.0153546631381854,-0.0560530066381607,"ForgOri_resp","Beauty"
"S136",0.022886573249034,-0.0244737933634122,"AIOri_resp","Beauty"
"S136",0.020539985237114,0.0323565425501365,"AIForg_resp","Beauty"
"S137",0.0166283623249974,0.0184167309081079,"ForgOri_resp","Beauty"
"S137",0.0291852308276198,-0.0103447937029901,"AIOri_resp","Beauty"
"S137",0.0266714897338883,-0.0251326717216284,"AIForg_resp","Beauty"
"S138",0.0171850924412633,-0.0218984801226083,"ForgOri_resp","Beauty"
"S138",0.0234697062221251,-0.0857844958182044,"AIOri_resp","Beauty"
"S138",0.025165287394161,-0.0655785480689316,"AIForg_resp","Beauty"
"S139",0.0336980155144757,-0.130887221557299,"ForgOri_resp","Beauty"
"S139",0.0379898033819513,-0.0558831653645043,"AIOri_resp","Beauty"
"S139",0.0494596737060915,0.0790771017806648,"AIForg_resp","Beauty"
"S140",0.0202116164179315,-0.00933310570246576,"ForgOri_resp","Beauty"
"S140",0.0316964277756194,-0.00634782464599198,"AIOri_resp","Beauty"
"S140",0.0367115665260386,0.00328286811392414,"AIForg_resp","Beauty"
"S141",0.0234260964652972,0.0208592804803772,"ForgOri_resp","Beauty"
"S141",0.0319652362748984,0.00105803389195641,"AIOri_resp","Beauty"
"S141",0.0280449173042958,-0.0203734364127744,"AIForg_resp","Beauty"
"S142",0.0214365979791616,-0.0764801931532675,"ForgOri_resp","Beauty"
"S142",0.032186768767191,-0.089366382836282,"AIOri_resp","Beauty"
"S142",0.0357776720910874,-0.0154990138419053,"AIForg_resp","Beauty"
"S143",0.0181502971062111,-0.0364308210789259,"ForgOri_resp","Beauty"
"S143",0.0288062609444974,-0.105375047299293,"AIOri_resp","Beauty"
"S143",0.030737688171297,-0.072712211916613,"AIForg_resp","Beauty"
"S144",0.0257846145310869,-0.0304541591240577,"ForgOri_resp","Beauty"
"S144",0.0224853387401243,-0.0641930682597563,"AIOri_resp","Beauty"
"S144",0.028816980327046,-0.0346463002468678,"AIForg_resp","Beauty"
"S145",0.0260542698085722,0.0370052044935621,"ForgOri_resp","Beauty"
"S145",0.0301318568007493,0.0173622058052693,"AIOri_resp","Beauty"
"S145",0.0270021649490016,-0.016798374932473,"AIForg_resp","Beauty"
"S146",0.0170514009402371,0.0270230090816855,"ForgOri_resp","Beauty"
"S146",0.0245824266942805,-0.0621216743864935,"AIOri_resp","Beauty"
"S146",0.0287825096845772,-0.0928919188983724,"AIForg_resp","Beauty"
"S147",0.0165125838395855,-0.0561358302840881,"ForgOri_resp","Beauty"
"S147",0.0271375751914683,-0.123186221668,"AIOri_resp","Beauty"
"S147",0.0346199314593275,-0.0671244486403148,"AIForg_resp","Beauty"
"S149",0.0106762802347102,-0.0045024183244454,"ForgOri_resp","Beauty"
"S149",0.0221799015298689,-0.0746776225178694,"AIOri_resp","Beauty"
"S149",0.0209527193306346,-0.0664508193298975,"AIForg_resp","Beauty"
"S151",0.010716019633785,-0.0329517325555737,"ForgOri_resp","Beauty"
"S151",0.0189558496586529,-0.00464702283629154,"AIOri_resp","Beauty"
"S151",0.0175241473788564,0.0272849591653355,"AIForg_resp","Beauty"
"S152",0.0351759188682604,0.0959366720826054,"ForgOri_resp","Beauty"
"S152",0.0353679696696894,-0.0502458165620285,"AIOri_resp","Beauty"
"S152",0.0423182193554931,-0.143332738853155,"AIForg_resp","Beauty"
"S153",0.0175532749632992,-0.0255243683471307,"ForgOri_resp","Beauty"
"S153",0.0204369669514778,-0.0569253089366016,"AIOri_resp","Beauty"
"S153",0.0215155497973331,-0.0311169274325307,"AIForg_resp","Beauty"
"S154",0.0252387609019066,-0.0559129049078582,"ForgOri_resp","Beauty"
"S154",0.0381208322322683,-0.104695910946711,"AIOri_resp","Beauty"
"S154",0.046673231917481,-0.0463293972761388,"AIForg_resp","Beauty"
"S155",0.0191852528296859,-0.0381113128997488,"ForgOri_resp","Beauty"
"S155",0.0244779225481922,-0.0604403263214009,"AIOri_resp","Beauty"
"S155",0.0273513220254251,-0.0223358998964409,"AIForg_resp","Beauty"
"S156",0.0153378702750844,-0.106252329902643,"ForgOri_resp","Beauty"
"S156",0.026195407541828,-0.0982458819188587,"AIOri_resp","Beauty"
"S156",0.0259848429588003,0.00399771695281054,"AIForg_resp","Beauty"
"S157",0.0190931417375862,-0.0360309096478571,"ForgOri_resp","Beauty"
"S157",0.0351407130661523,-0.10311895441092,"AIOri_resp","Beauty"
"S157",0.0399233047571724,-0.0654475074169704,"AIForg_resp","Beauty"
"S159",0.0220054609340639,0.00622761593832208,"ForgOri_resp","Beauty"
"S159",0.0248742982625548,-0.0462718926785117,"AIOri_resp","Beauty"
"S159",0.0272105456010023,-0.0510758392094648,"AIForg_resp","Beauty"
"S160",0.0271859751934365,-0.0637818898325076,"ForgOri_resp","Beauty"
"S160",0.031823058879314,-0.000860847457292979,"AIOri_resp","Beauty"
"S160",0.0368597449230828,0.0582388224634156,"AIForg_resp","Beauty"
"S162",0.0248901256758425,-0.00415733290545356,"ForgOri_resp","Beauty"
"S162",0.0402667418256439,-0.0130143734690712,"AIOri_resp","Beauty"
"S162",0.0293100668152222,-0.00938970190887395,"AIForg_resp","Beauty"
"S163",0.0189663659062755,-0.0539361913108675,"ForgOri_resp","Beauty"
"S163",0.0230408625477694,-0.071337116310437,"AIOri_resp","Beauty"
"S163",0.024665578734697,-0.0195844289188223,"AIForg_resp","Beauty"
"S164",0.0224473870685216,-0.0253127990113051,"ForgOri_resp","Beauty"
"S164",0.0301635624794243,-0.0254069065862553,"AIOri_resp","Beauty"
"S164",0.0403061167665323,-0.00376687956201788,"AIForg_resp","Beauty"
"S109",0.0693977026197998,0.556772437559193,"Baseline_mu","Beauty"
"S110",0.056501675443235,0.661916316962621,"Baseline_mu","Beauty"
"S111",0.0633279751038492,0.694356745170799,"Baseline_mu","Beauty"
"S112",0.0363084119365681,0.863601896308124,"Baseline_mu","Beauty"
"S113",0.058995965365101,0.322557735498614,"Baseline_mu","Beauty"
"S114",0.0647274676762863,0.524308440916252,"Baseline_mu","Beauty"
"S116",0.0692045218741437,0.610688144852097,"Baseline_mu","Beauty"
"S117",0.0736636196261034,0.531620357923218,"Baseline_mu","Beauty"
"S118",0.0617694857862597,0.799489805466131,"Baseline_mu","Beauty"
"S119",0.0695499569749568,0.53659633597583,"Baseline_mu","Beauty"
"S120",0.0813817227517614,0.608963513720217,"Baseline_mu","Beauty"
"S121",0.0540765404817918,0.556311086954682,"Baseline_mu","Beauty"
"S122",0.0579522777852178,0.776760412482428,"Baseline_mu","Beauty"
"S123",0.0510431006955374,0.618723338764861,"Baseline_mu","Beauty"
"S124",0.0769606563623881,0.329501568789882,"Baseline_mu","Beauty"
"S125",0.0209652664291285,0.954153741083071,"Baseline_mu","Beauty"
"S127",0.0545888813356374,0.733072745764172,"Baseline_mu","Beauty"
"S128",0.0572256140934435,0.583301784530393,"Baseline_mu","Beauty"
"S129",0.0573629959269365,0.633859848866583,"Baseline_mu","Beauty"
"S130",0.0646477241538316,0.557571349108434,"Baseline_mu","Beauty"
"S131",0.0666736117495339,0.309643022915333,"Baseline_mu","Beauty"
"S132",0.0506095629415666,0.840310992132212,"Baseline_mu","Beauty"
"S133",0.0643866183546218,0.758114494493259,"Baseline_mu","Beauty"
"S134",0.0543874245714127,0.553347475215375,"Baseline_mu","Beauty"
"S135",0.0548296012291202,0.560200643494353,"Baseline_mu","Beauty"
"S136",0.0669437805707881,0.316569369386559,"Baseline_mu","Beauty"
"S137",0.0499802371929543,0.445326114283628,"Baseline_mu","Beauty"
"S138",0.0673240613861582,0.477077041941749,"Baseline_mu","Beauty"
"S139",0.0508211438550732,0.712016501761389,"Baseline_mu","Beauty"
"S140",0.0824571180997299,0.699502338308651,"Baseline_mu","Beauty"
"S141",0.0522505598061635,0.785167876606266,"Baseline_mu","Beauty"
"S142",0.0674442697263414,0.732030742250081,"Baseline_mu","Beauty"
"S143",0.0584088493950988,0.683382951420508,"Baseline_mu","Beauty"
"S144",0.0638245963164754,0.777603455287403,"Baseline_mu","Beauty"
"S145",0.0663063342077644,0.574115594854107,"Baseline_mu","Beauty"
"S146",0.0556981929250703,0.204537846634797,"Baseline_mu","Beauty"
"S147",0.0434218653552471,0.896414472681871,"Baseline_mu","Beauty"
"S149",0.0718671333589225,0.596787629096435,"Baseline_mu","Beauty"
"S151",0.0543689350224069,0.78100632667912,"Baseline_mu","Beauty"
"S152",0.0748884392880582,0.260231527592113,"Baseline_mu","Beauty"
"S153",0.0522671860743943,0.387916578988165,"Baseline_mu","Beauty"
"S154",0.0558199636673859,0.66508319798241,"Baseline_mu","Beauty"
"S155",0.0443290364679971,0.414934797337156,"Baseline_mu","Beauty"
"S156",0.0607653737398811,0.370371260956612,"Baseline_mu","Beauty"
"S157",0.0774127944843751,0.745273865331814,"Baseline_mu","Beauty"
"S159",0.0433730322636073,0.206495160740795,"Baseline_mu","Beauty"
"S160",0.0574757938378935,0.836187657712901,"Baseline_mu","Beauty"
"S162",0.0701432304006366,0.616739656114984,"Baseline_mu","Beauty"
"S163",0.0396442196751836,0.918646925415104,"Baseline_mu","Beauty"
"S164",0.0712663222545784,0.570887775116435,"Baseline_mu","Beauty"
"S109",0.0474106155047025,-0.0183679258261884,"ForgOri_mu","Beauty"
"S109",0.0725495202563115,-0.247126096858917,"AIOri_mu","Beauty"
"S109",0.0668440383204795,-0.212876343100718,"AIForg_mu","Beauty"
"S110",0.0420157169653856,-0.124917102135916,"ForgOri_mu","Beauty"
"S110",0.0680531507146458,-0.300111656872235,"AIOri_mu","Beauty"
"S110",0.0662578631296628,-0.175492752425108,"AIForg_mu","Beauty"
"S111",0.0543736712286307,0.00349511387275209,"ForgOri_mu","Beauty"
"S111",0.0870913816911685,-0.172275120568351,"AIOri_mu","Beauty"
"S111",0.0753285768973429,-0.167745177217088,"AIForg_mu","Beauty"
"S112",0.049099493697529,-0.109352327674367,"ForgOri_mu","Beauty"
"S112",0.0795358989428647,-0.284631840840096,"AIOri_mu","Beauty"
"S112",0.0846214946565651,-0.172244065717422,"AIForg_mu","Beauty"
"S113",0.0485116667798239,0.139882146036863,"ForgOri_mu","Beauty"
"S113",0.0863817550023832,-0.0344551558002799,"AIOri_mu","Beauty"
"S113",0.0769659407905904,-0.176308163594492,"AIForg_mu","Beauty"
"S114",0.0431748412695575,0.016451030626054,"ForgOri_mu","Beauty"
"S114",0.083106277349714,-0.250466189650855,"AIOri_mu","Beauty"
"S114",0.0685630870175106,-0.265522797711244,"AIForg_mu","Beauty"
"S116",0.0633020524188326,-0.109657505002187,"ForgOri_mu","Beauty"
"S116",0.0682666249227053,-0.0395422639574052,"AIOri_mu","Beauty"
"S116",0.0810827584654061,0.064876972242592,"AIForg_mu","Beauty"
"S117",0.0504174086751727,0.0306310306516664,"ForgOri_mu","Beauty"
"S117",0.0645310862395377,0.00402928866659719,"AIOri_mu","Beauty"
"S117",0.0775172064107282,-0.0281099787625943,"AIForg_mu","Beauty"
"S118",0.040000125135254,-0.0101704862388708,"ForgOri_mu","Beauty"
"S118",0.0804523994924552,-0.0760627925654965,"AIOri_mu","Beauty"
"S118",0.0629878953565627,-0.0651169965116334,"AIForg_mu","Beauty"
"S119",0.0444010901521724,-0.146522712012874,"ForgOri_mu","Beauty"
"S119",0.0798204795308651,-0.288176650382856,"AIOri_mu","Beauty"
"S119",0.0944642584974876,-0.146713851190393,"AIForg_mu","Beauty"
"S120",0.0527606597068112,-0.319293549480574,"ForgOri_mu","Beauty"
"S120",0.0792981087925096,-0.048708891090775,"AIOri_mu","Beauty"
"S120",0.0831689465031575,0.266578384860009,"AIForg_mu","Beauty"
"S121",0.039351178755571,-0.175641469707224,"ForgOri_mu","Beauty"
"S121",0.0773751875708605,-0.15233465795229,"AIOri_mu","Beauty"
"S121",0.0771025670243651,0.0276603973986542,"AIForg_mu","Beauty"
"S122",0.0538469893899872,-0.118500361868672,"ForgOri_mu","Beauty"
"S122",0.0627723758608836,-0.295209438154143,"AIOri_mu","Beauty"
"S122",0.0872359462396547,-0.184358343528334,"AIForg_mu","Beauty"
"S123",0.0477516284995073,-0.264121572423656,"ForgOri_mu","Beauty"
"S123",0.0745254613340979,-0.17002010545225,"AIOri_mu","Beauty"
"S123",0.0911898622107016,0.103804315832308,"AIForg_mu","Beauty"
"S124",0.0733302168579717,0.223910950380545,"ForgOri_mu","Beauty"
"S124",0.0865850440055972,0.0106907694279032,"AIOri_mu","Beauty"
"S124",0.0770274396376196,-0.198859429242293,"AIForg_mu","Beauty"
"S125",0.0183307039501801,-0.0179154444303549,"ForgOri_mu","Beauty"
"S125",0.0424473460438141,-0.0510722409333097,"AIOri_mu","Beauty"
"S125",0.0526147395067235,-0.0318398121849692,"AIForg_mu","Beauty"
"S127",0.0709135484275558,-0.22090442895925,"ForgOri_mu","Beauty"
"S127",0.0571873761181432,-0.131454263645579,"AIOri_mu","Beauty"
"S127",0.0931692294299042,0.0738098571049897,"AIForg_mu","Beauty"
"S128",0.0507319825705837,-0.138582740313359,"ForgOri_mu","Beauty"
"S128",0.0686111439347137,-0.249423060564227,"AIOri_mu","Beauty"
"S128",0.0988129872328194,-0.122306502135103,"AIForg_mu","Beauty"
"S129",0.0513217314761676,-0.162032078955935,"ForgOri_mu","Beauty"
"S129",0.0734526382941376,-0.163265874138167,"AIOri_mu","Beauty"
"S129",0.0610363264677634,-0.00388001445037592,"AIForg_mu","Beauty"
"S130",0.0374210588788538,-0.101597839177509,"ForgOri_mu","Beauty"
"S130",0.0712688472638255,-0.117344355134095,"AIOri_mu","Beauty"
"S130",0.063487434500603,-0.0196017730138918,"AIForg_mu","Beauty"
"S131",0.0391531397435613,-0.107634152258339,"ForgOri_mu","Beauty"
"S131",0.066483236575929,-0.170033360532405,"AIOri_mu","Beauty"
"S131",0.0705212490762921,-0.0603489443909516,"AIForg_mu","Beauty"
"S132",0.046295961712289,-0.156859969307017,"ForgOri_mu","Beauty"
"S132",0.0696399931141149,-0.214246716471488,"AIOri_mu","Beauty"
"S132",0.0794300814335239,-0.0356569682277171,"AIForg_mu","Beauty"
"S133",0.0495966739315052,-0.054277666481805,"ForgOri_mu","Beauty"
"S133",0.0724961680587865,-0.154926777051078,"AIOri_mu","Beauty"
"S133",0.0828041327361286,-0.0918826940516383,"AIForg_mu","Beauty"
"S134",0.0355467645545301,-0.107106055158851,"ForgOri_mu","Beauty"
"S134",0.0802346498576987,-0.210771259469465,"AIOri_mu","Beauty"
"S134",0.0879891805617953,-0.10082072548016,"AIForg_mu","Beauty"
"S135",0.0596745405700495,0.055151177398375,"ForgOri_mu","Beauty"
"S135",0.0783576428567357,0.0737546731832125,"AIOri_mu","Beauty"
"S135",0.0824720762995787,0.0276066554069633,"AIForg_mu","Beauty"
"S136",0.0302871243096303,-0.124139726896544,"ForgOri_mu","Beauty"
"S136",0.0794806475355737,-0.109770993458209,"AIOri_mu","Beauty"
"S136",0.063149597216225,0.0188669354089458,"AIForg_mu","Beauty"
"S137",0.0378130843978474,0.0419489676823316,"ForgOri_mu","Beauty"
"S137",0.067984669214133,0.0360595104093018,"AIOri_mu","Beauty"
"S137",0.0612746566990175,-0.0146671473040219,"AIForg_mu","Beauty"
"S138",0.0581960396165975,0.0049312320089272,"ForgOri_mu","Beauty"
"S138",0.0898739588286625,-0.225062811396478,"AIOri_mu","Beauty"
"S138",0.0985100664185164,-0.222234462962924,"AIForg_mu","Beauty"
"S139",0.0546033344508292,-0.170183943596092,"ForgOri_mu","Beauty"
"S139",0.067914635717571,-0.0600608463576193,"AIOri_mu","Beauty"
"S139",0.0800035152656412,0.109174044256537,"AIForg_mu","Beauty"
"S140",0.0530700855569322,-0.0049676362761007,"ForgOri_mu","Beauty"
"S140",0.0893522299354412,0.0552828980232364,"AIOri_mu","Beauty"
"S140",0.0727086429178381,0.0607352534752796,"AIForg_mu","Beauty"
"S141",0.0375290467058213,0.0823699377226969,"ForgOri_mu","Beauty"
"S141",0.0684186609502721,0.0467735546945251,"AIOri_mu","Beauty"
"S141",0.0729749816441123,-0.0388399906110506,"AIForg_mu","Beauty"
"S142",0.0516667046483201,-0.144758877819427,"ForgOri_mu","Beauty"
"S142",0.0722764364220446,-0.145435394900373,"AIOri_mu","Beauty"
"S142",0.0698319689899187,-0.00800999411999437,"AIForg_mu","Beauty"
"S143",0.0440541652527049,-0.0665384777653331,"ForgOri_mu","Beauty"
"S143",0.0879774951093151,-0.198265709775795,"AIOri_mu","Beauty"
"S143",0.0868383175487932,-0.122371317232346,"AIForg_mu","Beauty"
"S144",0.061712652467999,-0.0459159770607288,"ForgOri_mu","Beauty"
"S144",0.0638946745681303,-0.114336352768139,"AIOri_mu","Beauty"
"S144",0.0683759159155063,-0.0693772198694146,"AIForg_mu","Beauty"
"S145",0.0639548095474153,0.121962701904424,"ForgOri_mu","Beauty"
"S145",0.105116481878421,0.0883505901902981,"AIOri_mu","Beauty"
"S145",0.0699148764168606,-0.0289636798961614,"AIForg_mu","Beauty"
"S146",0.0298153599871979,0.115802822761397,"ForgOri_mu","Beauty"
"S146",0.0454520098572976,-0.113170108889772,"AIOri_mu","Beauty"
"S146",0.0672141949499332,-0.229913233387177,"AIForg_mu","Beauty"
"S147",0.0420578206435116,-0.0554254521147516,"ForgOri_mu","Beauty"
"S147",0.0686078958999424,-0.183452824729404,"AIOri_mu","Beauty"
"S147",0.07147605039683,-0.124982935535653,"AIForg_mu","Beauty"
"S149",0.0529787682583779,0.017179309841492,"ForgOri_mu","Beauty"
"S149",0.0695182977670613,-0.179475511567626,"AIOri_mu","Beauty"
"S149",0.0640606399002397,-0.189827381837751,"AIForg_mu","Beauty"
"S151",0.0395442452317853,-0.064216627435504,"ForgOri_mu","Beauty"
"S151",0.0557008756765084,0.0512256377242951,"AIOri_mu","Beauty"
"S151",0.0577276348943129,0.117167194200779,"AIForg_mu","Beauty"
"S152",0.0619124642251302,0.163186926177249,"ForgOri_mu","Beauty"
"S152",0.0633980974502192,-0.0920717710309786,"AIOri_mu","Beauty"
"S152",0.065556560722748,-0.252018062015799,"AIForg_mu","Beauty"
"S153",0.0460763395811958,-0.0660662224595029,"ForgOri_mu","Beauty"
"S153",0.0663387105571295,-0.11721324116631,"AIOri_mu","Beauty"
"S153",0.0735031336475606,-0.0468764272329372,"AIForg_mu","Beauty"
"S154",0.0648547940045908,-0.0763746308791238,"ForgOri_mu","Beauty"
"S154",0.0968481456495295,-0.198218994456837,"AIOri_mu","Beauty"
"S154",0.0839532259091849,-0.121408058849166,"AIForg_mu","Beauty"
"S155",0.035608822491307,-0.0743000492021937,"ForgOri_mu","Beauty"
"S155",0.0664168430312166,-0.0978724610719406,"AIOri_mu","Beauty"
"S155",0.0639013172609724,-0.0284667732753671,"AIForg_mu","Beauty"
"S156",0.052767078608906,-0.139994583125895,"ForgOri_mu","Beauty"
"S156",0.07581792702789,-0.16257348083417,"AIOri_mu","Beauty"
"S156",0.0658345465395651,-0.0218113447337026,"AIForg_mu","Beauty"
"S157",0.0498588967220409,-0.0469121937938202,"ForgOri_mu","Beauty"
"S157",0.0894054618768365,-0.16587096117491,"AIOri_mu","Beauty"
"S157",0.0971596961432305,-0.126458032239552,"AIForg_mu","Beauty"
"S159",0.0378181630748116,0.00953316279464685,"ForgOri_mu","Beauty"
"S159",0.0330779414455317,-0.064428553448842,"AIOri_mu","Beauty"
"S159",0.0545773573050505,-0.0755626788809016,"AIForg_mu","Beauty"
"S160",0.0427535822694945,-0.0662561088313386,"ForgOri_mu","Beauty"
"S160",0.0611135638578887,0.0400752190777567,"AIOri_mu","Beauty"
"S160",0.0717690409362789,0.10754981999939,"AIForg_mu","Beauty"
"S162",0.0524810851213365,-0.00768586367099142,"ForgOri_mu","Beauty"
"S162",0.0783438223787646,0.0363523449660166,"AIOri_mu","Beauty"
"S162",0.0887727804685933,0.0385993347776498,"AIForg_mu","Beauty"
"S163",0.04904095892901,-0.0726563801385485,"ForgOri_mu","Beauty"
"S163",0.0493141131952982,-0.0615882067386102,"AIOri_mu","Beauty"
"S163",0.0678972130693603,0.00875645709341599,"AIForg_mu","Beauty"
"S164",0.059006771938977,-0.0365650676337997,"ForgOri_mu","Beauty"
"S164",0.0886477746365842,-0.0741956795228776,"AIOri_mu","Beauty"
"S164",0.0988519740492722,-0.037421366373959,"AIForg_mu","Beauty"
"S109",0.040091994788488,0.286834378243646,"Baseline_confright","Beauty"
"S110",0.0356070767481339,0.330177865053967,"Baseline_confright","Beauty"
"S111",0.0331062141419697,0.319088355386295,"Baseline_confright","Beauty"
"S112",0.0329510340072487,0.53409381644931,"Baseline_confright","Beauty"
"S113",0.0379738327284027,0.238157781966644,"Baseline_confright","Beauty"
"S114",0.0358217026445299,0.236057922572018,"Baseline_confright","Beauty"
"S116",0.0205548801129777,0.246314880989774,"Baseline_confright","Beauty"
"S117",0.0561825901810403,0.441223191931274,"Baseline_confright","Beauty"
"S118",0.0303282117630768,0.291177144642182,"Baseline_confright","Beauty"
"S119",0.0411491512846187,0.346043364878033,"Baseline_confright","Beauty"
"S120",0.0415115181610999,0.345294574199168,"Baseline_confright","Beauty"
"S121",0.047063607283035,0.360396454132485,"Baseline_confright","Beauty"
"S122",0.0400976336912784,0.447817790902808,"Baseline_confright","Beauty"
"S123",0.0332538875312805,0.310621410408661,"Baseline_confright","Beauty"
"S124",0.0472911875478462,0.279290381495968,"Baseline_confright","Beauty"
"S125",0.0370873199200359,0.417041393949891,"Baseline_confright","Beauty"
"S127",0.0340219080187141,0.32364694456035,"Baseline_confright","Beauty"
"S128",0.0344762603405124,0.34288990657682,"Baseline_confright","Beauty"
"S129",0.0276488048899548,0.260863844145572,"Baseline_confright","Beauty"
"S130",0.0336241261092477,0.408371101743608,"Baseline_confright","Beauty"
"S131",0.0328748975951512,0.246914621218663,"Baseline_confright","Beauty"
"S132",0.0295221394843447,0.28874907219623,"Baseline_confright","Beauty"
"S133",0.0347138515855896,0.384669210780457,"Baseline_confright","Beauty"
"S134",0.0225916098306176,0.177429332700754,"Baseline_confright","Beauty"
"S135",0.042891935169745,0.459592954255578,"Baseline_confright","Beauty"
"S136",0.0352653919055826,0.138865502285939,"Baseline_confright","Beauty"
"S137",0.0346001157069609,0.276205364055852,"Baseline_confright","Beauty"
"S138",0.0293333148385917,0.187827812412141,"Baseline_confright","Beauty"
"S139",0.0454261414085969,0.580781372470909,"Baseline_confright","Beauty"
"S140",0.0364814613674038,0.460335917777196,"Baseline_confright","Beauty"
"S141",0.039835208271793,0.534956992786508,"Baseline_confright","Beauty"
"S142",0.0275285845640728,0.298999732681243,"Baseline_confright","Beauty"
"S143",0.0351369293109761,0.361107579843496,"Baseline_confright","Beauty"
"S144",0.0312486031425011,0.41469334667106,"Baseline_confright","Beauty"
"S145",0.0348133665481581,0.343271118745245,"Baseline_confright","Beauty"
"S146",0.0305492487339808,0.177486424001238,"Baseline_confright","Beauty"
"S147",0.0443442167406932,0.467671866371519,"Baseline_confright","Beauty"
"S149",0.0283776985527554,0.203612875952318,"Baseline_confright","Beauty"
"S151",0.0219487348077691,0.276610125441457,"Baseline_confright","Beauty"
"S152",0.0324265500650615,0.239710738776165,"Baseline_confright","Beauty"
"S153",0.032120677148213,0.193498965874988,"Baseline_confright","Beauty"
"S154",0.0509497567681946,0.462707168141503,"Baseline_confright","Beauty"
"S155",0.0320343990879429,0.215502987673533,"Baseline_confright","Beauty"
"S156",0.0335234610080005,0.173846643650263,"Baseline_confright","Beauty"
"S157",0.0515055637794188,0.503951943615258,"Baseline_confright","Beauty"
"S159",0.0830206268426419,0.366691990450519,"Baseline_confright","Beauty"
"S160",0.0344321910323897,0.419818985317522,"Baseline_confright","Beauty"
"S162",0.0339105803483453,0.416986234341023,"Baseline_confright","Beauty"
"S163",0.0342033632550794,0.477648010954528,"Baseline_confright","Beauty"
"S164",0.0323785761199385,0.356215177551251,"Baseline_confright","Beauty"
"S109",0.01795377890385,-0.0215805592380636,"ForgOri_confright","Beauty"
"S109",0.0254810993981744,-0.0254595636934007,"AIOri_confright","Beauty"
"S109",0.0246771935972388,-0.00740955322642327,"AIForg_confright","Beauty"
"S110",0.0165593592791701,-0.0596146224294946,"ForgOri_confright","Beauty"
"S110",0.0258059760696336,-0.0844445949551283,"AIOri_confright","Beauty"
"S110",0.0303561421791839,-0.0263409944707127,"AIForg_confright","Beauty"
"S111",0.0208892419809055,-0.0308797502472822,"ForgOri_confright","Beauty"
"S111",0.0232922726205345,-0.0712718059831011,"AIOri_confright","Beauty"
"S111",0.02937005913092,-0.0352292298053432,"AIForg_confright","Beauty"
"S112",0.0208493233208162,-0.048849881123232,"ForgOri_confright","Beauty"
"S112",0.032987397224738,-0.0813549150114834,"AIOri_confright","Beauty"
"S112",0.0348524699620374,-0.0346299434449257,"AIForg_confright","Beauty"
"S113",0.0164998768058549,-0.0175743566850739,"ForgOri_confright","Beauty"
"S113",0.0184325695142863,-0.0589866053985196,"AIOri_confright","Beauty"
"S113",0.0208895471825623,-0.0423176203447638,"AIForg_confright","Beauty"
"S114",0.014494867676479,-0.0154463903354737,"ForgOri_confright","Beauty"
"S114",0.0207617187448692,-0.0575601627278409,"AIOri_confright","Beauty"
"S114",0.0186333382623309,-0.0424919583905107,"AIForg_confright","Beauty"
"S116",0.0198868568446252,-0.0468829418540498,"ForgOri_confright","Beauty"
"S116",0.0211196613240183,-0.0555031413570082,"AIOri_confright","Beauty"
"S116",0.0229607532831829,-0.00726266567074831,"AIForg_confright","Beauty"
"S117",0.0298742584166275,-0.0315266593635776,"ForgOri_confright","Beauty"
"S117",0.0372802131409677,-0.0125222720566247,"AIOri_confright","Beauty"
"S117",0.0408450794404532,0.0147058484122274,"AIForg_confright","Beauty"
"S118",0.0190809209970965,-0.0224132113424602,"ForgOri_confright","Beauty"
"S118",0.0174995370187313,-0.0458577396132707,"AIOri_confright","Beauty"
"S118",0.025502488822724,-0.0214363088533702,"AIForg_confright","Beauty"
"S119",0.0335326307294195,-0.0494008150500686,"ForgOri_confright","Beauty"
"S119",0.0364952888439756,-0.0819141684238392,"AIOri_confright","Beauty"
"S119",0.0306514625466028,-0.0367338812895654,"AIForg_confright","Beauty"
"S120",0.0270010183888876,-0.0479372383420496,"ForgOri_confright","Beauty"
"S120",0.0295568469523037,-0.0493848776331996,"AIOri_confright","Beauty"
"S120",0.0371557913266205,-0.00628044305852579,"AIForg_confright","Beauty"
"S121",0.0212828815744238,-0.0798145559913486,"ForgOri_confright","Beauty"
"S121",0.0207412651349378,-0.0719905040742147,"AIOri_confright","Beauty"
"S121",0.0256737871699861,0.0124786504144655,"AIForg_confright","Beauty"
"S122",0.0277162786387403,-0.0623483312007733,"ForgOri_confright","Beauty"
"S122",0.0307244088418044,-0.0962806689889497,"AIOri_confright","Beauty"
"S122",0.0299515981208802,-0.0346143942128256,"AIForg_confright","Beauty"
"S123",0.0308090466891523,-0.110342887093692,"ForgOri_confright","Beauty"
"S123",0.0315987506103918,-0.0867662561579879,"AIOri_confright","Beauty"
"S123",0.0238979177626922,0.0209751003901933,"AIForg_confright","Beauty"
"S124",0.0194034852191533,-0.0045130865554962,"ForgOri_confright","Beauty"
"S124",0.0267883016421814,-0.0705726428991252,"AIOri_confright","Beauty"
"S124",0.0224818852866059,-0.0647331452581843,"AIForg_confright","Beauty"
"S125",0.0307015784966451,-0.0255742741186091,"ForgOri_confright","Beauty"
"S125",0.0240904510893483,-0.0673037163785542,"AIOri_confright","Beauty"
"S125",0.030570240484208,-0.0444329235270586,"AIForg_confright","Beauty"
"S127",0.0223005429985828,-0.109014095077614,"ForgOri_confright","Beauty"
"S127",0.0207203995872953,-0.0770591134531168,"AIOri_confright","Beauty"
"S127",0.0237899487464164,0.0335698647395155,"AIForg_confright","Beauty"
"S128",0.0212492940642467,-0.062350136361613,"ForgOri_confright","Beauty"
"S128",0.0247730241417778,-0.0892990199820467,"AIOri_confright","Beauty"
"S128",0.0266401818849479,-0.023076360400409,"AIForg_confright","Beauty"
"S129",0.0195149195353463,-0.0457240336330395,"ForgOri_confright","Beauty"
"S129",0.0207508389325375,-0.0639952040936945,"AIOri_confright","Beauty"
"S129",0.0236594202862119,-0.0109822903499143,"AIForg_confright","Beauty"
"S130",0.0259685500854356,-0.0479634367666689,"ForgOri_confright","Beauty"
"S130",0.0261614183178396,-0.0528181582229174,"AIOri_confright","Beauty"
"S130",0.0313938042735543,-0.000575000932249492,"AIForg_confright","Beauty"
"S131",0.0190273325945494,-0.0428930777507497,"ForgOri_confright","Beauty"
"S131",0.0194036570150045,-0.0460997453985682,"AIOri_confright","Beauty"
"S131",0.0218153235920081,-0.00697354504884934,"AIForg_confright","Beauty"
"S132",0.0241704888872361,-0.0578559575129634,"ForgOri_confright","Beauty"
"S132",0.0193026258466892,-0.0772993950489794,"AIOri_confright","Beauty"
"S132",0.0202850375373161,-0.0192665632960959,"AIForg_confright","Beauty"
"S133",0.0192832730483938,-0.0566151359520384,"ForgOri_confright","Beauty"
"S133",0.0263210132142408,-0.0573082325310857,"AIOri_confright","Beauty"
"S133",0.0247694177431993,-0.00409846567397892,"AIForg_confright","Beauty"
"S134",0.0168491248129366,-0.0350015257616348,"ForgOri_confright","Beauty"
"S134",0.0185708405839028,-0.0485374721601134,"AIOri_confright","Beauty"
"S134",0.0133332592308649,-0.0114688750648472,"AIForg_confright","Beauty"
"S135",0.0371037061964749,-0.0360261921948814,"ForgOri_confright","Beauty"
"S135",0.0375682418214912,-0.0670123309586586,"AIOri_confright","Beauty"
"S135",0.03082933711475,-0.0342060944714616,"AIForg_confright","Beauty"
"S136",0.0171230154717357,-0.0237913267927631,"ForgOri_confright","Beauty"
"S136",0.0162640448491822,-0.0245391079076856,"AIOri_confright","Beauty"
"S136",0.017623385298579,-0.00204329351582308,"AIForg_confright","Beauty"
"S137",0.016049318199005,-0.0249394479219262,"ForgOri_confright","Beauty"
"S137",0.0235937093041357,-0.0442193337696465,"AIOri_confright","Beauty"
"S137",0.0257804194120404,-0.0223320423380518,"AIForg_confright","Beauty"
"S138",0.011204746370512,-0.038167755730724,"ForgOri_confright","Beauty"
"S138",0.0163994778307571,-0.0536359833559632,"AIOri_confright","Beauty"
"S138",0.0172760762037948,-0.0152213291836722,"AIForg_confright","Beauty"
"S139",0.0348307315677912,-0.102946607882669,"ForgOri_confright","Beauty"
"S139",0.024589179377896,-0.0698757916785762,"AIOri_confright","Beauty"
"S139",0.0336722812668099,0.0333207646964904,"AIForg_confright","Beauty"
"S140",0.0270856057010114,-0.035600016028307,"ForgOri_confright","Beauty"
"S140",0.0315139115250206,-0.0551647765066487,"AIOri_confright","Beauty"
"S140",0.034813407373841,-0.0179779893628323,"AIForg_confright","Beauty"
"S141",0.0406015589542849,-0.0524241841896666,"ForgOri_confright","Beauty"
"S141",0.0344232106176222,-0.0398052086745222,"AIOri_confright","Beauty"
"S141",0.0399015616857751,0.00691195987082593,"AIForg_confright","Beauty"
"S142",0.0205754192454346,-0.0635691345310773,"ForgOri_confright","Beauty"
"S142",0.0216154379437846,-0.0922784036881389,"AIOri_confright","Beauty"
"S142",0.0252487537467407,-0.035319572603299,"AIForg_confright","Beauty"
"S143",0.0211791054808114,-0.0548693438637453,"ForgOri_confright","Beauty"
"S143",0.0324968215740271,-0.0958574400465252,"AIOri_confright","Beauty"
"S143",0.0252105423636897,-0.0426091697935604,"AIForg_confright","Beauty"
"S144",0.0159889082650494,-0.0466509890452375,"ForgOri_confright","Beauty"
"S144",0.025120158242658,-0.0791684430774885,"AIOri_confright","Beauty"
"S144",0.0175529455617173,-0.0358865169950327,"AIForg_confright","Beauty"
"S145",0.0310787954127907,-0.0303714132792359,"ForgOri_confright","Beauty"
"S145",0.0354614484532167,-0.0537234524669921,"AIOri_confright","Beauty"
"S145",0.026302215707526,-0.0246958115318013,"AIForg_confright","Beauty"
"S146",0.0170047411959983,-0.0145479222867992,"ForgOri_confright","Beauty"
"S146",0.0160321113841629,-0.0260836220499692,"AIOri_confright","Beauty"
"S146",0.0222284054372477,-0.0154206493420596,"AIForg_confright","Beauty"
"S147",0.0241343780406215,-0.0597290167733881,"ForgOri_confright","Beauty"
"S147",0.0293135309028701,-0.0955059803872369,"AIOri_confright","Beauty"
"S147",0.0323079729072868,-0.0358914191365418,"AIForg_confright","Beauty"
"S149",0.0124859814947462,-0.0234872232518572,"ForgOri_confright","Beauty"
"S149",0.0175101457467426,-0.0419495490777607,"AIOri_confright","Beauty"
"S149",0.0189478065378021,-0.0192517617901167,"AIForg_confright","Beauty"
"S151",0.0197640589512093,-0.0475791420899338,"ForgOri_confright","Beauty"
"S151",0.0195553744044874,-0.0472103351192858,"AIOri_confright","Beauty"
"S151",0.0271694949512331,0.00379226187486921,"AIForg_confright","Beauty"
"S152",0.0257863280062117,0.00918639142915181,"ForgOri_confright","Beauty"
"S152",0.0228075868573396,-0.0377766419961257,"AIOri_confright","Beauty"
"S152",0.0199419900451864,-0.0477116735270156,"AIForg_confright","Beauty"
"S153",0.0136073339535533,-0.0449126476011526,"ForgOri_confright","Beauty"
"S153",0.0172007602632666,-0.037111455780533,"AIOri_confright","Beauty"
"S153",0.0171537230105658,0.00818001319858466,"AIForg_confright","Beauty"
"S154",0.0255920114233707,-0.0605671748740722,"ForgOri_confright","Beauty"
"S154",0.0284892646143348,-0.0851344043427682,"AIOri_confright","Beauty"
"S154",0.0272181831026965,-0.0237432751344071,"AIForg_confright","Beauty"
"S155",0.0177554162162446,-0.0505399856230682,"ForgOri_confright","Beauty"
"S155",0.0137361409450688,-0.0369693104373384,"AIOri_confright","Beauty"
"S155",0.0202035634999805,0.0127817523445034,"AIForg_confright","Beauty"
"S156",0.0151357776424231,-0.0393454919858837,"ForgOri_confright","Beauty"
"S156",0.0206886441327428,-0.0383275172139258,"AIOri_confright","Beauty"
"S156",0.0154736206721024,0.0044205767429597,"AIForg_confright","Beauty"
"S157",0.0238316360754763,-0.0379230034650374,"ForgOri_confright","Beauty"
"S157",0.0354561991625849,-0.0615512975063584,"AIOri_confright","Beauty"
"S157",0.0319510613934347,-0.0275978329881187,"AIForg_confright","Beauty"
"S159",0.0268104763630045,-0.036506161762126,"ForgOri_confright","Beauty"
"S159",0.032459561906899,-0.0656396286771608,"AIOri_confright","Beauty"
"S159",0.0331360215154595,-0.0292744948080995,"AIForg_confright","Beauty"
"S160",0.0222812368442867,-0.074201883832499,"ForgOri_confright","Beauty"
"S160",0.0247854041862604,-0.0351336694988604,"AIOri_confright","Beauty"
"S160",0.0308364531568987,0.0459041986303058,"AIForg_confright","Beauty"
"S162",0.0255844974925527,-0.0440743261181301,"ForgOri_confright","Beauty"
"S162",0.0335656183773325,-0.0936543307291916,"AIOri_confright","Beauty"
"S162",0.0257229793755335,-0.0527784750219081,"AIForg_confright","Beauty"
"S163",0.0251922445127382,-0.07164237734046,"ForgOri_confright","Beauty"
"S163",0.0310757963781205,-0.112682463432414,"AIOri_confright","Beauty"
"S163",0.0315449920508912,-0.0397769913409292,"AIForg_confright","Beauty"
"S164",0.0232272575669479,-0.0374485403003195,"ForgOri_confright","Beauty"
"S164",0.0331034611907709,-0.0159784097260383,"AIOri_confright","Beauty"
"S164",0.0286790064171954,0.0171741823142613,"AIForg_confright","Beauty"
"S109",0.0429736841707446,0.497458922737163,"Baseline_confleft","Beauty"
"S110",0.0579184831097259,0.387580214892297,"Baseline_confleft","Beauty"
"S111",0.0380751869992118,0.273185516697052,"Baseline_confleft","Beauty"
"S112",0.0359598486869029,0.225529011687664,"Baseline_confleft","Beauty"
"S113",0.0274478678317795,0.310619898747081,"Baseline_confleft","Beauty"
"S114",0.0495278301918105,0.440039630573992,"Baseline_confleft","Beauty"
"S116",0.0254783980448494,0.199908448201081,"Baseline_confleft","Beauty"
"S117",0.0431362982343025,0.564824492855118,"Baseline_confleft","Beauty"
"S118",0.0437331329544457,0.264200554992894,"Baseline_confleft","Beauty"
"S119",0.0363003515506568,0.371972958775026,"Baseline_confleft","Beauty"
"S120",0.0489221049207442,0.348539978300302,"Baseline_confleft","Beauty"
"S121",0.0448722737644371,0.330689920090473,"Baseline_confleft","Beauty"
"S122",0.0516499805429914,0.406269986233444,"Baseline_confleft","Beauty"
"S123",0.0368868166883012,0.276481572920266,"Baseline_confleft","Beauty"
"S124",0.0525367944501707,0.451355079515818,"Baseline_confleft","Beauty"
"S125",0.100568501984218,0.425917072871896,"Baseline_confleft","Beauty"
"S127",0.0563850221985279,0.34605933208472,"Baseline_confleft","Beauty"
"S128",0.0315187111365192,0.328418530989447,"Baseline_confleft","Beauty"
"S129",0.0471081959647115,0.420248727860061,"Baseline_confleft","Beauty"
"S130",0.0474544778455743,0.474317362968684,"Baseline_confleft","Beauty"
"S131",0.028474207772154,0.288695870070978,"Baseline_confleft","Beauty"
"S132",0.0420505218689753,0.186144538929844,"Baseline_confleft","Beauty"
"S133",0.0521140754609769,0.256037693189944,"Baseline_confleft","Beauty"
"S134",0.0388957111796989,0.350394231184238,"Baseline_confleft","Beauty"
"S135",0.0398109819901852,0.308276838546826,"Baseline_confleft","Beauty"
"S136",0.0234920930918688,0.429200922233245,"Baseline_confleft","Beauty"
"S137",0.0408427863785525,0.359425849552628,"Baseline_confleft","Beauty"
"S138",0.0380307464825017,0.378581994923253,"Baseline_confleft","Beauty"
"S139",0.0466962910846378,0.610269353928359,"Baseline_confleft","Beauty"
"S140",0.0617065649690975,0.353288001067708,"Baseline_confleft","Beauty"
"S141",0.0572189904742227,0.4035314625407,"Baseline_confleft","Beauty"
"S142",0.0568617034617946,0.348578373299731,"Baseline_confleft","Beauty"
"S143",0.0465363657890483,0.298571038503929,"Baseline_confleft","Beauty"
"S144",0.0484714285919099,0.253259991283301,"Baseline_confleft","Beauty"
"S145",0.0398635221725328,0.387998504767716,"Baseline_confleft","Beauty"
"S146",0.0258376858928684,0.547731489384665,"Baseline_confleft","Beauty"
"S147",0.0539769521944981,0.277182546090862,"Baseline_confleft","Beauty"
"S149",0.0444918832038738,0.328000266629167,"Baseline_confleft","Beauty"
"S151",0.043153104939446,0.193843275565916,"Baseline_confleft","Beauty"
"S152",0.0518253493174244,0.627963669594869,"Baseline_confleft","Beauty"
"S153",0.0372252566010295,0.321213883261664,"Baseline_confleft","Beauty"
"S154",0.0484238336555423,0.394213223985873,"Baseline_confleft","Beauty"
"S155",0.0450442124842612,0.531720639377271,"Baseline_confleft","Beauty"
"S156",0.0474111982166558,0.502892693141872,"Baseline_confleft","Beauty"
"S157",0.0505781577086197,0.367394886224821,"Baseline_confleft","Beauty"
"S159",0.0456563800403629,0.691525961876196,"Baseline_confleft","Beauty"
"S160",0.0498698287415509,0.546622591690031,"Baseline_confleft","Beauty"
"S162",0.0375914124671503,0.460684390522688,"Baseline_confleft","Beauty"
"S163",0.0519802968678434,0.202812183167432,"Baseline_confleft","Beauty"
"S164",0.0428804962202902,0.492984474969193,"Baseline_confleft","Beauty"
"S109",0.0327026647213681,0.00134903394829858,"ForgOri_confleft","Beauty"
"S109",0.0284324227134613,0.0263046803710194,"AIOri_confleft","Beauty"
"S109",0.0380113431319314,0.0219015227730376,"AIForg_confleft","Beauty"
"S110",0.035204733951479,0.0743230232147748,"ForgOri_confleft","Beauty"
"S110",0.0324873457118127,0.050430902016305,"AIOri_confleft","Beauty"
"S110",0.0454385416149733,-0.0178190181366038,"AIForg_confleft","Beauty"
"S111",0.0248231759751837,0.00866484370836432,"ForgOri_confleft","Beauty"
"S111",0.0221560649373274,0.0633245859273783,"AIOri_confleft","Beauty"
"S111",0.0357249402196544,0.0501465140920741,"AIForg_confleft","Beauty"
"S112",0.0230061590652242,0.0320643047066834,"ForgOri_confleft","Beauty"
"S112",0.029174195319526,0.0401538236975549,"AIOri_confleft","Beauty"
"S112",0.029450572715694,0.00669350099179863,"AIForg_confleft","Beauty"
"S113",0.0229124498096959,-0.0139131903604336,"ForgOri_confleft","Beauty"
"S113",0.0185254244182977,0.0132394900991821,"AIOri_confleft","Beauty"
"S113",0.0300601144651205,0.03050204097809,"AIForg_confleft","Beauty"
"S114",0.0286993391503872,0.0185210373951626,"ForgOri_confleft","Beauty"
"S114",0.0318645224424465,0.0859512619825346,"AIOri_confleft","Beauty"
"S114",0.0427207030191576,0.0682543970127342,"AIForg_confleft","Beauty"
"S116",0.0220284057629809,0.00115807413845394,"ForgOri_confleft","Beauty"
"S116",0.02165291165374,-0.00503500361638851,"AIOri_confleft","Beauty"
"S116",0.0270187038572736,-0.00690459029665694,"AIForg_confleft","Beauty"
"S117",0.0357776715564467,0.0103573069357043,"ForgOri_confleft","Beauty"
"S117",0.037495460922304,0.010101757612238,"AIOri_confleft","Beauty"
"S117",0.041145022075674,0.00115874669039723,"AIForg_confleft","Beauty"
"S118",0.0236179985811772,0.0086395129878851,"ForgOri_confleft","Beauty"
"S118",0.023340777857124,0.0382515089460816,"AIOri_confleft","Beauty"
"S118",0.032243606343568,0.0249538987184642,"AIForg_confleft","Beauty"
"S119",0.0307295327988645,0.0532824799077042,"ForgOri_confleft","Beauty"
"S119",0.031329899413031,0.0866087558308183,"AIOri_confleft","Beauty"
"S119",0.0316902159532476,0.0323764204614412,"AIForg_confleft","Beauty"
"S120",0.0314359641040305,0.104822500607107,"ForgOri_confleft","Beauty"
"S120",0.031699559322147,0.042774712489919,"AIOri_confleft","Beauty"
"S120",0.0310680424647648,-0.069783928061958,"AIForg_confleft","Beauty"
"S121",0.0278570866028656,0.0941665244529727,"ForgOri_confleft","Beauty"
"S121",0.0299765045072678,0.0208643868352905,"AIOri_confleft","Beauty"
"S121",0.032399381894081,-0.0706749529698239,"AIForg_confleft","Beauty"
"S122",0.0337232641954024,0.0152824450812839,"ForgOri_confleft","Beauty"
"S122",0.0237052240181042,0.0762885539487823,"AIOri_confleft","Beauty"
"S122",0.0490388255333697,0.0607474660863975,"AIForg_confleft","Beauty"
"S123",0.0291615879945602,0.0581386634533118,"ForgOri_confleft","Beauty"
"S123",0.0282503540667307,0.0461771224793781,"AIOri_confleft","Beauty"
"S123",0.0245305589541092,-0.00373868106465913,"AIForg_confleft","Beauty"
"S124",0.0287952747847084,-0.0160630255960858,"ForgOri_confleft","Beauty"
"S124",0.0377346380205268,0.0399827451089385,"AIOri_confleft","Beauty"
"S124",0.0390299876891127,0.0518301808813567,"AIForg_confleft","Beauty"
"S125",0.032711000252357,0.0108151778446571,"ForgOri_confleft","Beauty"
"S125",0.0280669633895412,0.050024052902263,"AIOri_confleft","Beauty"
"S125",0.0329792753610005,0.0436026705886027,"AIForg_confleft","Beauty"
"S127",0.025690174005328,0.0764995545038138,"ForgOri_confleft","Beauty"
"S127",0.0227533864349788,0.0783252179860553,"AIOri_confleft","Beauty"
"S127",0.0324010990620837,-0.000557074400819701,"AIForg_confleft","Beauty"
"S128",0.0302371675196902,0.0501576408575371,"ForgOri_confleft","Beauty"
"S128",0.0243853133238099,0.0816687667788878,"AIOri_confleft","Beauty"
"S128",0.0289954138364944,0.0351962751298777,"AIForg_confleft","Beauty"
"S129",0.0349311814342231,0.0471280837973581,"ForgOri_confleft","Beauty"
"S129",0.0353238617704886,0.0628783713758742,"AIOri_confleft","Beauty"
"S129",0.0346762162361103,0.00554490384391002,"AIForg_confleft","Beauty"
"S130",0.0232949495972026,0.0690817564502274,"ForgOri_confleft","Beauty"
"S130",0.026949052717871,0.0445644185598428,"AIOri_confleft","Beauty"
"S130",0.0326440351398007,-0.023123859445956,"AIForg_confleft","Beauty"
"S131",0.0204848937960277,0.00437487976431195,"ForgOri_confleft","Beauty"
"S131",0.030750167479282,0.0810151523810455,"AIOri_confleft","Beauty"
"S131",0.0351546216090229,0.0777046936587588,"AIForg_confleft","Beauty"
"S132",0.0286799185224379,0.0473389078802795,"ForgOri_confleft","Beauty"
"S132",0.0271866271694987,0.0433925271710762,"AIOri_confleft","Beauty"
"S132",0.0292131038846758,-0.00466053588086962,"AIForg_confleft","Beauty"
"S133",0.0229959347476437,-0.000730928368334757,"ForgOri_confleft","Beauty"
"S133",0.0233815272863806,0.0124277996844245,"AIOri_confleft","Beauty"
"S133",0.029780741649948,0.0117089685233675,"AIForg_confleft","Beauty"
"S134",0.0292390261258501,0.0304695859487762,"ForgOri_confleft","Beauty"
"S134",0.0326193329801929,0.0808639543886219,"AIOri_confleft","Beauty"
"S134",0.0391608161208808,0.0523551380306498,"AIForg_confleft","Beauty"
"S135",0.023571303484897,-0.012502346793885,"ForgOri_confleft","Beauty"
"S135",0.0320042716336023,0.0280292981927332,"AIOri_confleft","Beauty"
"S135",0.0246282860989435,0.0411233415332822,"AIForg_confleft","Beauty"
"S136",0.0337178953228458,0.0732172264306851,"ForgOri_confleft","Beauty"
"S136",0.0289071528551182,0.0185349325931587,"AIOri_confleft","Beauty"
"S136",0.0356445207486309,-0.0563772502686782,"AIForg_confleft","Beauty"
"S137",0.0227392918644599,-0.00944902564872344,"ForgOri_confleft","Beauty"
"S137",0.0320061866601772,0.0240503817901664,"AIOri_confleft","Beauty"
"S137",0.0299067622656607,0.0297143179851216,"AIForg_confleft","Beauty"
"S138",0.0266208730729045,0.0462611195540343,"ForgOri_confleft","Beauty"
"S138",0.0257275550419898,0.101211620500772,"AIOri_confleft","Beauty"
"S138",0.0367307129534322,0.0541597914980596,"AIForg_confleft","Beauty"
"S139",0.0281478606321834,0.0905178622156547,"ForgOri_confleft","Beauty"
"S139",0.0311317222350607,0.0351454907401619,"AIOri_confleft","Beauty"
"S139",0.0359991431993361,-0.0529041650347277,"AIForg_confleft","Beauty"
"S140",0.0194442529762116,0.00559231514033143,"ForgOri_confleft","Beauty"
"S140",0.034856799612132,0.00390016783011668,"AIOri_confleft","Beauty"
"S140",0.0304506960388291,0.00768842161664454,"AIForg_confleft","Beauty"
"S141",0.0293346876727791,-0.02877851565669,"ForgOri_confleft","Beauty"
"S141",0.0396651331656848,-0.0114953045028937,"AIOri_confleft","Beauty"
"S141",0.0300247687802699,0.0185399479298112,"AIForg_confleft","Beauty"
"S142",0.0304071879709026,0.0490106419284147,"ForgOri_confleft","Beauty"
"S142",0.0270697282185466,0.063202711467922,"AIOri_confleft","Beauty"
"S142",0.0418477497160201,0.0202082578288572,"AIForg_confleft","Beauty"
"S143",0.0236890315444902,0.00947007964647376,"ForgOri_confleft","Beauty"
"S143",0.0270437809914763,0.100757795771236,"AIOri_confleft","Beauty"
"S143",0.0352551856160941,0.0944469924969614,"AIForg_confleft","Beauty"
"S144",0.0224635480897048,-0.00315034542017098,"ForgOri_confleft","Beauty"
"S144",0.0219636329557111,0.0243848010886892,"AIOri_confleft","Beauty"
"S144",0.0245912344912546,0.0251691995280814,"AIForg_confleft","Beauty"
"S145",0.0365030819930882,-0.0328347818145336,"ForgOri_confleft","Beauty"
"S145",0.0387191120764882,-0.040790641762624,"AIOri_confleft","Beauty"
"S145",0.0332680942500342,-0.0121725063754405,"AIForg_confleft","Beauty"
"S146",0.0202330017744651,0.0288801686503165,"ForgOri_confleft","Beauty"
"S146",0.0390288489775827,0.0623810042122739,"AIOri_confleft","Beauty"
"S146",0.0328847607931237,0.0410070243862055,"AIForg_confleft","Beauty"
"S147",0.0316634073513186,0.0546536929899453,"ForgOri_confleft","Beauty"
"S147",0.033445247324941,0.115968422783202,"AIOri_confleft","Beauty"
"S147",0.0297906486610225,0.0559683333225609,"AIForg_confleft","Beauty"
"S149",0.0283429053876324,0.00355544851833715,"ForgOri_confleft","Beauty"
"S149",0.0272530555276131,0.0537599411497732,"AIOri_confleft","Beauty"
"S149",0.0310522201609305,0.0540953338184597,"AIForg_confleft","Beauty"
"S151",0.0174023987549167,0.00805497696484549,"ForgOri_confleft","Beauty"
"S151",0.0189125681554391,-0.000164367218715447,"AIOri_confleft","Beauty"
"S151",0.023169279223237,-0.00769330385767664,"AIForg_confleft","Beauty"
"S152",0.0336097945933967,-0.0275357693033013,"ForgOri_confleft","Beauty"
"S152",0.0382819447204943,0.0381989603303416,"AIOri_confleft","Beauty"
"S152",0.036077011882977,0.0709021576439832,"AIForg_confleft","Beauty"
"S153",0.022705575048397,0.0168217391792434,"ForgOri_confleft","Beauty"
"S153",0.0257396563523036,0.0520442064952101,"AIOri_confleft","Beauty"
"S153",0.0313510011836195,0.0335531113585996,"AIForg_confleft","Beauty"
"S154",0.0231576328918194,0.0316179942074927,"ForgOri_confleft","Beauty"
"S154",0.0279915781306672,0.0220002991966906,"AIOri_confleft","Beauty"
"S154",0.0299724960993665,-0.0169230981280764,"AIForg_confleft","Beauty"
"S155",0.0298812556090553,0.0453588091680599,"ForgOri_confleft","Beauty"
"S155",0.0276533612624605,0.057013078702245,"AIOri_confleft","Beauty"
"S155",0.031625813097899,0.00712459037436292,"AIForg_confleft","Beauty"
"S156",0.0325154212482087,0.145835330033292,"ForgOri_confleft","Beauty"
"S156",0.0338972466056546,0.13124574766324,"AIOri_confleft","Beauty"
"S156",0.0362603370727921,-0.0169761850441378,"AIForg_confleft","Beauty"
"S157",0.0321737540145902,0.0341079566747908,"ForgOri_confleft","Beauty"
"S157",0.0307763021451899,0.0810023270590028,"AIOri_confleft","Beauty"
"S157",0.036200369915858,0.0462275942014568,"AIForg_confleft","Beauty"
"S159",0.0260008974517083,-0.00137966922066818,"ForgOri_confleft","Beauty"
"S159",0.0219398519702838,0.021011263197021,"AIOri_confleft","Beauty"
"S159",0.0195424376782651,0.0247147964807503,"AIForg_confleft","Beauty"
"S160",0.0332062288026158,0.072680197580619,"ForgOri_confleft","Beauty"
"S160",0.0462099941584648,0.00276336372951799,"AIOri_confleft","Beauty"
"S160",0.0589855404423424,-0.0647585128811344,"AIForg_confleft","Beauty"
"S162",0.0245432565425583,-0.0238907868350052,"ForgOri_confleft","Beauty"
"S162",0.0350043256982028,0.00979876353104822,"AIOri_confleft","Beauty"
"S162",0.0399630723674061,0.0328332438903659,"AIForg_confleft","Beauty"
"S163",0.0204790094630738,0.00439456710065196,"ForgOri_confleft","Beauty"
"S163",0.0238575386384638,0.0151085364802111,"AIOri_confleft","Beauty"
"S163",0.0269104191146271,0.0106004801984053,"AIForg_confleft","Beauty"
"S164",0.0277027502982074,0.0238007326142182,"ForgOri_confleft","Beauty"
"S164",0.0287623040413927,0.0244837013601465,"AIOri_confleft","Beauty"
"S164",0.0368492909768898,-0.00479155760144914,"AIForg_confleft","Beauty"
"S109",0.595147340222485,2.54707357423464,"Baseline_precright","Beauty"
"S110",0.963365262950349,3.59514535897543,"Baseline_precright","Beauty"
"S111",0.791041666395363,2.96249706115331,"Baseline_precright","Beauty"
"S112",0.495548474994289,1.99381513837622,"Baseline_precright","Beauty"
"S113",1.0706938177953,3.31396377192656,"Baseline_precright","Beauty"
"S114",0.895516377203018,3.22234115674674,"Baseline_precright","Beauty"
"S116",1.36268831600117,4.46779902555475,"Baseline_precright","Beauty"
"S117",0.58229178286902,2.16586585076505,"Baseline_precright","Beauty"
"S118",0.716524982358676,3.40242412535293,"Baseline_precright","Beauty"
"S119",0.551250385051772,1.90672239695955,"Baseline_precright","Beauty"
"S120",1.04856844832883,4.09434954680821,"Baseline_precright","Beauty"
"S121",0.527871971493057,1.86345695043536,"Baseline_precright","Beauty"
"S122",0.483930851658635,2.26781775604732,"Baseline_precright","Beauty"
"S123",0.897629796100001,3.62942775201663,"Baseline_precright","Beauty"
"S124",0.880795918070802,2.77989467799769,"Baseline_precright","Beauty"
"S125",0.477119223870828,2.21449070680972,"Baseline_precright","Beauty"
"S127",1.15890601137381,4.21481877441287,"Baseline_precright","Beauty"
"S128",1.37380299087344,4.05044211820235,"Baseline_precright","Beauty"
"S129",1.25148823738619,6.06875256935744,"Baseline_precright","Beauty"
"S130",0.731205110930834,3.1443207728148,"Baseline_precright","Beauty"
"S131",1.63304368655615,5.46532432180472,"Baseline_precright","Beauty"
"S132",1.32328602438807,6.27029276350362,"Baseline_precright","Beauty"
"S133",0.827484912538375,3.3628710109641,"Baseline_precright","Beauty"
"S134",1.35281100677682,4.48174322650131,"Baseline_precright","Beauty"
"S135",0.484537551730553,2.17201986998514,"Baseline_precright","Beauty"
"S136",1.53973523335172,3.86103364852532,"Baseline_precright","Beauty"
"S137",1.33340664383329,4.88492298402729,"Baseline_precright","Beauty"
"S138",1.88704499226285,5.64202315341901,"Baseline_precright","Beauty"
"S139",0.552650167827465,2.1056935207733,"Baseline_precright","Beauty"
"S140",0.501603770146138,2.26437327384104,"Baseline_precright","Beauty"
"S141",0.351017809385248,1.55681003219449,"Baseline_precright","Beauty"
"S142",0.700597491497328,4.10965310807487,"Baseline_precright","Beauty"
"S143",0.635584381559251,2.38522066286622,"Baseline_precright","Beauty"
"S144",1.17357121218785,6.48453639280551,"Baseline_precright","Beauty"
"S145",0.793291682438511,3.75389687408016,"Baseline_precright","Beauty"
"S146",1.63501864022181,5.492217939975,"Baseline_precright","Beauty"
"S147",0.348866994283049,1.32162887628997,"Baseline_precright","Beauty"
"S149",1.6861235680845,6.18837266930313,"Baseline_precright","Beauty"
"S151",0.861888525367544,3.73134090202876,"Baseline_precright","Beauty"
"S152",1.14971953296659,4.37839141018518,"Baseline_precright","Beauty"
"S153",1.64041983642035,5.87641247334989,"Baseline_precright","Beauty"
"S154",0.260892950376207,0.984918483545662,"Baseline_precright","Beauty"
"S155",1.43410109282834,4.47167053711603,"Baseline_precright","Beauty"
"S156",1.37791178158213,5.55269545328396,"Baseline_precright","Beauty"
"S157",0.39819748346975,1.52394529847589,"Baseline_precright","Beauty"
"S159",0.813841244599,1.47961240412262,"Baseline_precright","Beauty"
"S160",0.549428736521385,2.44716316466561,"Baseline_precright","Beauty"
"S162",1.22806105238681,4.30533164829714,"Baseline_precright","Beauty"
"S163",0.323121366960998,1.44989595096513,"Baseline_precright","Beauty"
"S164",1.20712627928971,5.96965665488972,"Baseline_precright","Beauty"
"S109",0.61693236399053,0.719771862885954,"ForgOri_precright","Beauty"
"S109",0.583190126274246,0.869697203198703,"AIOri_precright","Beauty"
"S109",0.661311006908688,0.188002347624562,"AIForg_precright","Beauty"
"S110",0.669110604177316,1.00864677103406,"ForgOri_precright","Beauty"
"S110",0.710714150575299,1.00815879090045,"AIOri_precright","Beauty"
"S110",0.852282216772811,-0.020616764523439,"AIForg_precright","Beauty"
"S111",0.636265247600321,0.465515442837341,"ForgOri_precright","Beauty"
"S111",0.534500848938853,1.07313859850378,"AIOri_precright","Beauty"
"S111",0.620623146363811,0.602665274005806,"AIForg_precright","Beauty"
"S112",0.322964349092911,0.0806703397494928,"ForgOri_precright","Beauty"
"S112",0.355196619267736,0.659528805148605,"AIOri_precright","Beauty"
"S112",0.349658269506148,0.614939354236711,"AIForg_precright","Beauty"
"S113",0.417784230353568,0.478667930812005,"ForgOri_precright","Beauty"
"S113",0.694202773682036,1.10727740020472,"AIOri_precright","Beauty"
"S113",0.764148024496356,0.532518463821741,"AIForg_precright","Beauty"
"S114",0.611695062083013,0.808783520465167,"ForgOri_precright","Beauty"
"S114",0.478513291737724,1.01496828212115,"AIOri_precright","Beauty"
"S114",0.893425000152268,0.143238570829548,"AIForg_precright","Beauty"
"S116",0.830510915935207,1.28769923618991,"ForgOri_precright","Beauty"
"S116",0.578108870288452,1.26038948644336,"AIOri_precright","Beauty"
"S116",1.01569482089816,-0.0569805154540841,"AIForg_precright","Beauty"
"S117",0.463795436974545,0.637868939264165,"ForgOri_precright","Beauty"
"S117",0.380530665361561,0.587503727786949,"AIOri_precright","Beauty"
"S117",0.486854030461232,-0.0998789367240249,"AIForg_precright","Beauty"
"S118",0.528458469377287,0.547847379120242,"ForgOri_precright","Beauty"
"S118",0.36358643580847,0.651548723573489,"AIOri_precright","Beauty"
"S118",0.651763461741318,0.149368135383608,"AIForg_precright","Beauty"
"S119",0.481523213889071,0.869509454873996,"ForgOri_precright","Beauty"
"S119",0.512216760519281,1.05860290849813,"AIOri_precright","Beauty"
"S119",0.674672344314592,0.260218210480176,"AIForg_precright","Beauty"
"S120",0.679396403224075,1.14863858588383,"ForgOri_precright","Beauty"
"S120",0.520312059419924,1.13084578970412,"AIOri_precright","Beauty"
"S120",0.750022484082826,-0.0644457485532843,"AIForg_precright","Beauty"
"S121",0.680736073267538,0.860714036141184,"ForgOri_precright","Beauty"
"S121",0.409901542507399,0.745616994414608,"AIOri_precright","Beauty"
"S121",0.572413149311815,-0.122869544918603,"AIForg_precright","Beauty"
"S122",0.457111461076704,0.203600125745001,"ForgOri_precright","Beauty"
"S122",0.376350405494709,0.708023275339738,"AIOri_precright","Beauty"
"S122",0.530877428722858,0.529480814343464,"AIForg_precright","Beauty"
"S123",0.552813181703391,1.30787246005684,"ForgOri_precright","Beauty"
"S123",0.474751133617136,0.982395104237267,"AIOri_precright","Beauty"
"S123",0.72740727487465,-0.285128215023851,"AIForg_precright","Beauty"
"S124",0.463409405621924,0.171651567418121,"ForgOri_precright","Beauty"
"S124",0.436908621814407,0.785321444141274,"AIOri_precright","Beauty"
"S124",0.584139793300788,0.492607173186996,"AIForg_precright","Beauty"
"S125",0.476001473356148,0.588834001120794,"ForgOri_precright","Beauty"
"S125",0.403162777152505,0.727915914763376,"AIOri_precright","Beauty"
"S125",0.656061899751882,0.162832172123366,"AIForg_precright","Beauty"
"S127",0.7839669093494,1.17358496575517,"ForgOri_precright","Beauty"
"S127",0.45774589000229,0.872923996558979,"AIOri_precright","Beauty"
"S127",0.903048015916342,-0.300326712941072,"AIForg_precright","Beauty"
"S128",0.713479424758065,1.32191769373927,"ForgOri_precright","Beauty"
"S128",0.551715403073605,1.01497831946143,"AIOri_precright","Beauty"
"S128",0.963524385352273,-0.220555378798083,"AIForg_precright","Beauty"
"S129",0.753401865152337,1.38744415302133,"ForgOri_precright","Beauty"
"S129",0.547863560522828,1.27992692783386,"AIOri_precright","Beauty"
"S129",0.800694330251879,0.0457272004543827,"AIForg_precright","Beauty"
"S130",0.565185621390168,0.780848630465069,"ForgOri_precright","Beauty"
"S130",0.437091571502534,0.759747536516153,"AIOri_precright","Beauty"
"S130",0.769428356907409,-0.074042547850135,"AIForg_precright","Beauty"
"S131",0.668549843723089,1.20437577033748,"ForgOri_precright","Beauty"
"S131",0.533889516767035,1.02820061698686,"AIOri_precright","Beauty"
"S131",0.847949969768804,-0.233757761474157,"AIForg_precright","Beauty"
"S132",0.741577193245137,1.64033511935838,"ForgOri_precright","Beauty"
"S132",0.605089085055634,1.41308093855525,"AIOri_precright","Beauty"
"S132",1.11014357363157,-0.219265243298541,"AIForg_precright","Beauty"
"S133",0.539094667998379,0.545905125995465,"ForgOri_precright","Beauty"
"S133",0.431417017592198,0.950332234851012,"AIOri_precright","Beauty"
"S133",0.864717144283179,0.336300437577752,"AIForg_precright","Beauty"
"S134",0.723465625798928,1.26006328247535,"ForgOri_precright","Beauty"
"S134",0.653674548410511,1.33369806885879,"AIOri_precright","Beauty"
"S134",0.793062138069867,0.168307732313882,"AIForg_precright","Beauty"
"S135",0.574964829457427,0.666444368801569,"ForgOri_precright","Beauty"
"S135",0.346243161189374,0.788590096973327,"AIOri_precright","Beauty"
"S135",0.54539793279623,0.153735762351271,"AIForg_precright","Beauty"
"S136",0.562130895405829,0.64520612841903,"ForgOri_precright","Beauty"
"S136",0.360127819140943,0.622753986854738,"AIOri_precright","Beauty"
"S136",0.839631978627251,-0.130286838227083,"AIForg_precright","Beauty"
"S137",0.645556061378358,1.15279877506917,"ForgOri_precright","Beauty"
"S137",0.591625047997212,1.04811689419447,"AIOri_precright","Beauty"
"S137",0.80511939312212,-0.155411004250996,"AIForg_precright","Beauty"
"S138",0.64397505450128,1.10570148355401,"ForgOri_precright","Beauty"
"S138",0.607536220731824,1.15417816813958,"AIOri_precright","Beauty"
"S138",0.857254448484922,0.0222847923482883,"AIForg_precright","Beauty"
"S139",0.508993682307959,0.717967061924226,"ForgOri_precright","Beauty"
"S139",0.277257432141093,0.726858564470995,"AIOri_precright","Beauty"
"S139",0.542016559664738,-0.0293200846893065,"AIForg_precright","Beauty"
"S140",0.548742663595704,0.327481796798477,"ForgOri_precright","Beauty"
"S140",0.472863054817352,0.707238371713901,"AIOri_precright","Beauty"
"S140",0.598042316579218,0.45814074976375,"AIForg_precright","Beauty"
"S141",0.445400583635633,0.639641402410406,"ForgOri_precright","Beauty"
"S141",0.356767433147469,0.679232976036974,"AIOri_precright","Beauty"
"S141",0.470406774400068,0.0415110695720651,"AIForg_precright","Beauty"
"S142",0.585532431545088,1.15020492970963,"ForgOri_precright","Beauty"
"S142",0.528272589473454,1.27189634021756,"AIOri_precright","Beauty"
"S142",0.760262764920005,0.00660633925756837,"AIForg_precright","Beauty"
"S143",0.594416190067828,0.937970034603384,"ForgOri_precright","Beauty"
"S143",0.460299001633423,0.900977404838188,"AIOri_precright","Beauty"
"S143",0.680340413097374,-0.0180479696160238,"AIForg_precright","Beauty"
"S144",0.747973417746758,1.33136810035152,"ForgOri_precright","Beauty"
"S144",0.636568192908526,1.40083718920356,"AIOri_precright","Beauty"
"S144",0.876945007435906,0.0516485646362352,"AIForg_precright","Beauty"
"S145",0.624586308494636,0.817415312292817,"ForgOri_precright","Beauty"
"S145",0.501762502448485,1.00639218446424,"AIOri_precright","Beauty"
"S145",0.801956597918879,0.171489422466562,"AIForg_precright","Beauty"
"S146",0.644718348938304,1.1254788274283,"ForgOri_precright","Beauty"
"S146",0.657918811031051,1.12091123567071,"AIOri_precright","Beauty"
"S146",0.880103013808062,0.103416154120785,"AIForg_precright","Beauty"
"S147",0.307317424259038,0.190773231574614,"ForgOri_precright","Beauty"
"S147",0.410540072710949,0.857815755055358,"AIOri_precright","Beauty"
"S147",0.535766203069963,0.750221511801609,"AIForg_precright","Beauty"
"S149",0.756745322985451,1.19570815132959,"ForgOri_precright","Beauty"
"S149",0.689804745895719,1.38648290745242,"AIOri_precright","Beauty"
"S149",0.908748294588316,0.158330775317726,"AIForg_precright","Beauty"
"S151",0.7010046259766,1.0961384680135,"ForgOri_precright","Beauty"
"S151",0.431971959835592,1.09231131692436,"AIOri_precright","Beauty"
"S151",0.830688691952997,-0.0444626148128335,"AIForg_precright","Beauty"
"S152",0.677208976212372,0.742751626261367,"ForgOri_precright","Beauty"
"S152",0.569051011288442,0.826965192562199,"AIOri_precright","Beauty"
"S152",0.693235425029446,0.0812037914824488,"AIForg_precright","Beauty"
"S153",0.692282102238426,1.19073125636207,"ForgOri_precright","Beauty"
"S153",0.574373089421513,1.08998210621634,"AIOri_precright","Beauty"
"S153",0.861866723946591,0.0217375801989963,"AIForg_precright","Beauty"
"S154",0.305715089183337,0.237567037427813,"ForgOri_precright","Beauty"
"S154",0.291362128777238,0.583205350474441,"AIOri_precright","Beauty"
"S154",0.468550240824736,0.347866672690511,"AIForg_precright","Beauty"
"S155",0.79042075223608,1.01266702610907,"ForgOri_precright","Beauty"
"S155",0.534709283018922,1.10082373222128,"AIOri_precright","Beauty"
"S155",0.833476522619932,0.0657149079676116,"AIForg_precright","Beauty"
"S156",0.774668461014544,1.2441774745457,"ForgOri_precright","Beauty"
"S156",0.608733460480667,1.33308706208283,"AIOri_precright","Beauty"
"S156",0.764677192564319,-0.0174405883935993,"AIForg_precright","Beauty"
"S157",0.345229655286988,0.148205383973964,"ForgOri_precright","Beauty"
"S157",0.445565116402449,0.597875275440115,"AIOri_precright","Beauty"
"S157",0.451933157048335,0.484044608064948,"AIForg_precright","Beauty"
"S159",0.497655584249274,0.365743085759406,"ForgOri_precright","Beauty"
"S159",0.473388602404456,0.817728366549223,"AIOri_precright","Beauty"
"S159",0.621815965259786,0.345532716783721,"AIForg_precright","Beauty"
"S160",0.468106522303121,0.552003197078072,"ForgOri_precright","Beauty"
"S160",0.367532011158154,0.637026248987556,"AIOri_precright","Beauty"
"S160",0.670607415039405,0.0157887546554449,"AIForg_precright","Beauty"
"S162",0.627013746938518,0.711850263630034,"ForgOri_precright","Beauty"
"S162",0.542485026676463,1.16050572632574,"AIOri_precright","Beauty"
"S162",0.852460470494671,0.547116932627377,"AIForg_precright","Beauty"
"S163",0.401182785557837,0.433343447672481,"ForgOri_precright","Beauty"
"S163",0.304371706123927,0.550101519738515,"AIOri_precright","Beauty"
"S163",0.490933240097819,0.123404250135876,"AIForg_precright","Beauty"
"S164",0.667759263925174,1.18545433534225,"ForgOri_precright","Beauty"
"S164",0.570079845805114,0.90593015800509,"AIOri_precright","Beauty"
"S164",0.875677939795195,-0.27090515064807,"AIForg_precright","Beauty"
"S109",0.451705989584164,1.99676742336515,"Baseline_precleft","Beauty"
"S110",0.505629130188728,1.83082913328911,"Baseline_precleft","Beauty"
"S111",0.924686523589334,3.02756664007652,"Baseline_precleft","Beauty"
"S112",0.79055749143633,2.81171191509599,"Baseline_precleft","Beauty"
"S113",0.494185641907228,2.23763423719991,"Baseline_precleft","Beauty"
"S114",0.360969252004013,1.48953104591509,"Baseline_precleft","Beauty"
"S116",0.970919541597464,3.52990970294945,"Baseline_precleft","Beauty"
"S117",0.335597559642063,1.10505830450246,"Baseline_precleft","Beauty"
"S118",0.993173286450916,3.58491756296141,"Baseline_precleft","Beauty"
"S119",0.872792540311683,3.51274334557566,"Baseline_precleft","Beauty"
"S120",0.588375968552607,2.05363132528687,"Baseline_precleft","Beauty"
"S121",0.351461891000338,2.04505390910195,"Baseline_precleft","Beauty"
"S122",0.56936959121395,2.15649939977169,"Baseline_precleft","Beauty"
"S123",0.628278088406193,3.01824758469939,"Baseline_precleft","Beauty"
"S124",0.355034125533626,1.28147395475379,"Baseline_precleft","Beauty"
"S125",0.889126595358879,2.72302395307335,"Baseline_precleft","Beauty"
"S127",0.582233672497964,2.11831685860414,"Baseline_precleft","Beauty"
"S128",0.4391762365244,2.47082970491057,"Baseline_precleft","Beauty"
"S129",0.726096337097059,2.67312890289369,"Baseline_precleft","Beauty"
"S130",0.627597731095055,3.11771704317346,"Baseline_precleft","Beauty"
"S131",0.724737230773883,3.55425808918883,"Baseline_precleft","Beauty"
"S132",1.02701219278686,3.43575803047442,"Baseline_precleft","Beauty"
"S133",0.912719344913282,3.12095242978862,"Baseline_precleft","Beauty"
"S134",0.322394540385753,1.45111844692818,"Baseline_precleft","Beauty"
"S135",0.644411651578291,2.88280257830505,"Baseline_precleft","Beauty"
"S136",0.528506116825594,2.83732498126011,"Baseline_precleft","Beauty"
"S137",0.675293434632641,2.80386430532024,"Baseline_precleft","Beauty"
"S138",0.632049217090277,2.93173906750818,"Baseline_precleft","Beauty"
"S139",0.846027105939036,3.14155168761566,"Baseline_precleft","Beauty"
"S140",0.578443607037806,2.35775993642852,"Baseline_precleft","Beauty"
"S141",0.819120745566179,2.59419654794458,"Baseline_precleft","Beauty"
"S142",0.432056915310489,1.45743273317736,"Baseline_precleft","Beauty"
"S143",0.746104425840298,3.33619636280869,"Baseline_precleft","Beauty"
"S144",0.966322585134657,2.95297736528427,"Baseline_precleft","Beauty"
"S145",0.60555476925175,2.64643207351943,"Baseline_precleft","Beauty"
"S146",0.549140909072988,2.82797657664673,"Baseline_precleft","Beauty"
"S147",0.459639754524267,1.341896616042,"Baseline_precleft","Beauty"
"S149",0.543322959112952,2.3747721363627,"Baseline_precleft","Beauty"
"S151",1.06929726964974,3.1187643327975,"Baseline_precleft","Beauty"
"S152",0.270744906809811,1.0692579826737,"Baseline_precleft","Beauty"
"S153",0.592869091168994,2.59571541617458,"Baseline_precleft","Beauty"
"S154",0.351275885059399,1.6059757667238,"Baseline_precleft","Beauty"
"S155",0.366706445276934,1.84073311854535,"Baseline_precleft","Beauty"
"S156",0.348348991503586,1.92068309463197,"Baseline_precleft","Beauty"
"S157",0.660957449544874,2.59294056523877,"Baseline_precleft","Beauty"
"S159",0.322145193510921,1.29476095722919,"Baseline_precleft","Beauty"
"S160",0.655874949642007,2.23189064121135,"Baseline_precleft","Beauty"
"S162",0.484534225793773,2.28748405531026,"Baseline_precleft","Beauty"
"S163",0.935927210702823,2.92365262297385,"Baseline_precleft","Beauty"
"S164",0.616226354763587,2.57554815535142,"Baseline_precleft","Beauty"
"S109",0.209099501492549,0.0904995156329398,"ForgOri_precleft","Beauty"
"S109",0.277994989963895,0.0280882460319555,"AIOri_precleft","Beauty"
"S109",0.375116264712274,-0.0601751243818547,"AIForg_precleft","Beauty"
"S110",0.228062199254859,0.147837519237711,"ForgOri_precleft","Beauty"
"S110",0.247119107311958,-0.188922773689424,"AIOri_precleft","Beauty"
"S110",0.392577872228851,-0.28221363182909,"AIForg_precleft","Beauty"
"S111",0.362723077775001,0.44646636974298,"ForgOri_precleft","Beauty"
"S111",0.273399429335991,-0.111707961264125,"AIOri_precleft","Beauty"
"S111",0.489968089311692,-0.620606991887429,"AIForg_precleft","Beauty"
"S112",0.227329857955388,0.103965072938331,"ForgOri_precleft","Beauty"
"S112",0.273367113747886,-0.0672592067437818,"AIOri_precleft","Beauty"
"S112",0.343912613462726,-0.157950093544868,"AIForg_precleft","Beauty"
"S113",0.318224271824845,0.29594388157602,"ForgOri_precleft","Beauty"
"S113",0.195818916700191,0.0311344607294333,"AIOri_precleft","Beauty"
"S113",0.355520710165786,-0.233932325255336,"AIForg_precleft","Beauty"
"S114",0.229455051286851,0.154970418909155,"ForgOri_precleft","Beauty"
"S114",0.233281384611497,-0.147693004252309,"AIOri_precleft","Beauty"
"S114",0.313680817523798,-0.307870395508682,"AIForg_precleft","Beauty"
"S116",0.256280593879569,0.461494603892693,"ForgOri_precleft","Beauty"
"S116",0.367975046477856,-0.100326940027426,"AIOri_precleft","Beauty"
"S116",0.423816232019505,-0.515577460816309,"AIForg_precleft","Beauty"
"S117",0.13686032715279,0.158244413690907,"ForgOri_precleft","Beauty"
"S117",0.176286361713119,-0.0376860636668851,"AIOri_precleft","Beauty"
"S117",0.220908799145023,-0.194944452204152,"AIForg_precleft","Beauty"
"S118",0.369145489525581,0.263428659534297,"ForgOri_precleft","Beauty"
"S118",0.280189709449817,-0.0849887593093472,"AIOri_precleft","Beauty"
"S118",0.400288294291528,-0.359723724904112,"AIForg_precleft","Beauty"
"S119",0.351075206754714,0.253732161075114,"ForgOri_precleft","Beauty"
"S119",0.258938861562495,-0.0547110811466469,"AIOri_precleft","Beauty"
"S119",0.445371500962092,-0.329207060275436,"AIForg_precleft","Beauty"
"S120",0.259305571171878,-0.0367243713713076,"ForgOri_precleft","Beauty"
"S120",0.291935309696787,-0.0529218340278311,"AIOri_precleft","Beauty"
"S120",0.253852834839763,0.0283409252585495,"AIForg_precleft","Beauty"
"S121",0.260335597707462,0.0912508337836058,"ForgOri_precleft","Beauty"
"S121",0.224754994928681,-0.0213977342666085,"AIOri_precleft","Beauty"
"S121",0.312159892698307,-0.0781986701202774,"AIForg_precleft","Beauty"
"S122",0.222639355470393,0.298920849026264,"ForgOri_precleft","Beauty"
"S122",0.207688530555333,-0.174468697136357,"AIOri_precleft","Beauty"
"S122",0.289613167904621,-0.490702500587975,"AIForg_precleft","Beauty"
"S123",0.270170962728953,0.443211952569501,"ForgOri_precleft","Beauty"
"S123",0.28320436530831,0.0194564428312911,"AIOri_precleft","Beauty"
"S123",0.363946316698749,-0.465255543741925,"AIForg_precleft","Beauty"
"S124",0.21587515731703,0.115482876699384,"ForgOri_precleft","Beauty"
"S124",0.161555149521365,-0.020929501234525,"AIOri_precleft","Beauty"
"S124",0.263222785479406,-0.11413923499154,"AIForg_precleft","Beauty"
"S125",0.293618970700585,0.234957906142517,"ForgOri_precleft","Beauty"
"S125",0.292988408481028,-0.142150456050188,"AIOri_precleft","Beauty"
"S125",0.427773130157604,-0.342390713274701,"AIForg_precleft","Beauty"
"S127",0.327537347224429,-0.00698846790562135,"ForgOri_precleft","Beauty"
"S127",0.26470200774624,-0.116187940571861,"AIOri_precleft","Beauty"
"S127",0.299804949837128,-0.156356415840144,"AIForg_precleft","Beauty"
"S128",0.219235249171198,0.288649790738969,"ForgOri_precleft","Beauty"
"S128",0.249339867863361,-0.155414308544294,"AIOri_precleft","Beauty"
"S128",0.377963178050219,-0.458881082090308,"AIForg_precleft","Beauty"
"S129",0.299038748549235,0.334403682562374,"ForgOri_precleft","Beauty"
"S129",0.277838131960401,-0.0254969223799633,"AIOri_precleft","Beauty"
"S129",0.387582490166989,-0.376066646208794,"AIForg_precleft","Beauty"
"S130",0.241650954697079,0.302444481967558,"ForgOri_precleft","Beauty"
"S130",0.216742172824446,-0.203125985460741,"AIOri_precleft","Beauty"
"S130",0.330559943258737,-0.526023217736016,"AIForg_precleft","Beauty"
"S131",0.320982605988095,0.509394681186536,"ForgOri_precleft","Beauty"
"S131",0.290351137340638,-0.142134743286113,"AIOri_precleft","Beauty"
"S131",0.371415202308463,-0.659132351473914,"AIForg_precleft","Beauty"
"S132",0.341311150737684,0.321709132809542,"ForgOri_precleft","Beauty"
"S132",0.247724198643774,-0.0530635183369437,"AIOri_precleft","Beauty"
"S132",0.421796057921584,-0.356805811026628,"AIForg_precleft","Beauty"
"S133",0.342300195544438,0.207868696909149,"ForgOri_precleft","Beauty"
"S133",0.338263013337218,-0.0101339360352593,"AIOri_precleft","Beauty"
"S133",0.408230814480694,-0.19528288772993,"AIForg_precleft","Beauty"
"S134",0.167380393544513,0.174474728705814,"ForgOri_precleft","Beauty"
"S134",0.222267077657014,-0.0117708724361391,"AIOri_precleft","Beauty"
"S134",0.266059918049738,-0.211399661342455,"AIForg_precleft","Beauty"
"S135",0.280184825203135,0.433558224515133,"ForgOri_precleft","Beauty"
"S135",0.242761376043732,-0.0772101240413785,"AIOri_precleft","Beauty"
"S135",0.300891689924279,-0.543129291386321,"AIForg_precleft","Beauty"
"S136",0.316099645956094,0.278450003262031,"ForgOri_precleft","Beauty"
"S136",0.236027433777584,-0.236190251436193,"AIOri_precleft","Beauty"
"S136",0.347251003712425,-0.517818803448288,"AIForg_precleft","Beauty"
"S137",0.277170168431272,0.0658998003000382,"ForgOri_precleft","Beauty"
"S137",0.23321217985808,-0.0934417493796651,"AIOri_precleft","Beauty"
"S137",0.354513557347376,-0.12573703750419,"AIForg_precleft","Beauty"
"S138",0.339463008997364,0.280025077944778,"ForgOri_precleft","Beauty"
"S138",0.297872211430525,-0.166985993858803,"AIOri_precleft","Beauty"
"S138",0.356737328309269,-0.431850799173003,"AIForg_precleft","Beauty"
"S139",0.252986726354435,0.325022556497948,"ForgOri_precleft","Beauty"
"S139",0.255608237889299,-0.0402945513997419,"AIOri_precleft","Beauty"
"S139",0.315564734928101,-0.370337242652617,"AIForg_precleft","Beauty"
"S140",0.222832631930175,0.160731401560039,"ForgOri_precleft","Beauty"
"S140",0.279101815905746,0.07857249735502,"AIOri_precleft","Beauty"
"S140",0.310806757673477,-0.125276710057153,"AIForg_precleft","Beauty"
"S141",0.310484290150086,0.449726786114599,"ForgOri_precleft","Beauty"
"S141",0.258117735681714,0.0769735862204293,"AIOri_precleft","Beauty"
"S141",0.365359139753188,-0.294317275724712,"AIForg_precleft","Beauty"
"S142",0.234263791082935,0.255419474822447,"ForgOri_precleft","Beauty"
"S142",0.264837109390682,0.102274371516933,"AIOri_precleft","Beauty"
"S142",0.333283526302427,-0.159884478879946,"AIForg_precleft","Beauty"
"S143",0.280169411728967,0.376045767940657,"ForgOri_precleft","Beauty"
"S143",0.190807727207155,-0.221798561204535,"AIOri_precleft","Beauty"
"S143",0.397638323799816,-0.637675231781517,"AIForg_precleft","Beauty"
"S144",0.300142953818119,0.0868943389977359,"ForgOri_precleft","Beauty"
"S144",0.293379213833959,-0.186046894621966,"AIOri_precleft","Beauty"
"S144",0.395538328371592,-0.330085362457673,"AIForg_precleft","Beauty"
"S145",0.295910395599979,0.278512862516588,"ForgOri_precleft","Beauty"
"S145",0.295846277254828,-0.012587947425531,"AIOri_precleft","Beauty"
"S145",0.341053452865108,-0.294613271805112,"AIForg_precleft","Beauty"
"S146",0.248843311516543,0.0989105080836441,"ForgOri_precleft","Beauty"
"S146",0.305481926920561,-0.0651118845485616,"AIOri_precleft","Beauty"
"S146",0.379753531925753,-0.140491844897517,"AIForg_precleft","Beauty"
"S147",0.240499327715967,0.0433627348763691,"ForgOri_precleft","Beauty"
"S147",0.239557411245959,-0.102082466309031,"AIOri_precleft","Beauty"
"S147",0.196644420058544,-0.102372604300886,"AIForg_precleft","Beauty"
"S149",0.216686252140058,0.414161601396086,"ForgOri_precleft","Beauty"
"S149",0.284557920833052,-0.023770528406093,"AIOri_precleft","Beauty"
"S149",0.388143372296679,-0.37637924074529,"AIForg_precleft","Beauty"
"S151",0.265391668238366,0.33826595546251,"ForgOri_precleft","Beauty"
"S151",0.210810589274488,-0.0386130517625565,"AIOri_precleft","Beauty"
"S151",0.409174231605498,-0.353623783058046,"AIForg_precleft","Beauty"
"S152",0.201404557348127,0.224789791283299,"ForgOri_precleft","Beauty"
"S152",0.15528119217808,0.00645817495335971,"AIOri_precleft","Beauty"
"S152",0.233067584434104,-0.237320328022592,"AIForg_precleft","Beauty"
"S153",0.330300817157014,0.0298074505967563,"ForgOri_precleft","Beauty"
"S153",0.233776463256688,-0.0319447501091692,"AIOri_precleft","Beauty"
"S153",0.356303958323236,-0.0108172098882813,"AIForg_precleft","Beauty"
"S154",0.239053900165571,0.140166386239478,"ForgOri_precleft","Beauty"
"S154",0.227871566644515,0.0954595769294214,"AIOri_precleft","Beauty"
"S154",0.329518551741576,-0.0129371518612585,"AIForg_precleft","Beauty"
"S155",0.188016631651557,0.133601603193024,"ForgOri_precleft","Beauty"
"S155",0.21519387044068,-0.00630736285979738,"AIOri_precleft","Beauty"
"S155",0.305974667166545,-0.164979371024724,"AIForg_precleft","Beauty"
"S156",0.244751597734375,0.0322593408341567,"ForgOri_precleft","Beauty"
"S156",0.266323292048039,0.00303707242512208,"AIOri_precleft","Beauty"
"S156",0.245447822548776,-0.0552138981305037,"AIForg_precleft","Beauty"
"S157",0.295108703777105,0.291851968174825,"ForgOri_precleft","Beauty"
"S157",0.251626849122154,-0.0781349641554281,"AIOri_precleft","Beauty"
"S157",0.369922749686838,-0.380227768430033,"AIForg_precleft","Beauty"
"S159",0.216977037754757,0.18616608381414,"ForgOri_precleft","Beauty"
"S159",0.214404929035376,0.0989256887464197,"AIOri_precleft","Beauty"
"S159",0.269986422610889,-0.122850978832711,"AIForg_precleft","Beauty"
"S160",0.27948164334264,0.177913616124538,"ForgOri_precleft","Beauty"
"S160",0.185173489685583,0.0230871838965069,"AIOri_precleft","Beauty"
"S160",0.354617810954569,-0.226294549121769,"AIForg_precleft","Beauty"
"S162",0.252964295729605,0.312393968543151,"ForgOri_precleft","Beauty"
"S162",0.185286105383605,0.1368498173157,"AIOri_precleft","Beauty"
"S162",0.327678722528691,-0.150295642229901,"AIForg_precleft","Beauty"
"S163",0.312525050569723,0.192021918773769,"ForgOri_precleft","Beauty"
"S163",0.285835564822143,-0.163520791922816,"AIOri_precleft","Beauty"
"S163",0.418755734261365,-0.307821524809104,"AIForg_precleft","Beauty"
"S164",0.248469118522738,0.382318977678865,"ForgOri_precleft","Beauty"
"S164",0.232011725759206,-0.0159537922014718,"AIOri_precleft","Beauty"
"S164",0.318004688719403,-0.441298488353845,"AIForg_precleft","Beauty"
"S165",0.0186954451512733,0.548987424943391,"Baseline_resp","Beauty"
"S167",0.0383249771190779,0.692185654980177,"Baseline_resp","Beauty"
"S168",0.0141247671949426,0.426542627090105,"Baseline_resp","Beauty"
"S169",0.0219957054483579,0.578923363834747,"Baseline_resp","Beauty"
"S170",0.0226435672007278,0.485266313309199,"Baseline_resp","Beauty"
"S171",0.0369262103175119,0.382873593888979,"Baseline_resp","Beauty"
"S172",0.0388130926262576,0.658169440738059,"Baseline_resp","Beauty"
"S173",0.0419647338888446,0.539985755348625,"Baseline_resp","Beauty"
"S174",0.0271379270857356,0.568365029051882,"Baseline_resp","Beauty"
"S175",0.0258305637788725,0.594485631070904,"Baseline_resp","Beauty"
"S176",0.0266192260049043,0.56830199562591,"Baseline_resp","Beauty"
"S177",0.0224653004383047,0.320316460486584,"Baseline_resp","Beauty"
"S178",0.0294507286575171,0.576956900693258,"Baseline_resp","Beauty"
"S179",0.0137337947025284,0.61571172198956,"Baseline_resp","Beauty"
"S180",0.01251045899807,0.513117144761272,"Baseline_resp","Beauty"
"S182",0.0282083219408275,0.513084136733641,"Baseline_resp","Beauty"
"S183",0.0425273768573028,0.704662695002312,"Baseline_resp","Beauty"
"S184",0.0247094656244547,0.679862412686991,"Baseline_resp","Beauty"
"S185",0.0281274893628047,0.540483780317764,"Baseline_resp","Beauty"
"S186",0.0187313963082087,0.575811196459523,"Baseline_resp","Beauty"
"S188",0.0343072592550326,0.536127957740529,"Baseline_resp","Beauty"
"S189",0.0212114453971079,0.526547894789794,"Baseline_resp","Beauty"
"S192",0.0269290972422546,0.365900678112999,"Baseline_resp","Beauty"
"S193",0.0303953324260787,0.607221236426287,"Baseline_resp","Beauty"
"S194",0.0230584263893258,0.540803573116372,"Baseline_resp","Beauty"
"S195",0.0444804276491247,0.519946243794831,"Baseline_resp","Beauty"
"S196",0.0236056866036372,0.601576912270622,"Baseline_resp","Beauty"
"S197",0.0289397133599972,0.459907127209195,"Baseline_resp","Beauty"
"S198",0.0397302613455826,0.567390076439623,"Baseline_resp","Beauty"
"S199",0.0302602081750477,0.442699827784918,"Baseline_resp","Beauty"
"S200",0.0312985229839121,0.405762670567939,"Baseline_resp","Beauty"
"S201",0.0197360077275686,0.498734924995605,"Baseline_resp","Beauty"
"S202",0.0262311308611003,0.623319050301252,"Baseline_resp","Beauty"
"S203",0.0400537846137457,0.566855209530183,"Baseline_resp","Beauty"
"S205",0.030756068510966,0.554061210564077,"Baseline_resp","Beauty"
"S206",0.0258773079353097,0.627246382455458,"Baseline_resp","Beauty"
"S207",0.0219635608553081,0.282610137678842,"Baseline_resp","Beauty"
"S208",0.0385362570158027,0.643577150562874,"Baseline_resp","Beauty"
"S209",0.0296299313479552,0.626106597354617,"Baseline_resp","Beauty"
"S210",0.0252329249159841,0.619167016729803,"Baseline_resp","Beauty"
"S211",0.0322630872707316,0.594125946625549,"Baseline_resp","Beauty"
"S212",0.0196497225662159,0.568201539862509,"Baseline_resp","Beauty"
"S213",0.0241001526863976,0.765381732806395,"Baseline_resp","Beauty"
"S214",0.0281916355895687,0.57833707192728,"Baseline_resp","Beauty"
"S215",0.0135299509506809,0.630445347940859,"Baseline_resp","Beauty"
"S216",0.0241995757632824,0.486014665795184,"Baseline_resp","Beauty"
"S217",0.0314139739046408,0.404821637015044,"Baseline_resp","Beauty"
"S218",0.0482710251077804,0.531347631717229,"Baseline_resp","Beauty"
"S219",0.0194917332287027,0.476399622346013,"Baseline_resp","Beauty"
"S220",0.0157096770214887,0.600288570069981,"Baseline_resp","Beauty"
"S165",0.0225764340332445,-0.0265631926887965,"ForgOri_resp","Beauty"
"S165",0.0257421415102356,-0.114187691967526,"AIOri_resp","Beauty"
"S165",0.0307372755583893,-0.0820399032543947,"AIForg_resp","Beauty"
"S167",0.0336521233992531,-0.0660886734083822,"ForgOri_resp","Beauty"
"S167",0.0468863031303502,-0.113616327820259,"AIOri_resp","Beauty"
"S167",0.0566987607399517,-0.049237879851419,"AIForg_resp","Beauty"
"S168",0.011448152542309,0.0290645829171846,"ForgOri_resp","Beauty"
"S168",0.015560979219528,-0.019667382767585,"AIOri_resp","Beauty"
"S168",0.0161185190465116,-0.0478502230779304,"AIForg_resp","Beauty"
"S169",0.0208748661532968,-0.0298493994663012,"ForgOri_resp","Beauty"
"S169",0.0307063706668206,0.0230927720342757,"AIOri_resp","Beauty"
"S169",0.0342615409849447,0.0532970376232491,"AIForg_resp","Beauty"
"S170",0.0180161945569209,-0.0249740363761035,"ForgOri_resp","Beauty"
"S170",0.0261948494528825,-0.0788465054582487,"AIOri_resp","Beauty"
"S170",0.0321054638760077,-0.0546099437588067,"AIForg_resp","Beauty"
"S171",0.0242592259490722,-0.0617267169313404,"ForgOri_resp","Beauty"
"S171",0.0342149253893213,0.0214725646263718,"AIOri_resp","Beauty"
"S171",0.0380859018200482,0.0870937689184793,"AIForg_resp","Beauty"
"S172",0.0371037399781418,-0.0620289616526389,"ForgOri_resp","Beauty"
"S172",0.051419163499035,-0.0835191530673069,"AIOri_resp","Beauty"
"S172",0.0481558220069996,-0.0206653784835065,"AIForg_resp","Beauty"
"S173",0.0237085981460569,-0.0114025266648669,"ForgOri_resp","Beauty"
"S173",0.0422239135520987,-0.170430323233299,"AIOri_resp","Beauty"
"S173",0.0424626364711445,-0.153406283510592,"AIForg_resp","Beauty"
"S174",0.0257531209529113,-0.0728348742982078,"ForgOri_resp","Beauty"
"S174",0.0356903592069264,-0.0826579549505325,"AIOri_resp","Beauty"
"S174",0.0383297205716835,-0.00676667783725637,"AIForg_resp","Beauty"
"S175",0.0188049059440876,-0.0355013581335112,"ForgOri_resp","Beauty"
"S175",0.022307287193047,-0.058857350879623,"AIOri_resp","Beauty"
"S175",0.0232566115356816,-0.024914336747285,"AIForg_resp","Beauty"
"S176",0.0155542138272594,-0.0233400473288203,"ForgOri_resp","Beauty"
"S176",0.0293486678477189,-0.0099867965316931,"AIOri_resp","Beauty"
"S176",0.02512776956964,0.00652693858701209,"AIForg_resp","Beauty"
"S177",0.0163368461185148,0.047123201711555,"ForgOri_resp","Beauty"
"S177",0.021777784557014,-0.038467503450045,"AIOri_resp","Beauty"
"S177",0.0282474191446783,-0.0893006437069864,"AIForg_resp","Beauty"
"S178",0.0286521214626817,-0.110758172769876,"ForgOri_resp","Beauty"
"S178",0.0314185988522496,-0.150939779064701,"AIOri_resp","Beauty"
"S178",0.0322728999052866,-0.0395111220112013,"AIForg_resp","Beauty"
"S179",0.0125495517416492,-0.0149514519424436,"ForgOri_resp","Beauty"
"S179",0.0137839103051758,-0.0190228615466448,"AIOri_resp","Beauty"
"S179",0.0130941478365972,-0.00248268007893604,"AIForg_resp","Beauty"
"S180",0.00665079930487474,-0.0141250627702353,"ForgOri_resp","Beauty"
"S180",0.0178281364261351,-0.055962782927616,"AIOri_resp","Beauty"
"S180",0.0195336453476385,-0.0421025912761274,"AIForg_resp","Beauty"
"S182",0.0175312563263114,-0.00991361997280205,"ForgOri_resp","Beauty"
"S182",0.0233525510468843,-0.00346522723608716,"AIOri_resp","Beauty"
"S182",0.0267709732588464,0.00230187472010129,"AIForg_resp","Beauty"
"S183",0.0344215655513721,-0.0914477041155553,"ForgOri_resp","Beauty"
"S183",0.0508560941178882,-0.186044957549868,"AIOri_resp","Beauty"
"S183",0.0565704037130852,-0.103811447661203,"AIForg_resp","Beauty"
"S184",0.0156027248638249,-0.0405759301876243,"ForgOri_resp","Beauty"
"S184",0.0284871866292295,-0.022659263863028,"AIOri_resp","Beauty"
"S184",0.0245513987296926,0.0153822220220829,"AIForg_resp","Beauty"
"S185",0.0180068429294157,0.00537252842714125,"ForgOri_resp","Beauty"
"S185",0.0312909539173795,0.0071639654441516,"AIOri_resp","Beauty"
"S185",0.0215702881618609,-0.00105156703799636,"AIForg_resp","Beauty"
"S186",0.0129432996821898,-0.0179007787457968,"ForgOri_resp","Beauty"
"S186",0.0206797799585854,-0.013446159563194,"AIOri_resp","Beauty"
"S186",0.0178077564050062,0.000134203825488288,"AIForg_resp","Beauty"
"S188",0.0248329471257308,-0.12944863328542,"ForgOri_resp","Beauty"
"S188",0.0354505563528818,-0.184913443143996,"AIOri_resp","Beauty"
"S188",0.0349211366839209,-0.0595784259024829,"AIForg_resp","Beauty"
"S189",0.0154513930779436,-0.0444968914167218,"ForgOri_resp","Beauty"
"S189",0.0201665485631828,-0.0849845484650288,"AIOri_resp","Beauty"
"S189",0.0240112871010328,-0.045388558353109,"AIForg_resp","Beauty"
"S192",0.0257605310877549,-0.0668764036693494,"ForgOri_resp","Beauty"
"S192",0.0432364587423336,0.00342803287807028,"AIOri_resp","Beauty"
"S192",0.0461519637065799,0.0737488015978594,"AIForg_resp","Beauty"
"S193",0.0209673108064653,0.025962122040632,"ForgOri_resp","Beauty"
"S193",0.0207510517696213,-0.0255223818101209,"AIOri_resp","Beauty"
"S193",0.0222237025571697,-0.0438879182695202,"AIForg_resp","Beauty"
"S194",0.0142175973584302,0.00279704799056868,"ForgOri_resp","Beauty"
"S194",0.019911613898426,-0.0560977255818636,"AIOri_resp","Beauty"
"S194",0.0225403026254257,-0.0628268546764472,"AIForg_resp","Beauty"
"S195",0.0347096170526215,-0.105491228462945,"ForgOri_resp","Beauty"
"S195",0.0471977887655693,-0.157867931899492,"AIOri_resp","Beauty"
"S195",0.0559432018842448,-0.055381721774223,"AIForg_resp","Beauty"
"S196",0.0196889958472553,-0.0275850565631094,"ForgOri_resp","Beauty"
"S196",0.0265512738297481,-0.0712818940067915,"AIOri_resp","Beauty"
"S196",0.0269797060472878,-0.0416884162799344,"AIForg_resp","Beauty"
"S197",0.0185786147802272,-0.0689113449233775,"ForgOri_resp","Beauty"
"S197",0.027897821032889,-0.0956336627784367,"AIOri_resp","Beauty"
"S197",0.0265521507987016,-0.0252686262613218,"AIForg_resp","Beauty"
"S198",0.0236779610697856,-0.0999625577339803,"ForgOri_resp","Beauty"
"S198",0.038605945517745,-0.0737901826491951,"AIOri_resp","Beauty"
"S198",0.0429228016708899,0.0262414666993905,"AIForg_resp","Beauty"
"S199",0.0203814566795299,-0.0578890853197753,"ForgOri_resp","Beauty"
"S199",0.0304814157940438,-0.0634589989796549,"AIOri_resp","Beauty"
"S199",0.0314067800166764,-0.00513074122791674,"AIForg_resp","Beauty"
"S200",0.0383642447956506,-0.00384984870332361,"ForgOri_resp","Beauty"
"S200",0.0452060957616924,-0.0177263888177497,"AIOri_resp","Beauty"
"S200",0.0420474808511173,-0.00787952443835344,"AIForg_resp","Beauty"
"S201",0.0191439681243246,-0.00656302364968334,"ForgOri_resp","Beauty"
"S201",0.0218949285947735,-0.0494155264192283,"AIOri_resp","Beauty"
"S201",0.0271279051007634,-0.0451710244383374,"AIForg_resp","Beauty"
"S202",0.0245571629229101,-0.0791033276534015,"ForgOri_resp","Beauty"
"S202",0.0419700936110109,-0.0645699626651148,"AIOri_resp","Beauty"
"S202",0.0438954512641238,0.0241220725176539,"AIForg_resp","Beauty"
"S203",0.0334974831737189,-0.108442600218478,"ForgOri_resp","Beauty"
"S203",0.0441013156358713,-0.0630438584589977,"AIOri_resp","Beauty"
"S203",0.0479842388865514,0.0465570180224982,"AIForg_resp","Beauty"
"S205",0.0218152817872584,-0.0297221580071973,"ForgOri_resp","Beauty"
"S205",0.0407781740053324,-0.0542229178296738,"AIOri_resp","Beauty"
"S205",0.0354282711754318,-0.0195602860434898,"AIForg_resp","Beauty"
"S206",0.0173305856854256,-0.0638185385632526,"ForgOri_resp","Beauty"
"S206",0.028257353708553,-0.0913532385417801,"AIOri_resp","Beauty"
"S206",0.0287286965484721,-0.0290306128139495,"AIForg_resp","Beauty"
"S207",0.0166446794142288,0.0214174784919362,"ForgOri_resp","Beauty"
"S207",0.0160741453836094,-0.0139345115553428,"AIOri_resp","Beauty"
"S207",0.0219163878455521,-0.0380260531728231,"AIForg_resp","Beauty"
"S208",0.0379793837607331,-0.0592515259280797,"ForgOri_resp","Beauty"
"S208",0.0469708939619604,-0.17605699026463,"AIOri_resp","Beauty"
"S208",0.0492455772024517,-0.111629513862935,"AIForg_resp","Beauty"
"S209",0.0156923549843977,-0.0187973559325888,"ForgOri_resp","Beauty"
"S209",0.0324371122931191,-0.109434844209212,"AIOri_resp","Beauty"
"S209",0.038755178340893,-0.0904354207608257,"AIForg_resp","Beauty"
"S210",0.020411517630508,-0.0168358036413155,"ForgOri_resp","Beauty"
"S210",0.0261139623432212,-0.0503169533274263,"AIOri_resp","Beauty"
"S210",0.0337792900323614,-0.035318614479804,"AIForg_resp","Beauty"
"S211",0.0226330037218437,-0.0545960499427589,"ForgOri_resp","Beauty"
"S211",0.0355225388418695,-0.0745590672520766,"AIOri_resp","Beauty"
"S211",0.0367262735345285,-0.022544343157428,"AIForg_resp","Beauty"
"S212",0.0210374956918423,-0.0716859307079318,"ForgOri_resp","Beauty"
"S212",0.0221191962855916,-0.0489976736136196,"AIOri_resp","Beauty"
"S212",0.0267426209379315,0.0242942839328419,"AIForg_resp","Beauty"
"S213",0.0194605015873419,-0.00964009561593243,"ForgOri_resp","Beauty"
"S213",0.0220484526551055,-0.0258641080749958,"AIOri_resp","Beauty"
"S213",0.0243062501378342,-0.0163165257300724,"AIForg_resp","Beauty"
"S214",0.0188431320680842,0.0108625642652811,"ForgOri_resp","Beauty"
"S214",0.0293572113678423,-0.0255844500247253,"AIOri_resp","Beauty"
"S214",0.0231268994640087,-0.0350137024165972,"AIForg_resp","Beauty"
"S215",0.0155463595492832,-0.0696746602973355,"ForgOri_resp","Beauty"
"S215",0.0216312627669128,-0.0490488743060422,"AIOri_resp","Beauty"
"S215",0.0204541919428002,0.0190872107568886,"AIForg_resp","Beauty"
"S216",0.0176068064439516,-0.055515026405996,"ForgOri_resp","Beauty"
"S216",0.0236090551618746,-0.00881640737766504,"AIOri_resp","Beauty"
"S216",0.0211037103424334,0.0466651714919896,"AIForg_resp","Beauty"
"S217",0.0168650364434133,0.0280859911069466,"ForgOri_resp","Beauty"
"S217",0.0271799353391158,0.0780692869544678,"AIOri_resp","Beauty"
"S217",0.0255889016609128,0.051474320377039,"AIForg_resp","Beauty"
"S218",0.0341596229790465,-0.16543500144761,"ForgOri_resp","Beauty"
"S218",0.0488570217047326,-0.0795102426469905,"AIOri_resp","Beauty"
"S218",0.0437195744617013,0.0848538195665341,"AIForg_resp","Beauty"
"S219",0.0191589107074228,-0.0169128868696031,"ForgOri_resp","Beauty"
"S219",0.0218209699262803,-0.11079059416135,"AIOri_resp","Beauty"
"S219",0.0257985712914067,-0.0945087426480776,"AIForg_resp","Beauty"
"S220",0.00770831119250521,-0.0457086159862077,"ForgOri_resp","Beauty"
"S220",0.0175559932856678,-0.0950228434471474,"AIOri_resp","Beauty"
"S220",0.0202064891605938,-0.0503380543237694,"AIForg_resp","Beauty"
"S165",0.0456717257786428,0.718327847224164,"Baseline_mu","Beauty"
"S167",0.0503202738989043,0.817230654491222,"Baseline_mu","Beauty"
"S168",0.0691903041465206,0.341467949307885,"Baseline_mu","Beauty"
"S169",0.0526078211028641,0.646327299068872,"Baseline_mu","Beauty"
"S170",0.0544052137842134,0.552163471209558,"Baseline_mu","Beauty"
"S171",0.060645463836924,0.368585643206151,"Baseline_mu","Beauty"
"S172",0.0593709843477289,0.715827288521642,"Baseline_mu","Beauty"
"S173",0.0669028861311949,0.667117009652316,"Baseline_mu","Beauty"
"S174",0.0581565437633818,0.635852827653626,"Baseline_mu","Beauty"
"S175",0.0687137246918029,0.843931998586146,"Baseline_mu","Beauty"
"S176",0.0804385569987836,0.68692414348125,"Baseline_mu","Beauty"
"S177",0.0474156171693482,0.118984114684657,"Baseline_mu","Beauty"
"S178",0.064524750930233,0.691278910349707,"Baseline_mu","Beauty"
"S179",0.0299296897316561,0.940209491973806,"Baseline_mu","Beauty"
"S180",0.0738376751273352,0.65241936357602,"Baseline_mu","Beauty"
"S182",0.0661494186694654,0.641048393595902,"Baseline_mu","Beauty"
"S183",0.0527416238348256,0.834013895388551,"Baseline_mu","Beauty"
"S184",0.0411976078706273,0.895509790399328,"Baseline_mu","Beauty"
"S185",0.067858931463547,0.675469404778265,"Baseline_mu","Beauty"
"S186",0.0678918475322118,0.814424908687553,"Baseline_mu","Beauty"
"S188",0.0732910583854552,0.624875281890282,"Baseline_mu","Beauty"
"S189",0.0642659213508275,0.624951622727737,"Baseline_mu","Beauty"
"S192",0.0578085031399636,0.251926953075399,"Baseline_mu","Beauty"
"S193",0.0708344807452007,0.731734722534387,"Baseline_mu","Beauty"
"S194",0.0598696422051075,0.638105104375682,"Baseline_mu","Beauty"
"S195",0.0652334223153305,0.58467486233632,"Baseline_mu","Beauty"
"S196",0.0609854959406931,0.773089468844052,"Baseline_mu","Beauty"
"S197",0.0832809313863437,0.50964370119015,"Baseline_mu","Beauty"
"S198",0.0716577127615829,0.663651526730675,"Baseline_mu","Beauty"
"S199",0.0464850615646392,0.450985966431203,"Baseline_mu","Beauty"
"S200",0.0486866167061365,0.436292809712685,"Baseline_mu","Beauty"
"S201",0.0611637408383877,0.537033004907717,"Baseline_mu","Beauty"
"S202",0.0600690502064793,0.770944549831905,"Baseline_mu","Beauty"
"S203",0.0678819090800753,0.647884550143877,"Baseline_mu","Beauty"
"S205",0.0614259825003427,0.654821887706292,"Baseline_mu","Beauty"
"S206",0.0580539131940211,0.775755169480709,"Baseline_mu","Beauty"
"S207",0.0435383925282582,0.116112421607663,"Baseline_mu","Beauty"
"S208",0.0794578159294126,0.734869920585053,"Baseline_mu","Beauty"
"S209",0.0524735239528645,0.756181822698184,"Baseline_mu","Beauty"
"S210",0.0302346834743618,0.765616139301034,"Baseline_mu","Beauty"
"S211",0.0586114680014257,0.765664547159586,"Baseline_mu","Beauty"
"S212",0.052222928501541,0.684576990413645,"Baseline_mu","Beauty"
"S213",0.0342508075837008,0.903620371609096,"Baseline_mu","Beauty"
"S214",0.0613832943834303,0.679024929523719,"Baseline_mu","Beauty"
"S215",0.0261637134027141,0.924475314355695,"Baseline_mu","Beauty"
"S216",0.0763425409615637,0.399871765509288,"Baseline_mu","Beauty"
"S217",0.0775617793665671,0.367831273249879,"Baseline_mu","Beauty"
"S218",0.0670712268945954,0.628741928373902,"Baseline_mu","Beauty"
"S219",0.045550681217784,0.528757460727947,"Baseline_mu","Beauty"
"S220",0.0468914457602899,0.855592837364148,"Baseline_mu","Beauty"
"S165",0.0440688141464148,-0.0563998921603647,"ForgOri_mu","Beauty"
"S165",0.0678159300797228,-0.229488432404839,"AIOri_mu","Beauty"
"S165",0.0726584488742005,-0.169057186425801,"AIForg_mu","Beauty"
"S167",0.047925090217554,-0.0895384700158544,"ForgOri_mu","Beauty"
"S167",0.0855984313034535,-0.183175636473843,"AIOri_mu","Beauty"
"S167",0.0704552499412089,-0.0974722874632116,"AIForg_mu","Beauty"
"S168",0.0454203133840073,0.0854952331324132,"ForgOri_mu","Beauty"
"S168",0.0753035772769726,-0.143988540752037,"AIOri_mu","Beauty"
"S168",0.0618595667706259,-0.221651044365824,"AIForg_mu","Beauty"
"S169",0.058722865051216,-0.0271011912250603,"ForgOri_mu","Beauty"
"S169",0.068719945542002,0.126097049596497,"AIOri_mu","Beauty"
"S169",0.0799736283791064,0.153003317591964,"AIForg_mu","Beauty"
"S170",0.0507950717105117,-0.0315575330608372,"ForgOri_mu","Beauty"
"S170",0.0757123836123598,-0.143887308664576,"AIOri_mu","Beauty"
"S170",0.0738090790214508,-0.110261434778648,"AIForg_mu","Beauty"
"S171",0.0428693202133111,-0.105497993593863,"ForgOri_mu","Beauty"
"S171",0.0904223312448168,-0.00363243126740589,"AIOri_mu","Beauty"
"S171",0.0843037855312828,0.110626044126165,"AIForg_mu","Beauty"
"S172",0.0420319290055998,-0.0784310280960812,"ForgOri_mu","Beauty"
"S172",0.0867271959077153,-0.100343018982131,"AIOri_mu","Beauty"
"S172",0.0930912423795232,-0.0173158413480614,"AIForg_mu","Beauty"
"S173",0.044927095538984,0.00614168919733521,"ForgOri_mu","Beauty"
"S173",0.063188267608158,-0.260470848906578,"AIOri_mu","Beauty"
"S173",0.0839408880492914,-0.25882220557353,"AIForg_mu","Beauty"
"S174",0.0555659202096735,-0.124369035885665,"ForgOri_mu","Beauty"
"S174",0.108314832090692,-0.170321143910945,"AIOri_mu","Beauty"
"S174",0.0944402605184216,-0.0406058685856002,"AIForg_mu","Beauty"
"S175",0.0489962930895271,-0.0923376362707339,"ForgOri_mu","Beauty"
"S175",0.0761923263946006,-0.0920370375066427,"AIOri_mu","Beauty"
"S175",0.0713865993029275,-0.00894460655178442,"AIForg_mu","Beauty"
"S176",0.0667612886098912,-0.00800834513919402,"ForgOri_mu","Beauty"
"S176",0.0944148643499353,0.0020589053130195,"AIOri_mu","Beauty"
"S176",0.0905250896825303,0.0121565202463195,"AIForg_mu","Beauty"
"S177",0.0390936967398366,0.0868454300659765,"ForgOri_mu","Beauty"
"S177",0.0554731660579925,-0.0367036892653488,"AIOri_mu","Beauty"
"S177",0.0565403544089069,-0.125278651590116,"AIForg_mu","Beauty"
"S178",0.0601177864173628,-0.222013529075786,"ForgOri_mu","Beauty"
"S178",0.0815789853597962,-0.265746328630073,"AIOri_mu","Beauty"
"S178",0.0972370497789437,-0.060390711209885,"AIForg_mu","Beauty"
"S179",0.0241226955485343,-0.0446656522462772,"ForgOri_mu","Beauty"
"S179",0.0444075233587659,-0.0489537261650862,"AIOri_mu","Beauty"
"S179",0.0509879370525208,-0.00435769503372097,"AIForg_mu","Beauty"
"S180",0.0514951860580738,-0.0320293939745402,"ForgOri_mu","Beauty"
"S180",0.108202146016741,-0.231476958632395,"AIOri_mu","Beauty"
"S180",0.0998742121320246,-0.200436160379171,"AIForg_mu","Beauty"
"S182",0.0534513886937229,0.0184289115272444,"ForgOri_mu","Beauty"
"S182",0.0927175117162185,0.0338818058881776,"AIOri_mu","Beauty"
"S182",0.0807441517385393,0.0130545338341649,"AIForg_mu","Beauty"
"S183",0.0410760507884438,-0.108306233176073,"ForgOri_mu","Beauty"
"S183",0.0943702946722358,-0.306979226014918,"AIOri_mu","Beauty"
"S183",0.0939915129948563,-0.177512715814683,"AIForg_mu","Beauty"
"S184",0.0411682739407356,-0.0612144700517366,"ForgOri_mu","Beauty"
"S184",0.073540578146675,-0.0375247791970522,"AIOri_mu","Beauty"
"S184",0.0688164497544492,0.0271986324309865,"AIForg_mu","Beauty"
"S185",0.0581350617406314,0.0183572114862173,"ForgOri_mu","Beauty"
"S185",0.0827439797258782,0.0287970484084802,"AIOri_mu","Beauty"
"S185",0.0718824050222593,-0.00200827461576231,"AIForg_mu","Beauty"
"S186",0.0464907875445617,-0.0298069023147016,"ForgOri_mu","Beauty"
"S186",0.0891938535357996,-0.026888520278758,"AIOri_mu","Beauty"
"S186",0.0877386435989206,0.00296251403572612,"AIForg_mu","Beauty"
"S188",0.0502550763943187,-0.159296381383897,"ForgOri_mu","Beauty"
"S188",0.0799219293429276,-0.278577432795482,"AIOri_mu","Beauty"
"S188",0.064240709905528,-0.123544354628632,"AIForg_mu","Beauty"
"S189",0.0732706888189352,-0.120247686376155,"ForgOri_mu","Beauty"
"S189",0.0811030921074153,-0.262525269587984,"AIOri_mu","Beauty"
"S189",0.0796560501414006,-0.144043414909539,"AIForg_mu","Beauty"
"S192",0.0424454763019162,-0.0700089676087441,"ForgOri_mu","Beauty"
"S192",0.0623982097707393,0.019846810580866,"AIOri_mu","Beauty"
"S192",0.0649991614600886,0.101851853384037,"AIForg_mu","Beauty"
"S193",0.0713984188375268,0.0766833439833331,"ForgOri_mu","Beauty"
"S193",0.0809634849776226,-0.00484343323254116,"AIOri_mu","Beauty"
"S193",0.0690301053188521,-0.0825263949419783,"AIForg_mu","Beauty"
"S194",0.0495195513825569,0.00446099828789553,"ForgOri_mu","Beauty"
"S194",0.0983841018623485,-0.123297534388965,"AIOri_mu","Beauty"
"S194",0.105015127879306,-0.137755642325043,"AIForg_mu","Beauty"
"S195",0.0714013904155972,-0.130943484414248,"ForgOri_mu","Beauty"
"S195",0.107720497141028,-0.181691918669167,"AIOri_mu","Beauty"
"S195",0.104837756251503,-0.0626016000127037,"AIForg_mu","Beauty"
"S196",0.0534800453410268,-0.0708355706904193,"ForgOri_mu","Beauty"
"S196",0.0790654200649697,-0.1298054338269,"AIOri_mu","Beauty"
"S196",0.0680925006198976,-0.0618650487031442,"AIForg_mu","Beauty"
"S197",0.0538798237602251,-0.143506953053145,"ForgOri_mu","Beauty"
"S197",0.0927137740338501,-0.249276689612554,"AIOri_mu","Beauty"
"S197",0.0820941930351404,-0.0971376154532264,"AIForg_mu","Beauty"
"S198",0.0476949067238829,-0.155120537721617,"ForgOri_mu","Beauty"
"S198",0.0827940980640979,-0.109841797254222,"AIOri_mu","Beauty"
"S198",0.062562259121449,0.0500634115843662,"AIForg_mu","Beauty"
"S199",0.0510566280080294,-0.0692186088602212,"ForgOri_mu","Beauty"
"S199",0.0770539706069127,-0.0813921927395833,"AIOri_mu","Beauty"
"S199",0.0574180730401197,-0.0231736271264628,"AIForg_mu","Beauty"
"S200",0.0581793672450495,0.022269317194947,"ForgOri_mu","Beauty"
"S200",0.0824644933863473,-0.03373320604741,"AIOri_mu","Beauty"
"S200",0.0954683639001737,-0.0502898788055418,"AIForg_mu","Beauty"
"S201",0.0454859995616578,0.0504391860715769,"ForgOri_mu","Beauty"
"S201",0.0617518964955261,-0.0629067908460051,"AIOri_mu","Beauty"
"S201",0.0868863905842634,-0.116054462519486,"AIForg_mu","Beauty"
"S202",0.0574985300250205,-0.121964372127787,"ForgOri_mu","Beauty"
"S202",0.0724206410515063,-0.0753448544962663,"AIOri_mu","Beauty"
"S202",0.0792163044626169,0.0450944824933336,"AIForg_mu","Beauty"
"S203",0.0653117942146385,-0.212607109763268,"ForgOri_mu","Beauty"
"S203",0.112432837562844,-0.126301734855206,"AIOri_mu","Beauty"
"S203",0.115557952137845,0.103839866204198,"AIForg_mu","Beauty"
"S205",0.0745239763441938,-0.044480765629444,"ForgOri_mu","Beauty"
"S205",0.0732741063244105,-0.114727581540625,"AIOri_mu","Beauty"
"S205",0.0943542517456766,-0.0331490890380056,"AIForg_mu","Beauty"
"S206",0.0466706830548575,-0.0792961493563419,"ForgOri_mu","Beauty"
"S206",0.0726866396090986,-0.140282789035223,"AIOri_mu","Beauty"
"S206",0.0874652966212291,-0.0578431755075933,"AIForg_mu","Beauty"
"S207",0.0306866119518332,0.0143300879545618,"ForgOri_mu","Beauty"
"S207",0.0335004913226873,-0.0625914186721738,"AIOri_mu","Beauty"
"S207",0.0346099028309405,-0.0726601178911309,"AIForg_mu","Beauty"
"S208",0.0633365195728936,-0.0873191736646026,"ForgOri_mu","Beauty"
"S208",0.0725348047276197,-0.273188049696204,"AIOri_mu","Beauty"
"S208",0.0782374395995512,-0.179390389725032,"AIForg_mu","Beauty"
"S209",0.0420173805361394,-0.00983269948401516,"ForgOri_mu","Beauty"
"S209",0.081327695951056,-0.173671985617328,"AIOri_mu","Beauty"
"S209",0.0993724168030212,-0.166674722703982,"AIForg_mu","Beauty"
"S210",0.038541282208889,0.00230390010161163,"ForgOri_mu","Beauty"
"S210",0.0536786268113861,-0.058359525112695,"AIOri_mu","Beauty"
"S210",0.0581381776376543,-0.0685641547845461,"AIForg_mu","Beauty"
"S211",0.0515086885812341,-0.0891583510769266,"ForgOri_mu","Beauty"
"S211",0.0934673873361976,-0.106920218638982,"AIOri_mu","Beauty"
"S211",0.0673781816962899,-0.036976235251355,"AIForg_mu","Beauty"
"S212",0.0587171548141941,-0.154349709294862,"ForgOri_mu","Beauty"
"S212",0.0899709523212958,-0.095501114149806,"AIOri_mu","Beauty"
"S212",0.10672744062315,0.0646950290098308,"AIForg_mu","Beauty"
"S213",0.025245813243443,0.00311698666665727,"ForgOri_mu","Beauty"
"S213",0.0365484010434556,-0.00570473043229325,"AIOri_mu","Beauty"
"S213",0.0333743863833117,-0.00722155056290746,"AIForg_mu","Beauty"
"S214",0.0431328197365861,0.0377361904984801,"ForgOri_mu","Beauty"
"S214",0.082398866303059,-0.0396938691225238,"AIOri_mu","Beauty"
"S214",0.0941737991238172,-0.0731754238348144,"AIForg_mu","Beauty"
"S215",0.043483179021231,-0.117125399695214,"ForgOri_mu","Beauty"
"S215",0.0676147037102085,-0.0912449497711182,"AIOri_mu","Beauty"
"S215",0.0528328601663351,0.0286858505839225,"AIForg_mu","Beauty"
"S216",0.0490888307025523,-0.140859712342925,"ForgOri_mu","Beauty"
"S216",0.0897052120751255,-0.00547314987086625,"AIOri_mu","Beauty"
"S216",0.0899154379038006,0.13671884273271,"AIForg_mu","Beauty"
"S217",0.0544519289687675,0.0655715911503115,"ForgOri_mu","Beauty"
"S217",0.0784125272609286,0.150271710977138,"AIOri_mu","Beauty"
"S217",0.0837350124844168,0.0667905599006246,"AIForg_mu","Beauty"
"S218",0.0440726458362588,-0.258801751161453,"ForgOri_mu","Beauty"
"S218",0.0927096493501635,-0.133796889809973,"AIOri_mu","Beauty"
"S218",0.0959994388237389,0.119459168035623,"AIForg_mu","Beauty"
"S219",0.0599804417084292,0.0161014229543485,"ForgOri_mu","Beauty"
"S219",0.074826528773943,-0.223425454347567,"AIOri_mu","Beauty"
"S219",0.0588858622207377,-0.238463630351181,"AIForg_mu","Beauty"
"S220",0.0514575276707017,-0.129582274766638,"ForgOri_mu","Beauty"
"S220",0.0782887236143359,-0.321160619732208,"AIOri_mu","Beauty"
"S220",0.080464356005055,-0.190579981359832,"AIForg_mu","Beauty"
"S165",0.0268993318145895,0.306176346448133,"Baseline_confright","Beauty"
"S167",0.0377956953625919,0.455793031504629,"Baseline_confright","Beauty"
"S168",0.0263855806905704,0.167316683035269,"Baseline_confright","Beauty"
"S169",0.0481089095014286,0.475438062730454,"Baseline_confright","Beauty"
"S170",0.0378601855650386,0.329948862331773,"Baseline_confright","Beauty"
"S171",0.0384039179725245,0.344972388327463,"Baseline_confright","Beauty"
"S172",0.0434656114193868,0.598370474436039,"Baseline_confright","Beauty"
"S173",0.0367864962150632,0.423223009718351,"Baseline_confright","Beauty"
"S174",0.0428863830340607,0.479870642517844,"Baseline_confright","Beauty"
"S175",0.0389236278213209,0.376713551028908,"Baseline_confright","Beauty"
"S176",0.0347390311465984,0.362470602533788,"Baseline_confright","Beauty"
"S177",0.0761654848844716,0.342196002928843,"Baseline_confright","Beauty"
"S178",0.027730399417706,0.407751012967156,"Baseline_confright","Beauty"
"S179",0.0227846153210513,0.257186047479921,"Baseline_confright","Beauty"
"S180",0.0234544847374599,0.168594202328344,"Baseline_confright","Beauty"
"S182",0.0312712085736722,0.301062703572154,"Baseline_confright","Beauty"
"S183",0.0390345478326135,0.500058431211198,"Baseline_confright","Beauty"
"S184",0.0386786076679388,0.486295105257206,"Baseline_confright","Beauty"
"S185",0.0342235174075665,0.290182831086228,"Baseline_confright","Beauty"
"S186",0.0367147578338492,0.328812289732605,"Baseline_confright","Beauty"
"S188",0.0392216896295124,0.446274621544435,"Baseline_confright","Beauty"
"S189",0.0257377261769551,0.235529454041251,"Baseline_confright","Beauty"
"S192",0.0589764956150109,0.378437500428235,"Baseline_confright","Beauty"
"S193",0.0402758664687061,0.40205409365185,"Baseline_confright","Beauty"
"S194",0.0339177816941555,0.291119321576725,"Baseline_confright","Beauty"
"S195",0.0544759942052014,0.517726793451963,"Baseline_confright","Beauty"
"S196",0.0340132747845463,0.342738522907205,"Baseline_confright","Beauty"
"S197",0.0326153454156766,0.258778661609757,"Baseline_confright","Beauty"
"S198",0.0442021389552629,0.465395063545646,"Baseline_confright","Beauty"
"S199",0.0352509980920044,0.319186467032472,"Baseline_confright","Beauty"
"S200",0.0482472253778164,0.457441195333963,"Baseline_confright","Beauty"
"S201",0.029442878433246,0.281967088493122,"Baseline_confright","Beauty"
"S202",0.0338749218269695,0.45685449726544,"Baseline_confright","Beauty"
"S203",0.0597931027909882,0.4764520290219,"Baseline_confright","Beauty"
"S205",0.0351243439303899,0.373376299005095,"Baseline_confright","Beauty"
"S206",0.0296566808454322,0.410126773382301,"Baseline_confright","Beauty"
"S207",0.0678104118513699,0.219112501751077,"Baseline_confright","Beauty"
"S208",0.0500447758065219,0.588932572815045,"Baseline_confright","Beauty"
"S209",0.0378368687098771,0.450732836166942,"Baseline_confright","Beauty"
"S210",0.0452803787269012,0.435630733625176,"Baseline_confright","Beauty"
"S211",0.0389949562503161,0.402495763745714,"Baseline_confright","Beauty"
"S212",0.0254571128673937,0.290073542785758,"Baseline_confright","Beauty"
"S213",0.0342047281894019,0.62303458331848,"Baseline_confright","Beauty"
"S214",0.0267297048239437,0.421072227696299,"Baseline_confright","Beauty"
"S215",0.0225958068453018,0.3009074118858,"Baseline_confright","Beauty"
"S216",0.0402133811610674,0.278012796065754,"Baseline_confright","Beauty"
"S217",0.0337771908296713,0.229934513519026,"Baseline_confright","Beauty"
"S218",0.0314230363174153,0.351888589426607,"Baseline_confright","Beauty"
"S219",0.0345988012185631,0.283046690143535,"Baseline_confright","Beauty"
"S220",0.0188357211538575,0.263537702153053,"Baseline_confright","Beauty"
"S165",0.0137022975286775,-0.0479764657691641,"ForgOri_confright","Beauty"
"S165",0.0265198083845697,-0.0855709038270961,"AIOri_confright","Beauty"
"S165",0.021119175636154,-0.0383804398305121,"AIForg_confright","Beauty"
"S167",0.0302319944792406,-0.0390637411370443,"ForgOri_confright","Beauty"
"S167",0.0312569324099959,-0.073800048395459,"AIOri_confright","Beauty"
"S167",0.0360463690444184,-0.0371423979458982,"AIForg_confright","Beauty"
"S168",0.0130685680135618,-0.0203309772877936,"ForgOri_confright","Beauty"
"S168",0.0159673623583393,-0.0299317639819944,"AIOri_confright","Beauty"
"S168",0.0209288963360817,-0.0121160447562427,"AIForg_confright","Beauty"
"S169",0.0291517100422381,-0.0471278705123264,"ForgOri_confright","Beauty"
"S169",0.0243495069741495,-0.0577484949289752,"AIOri_confright","Beauty"
"S169",0.0302927933003561,-0.0156244460676261,"AIForg_confright","Beauty"
"S170",0.0177129881446903,-0.0425273600842879,"ForgOri_confright","Beauty"
"S170",0.0234989704048318,-0.0726922316115827,"AIOri_confright","Beauty"
"S170",0.0246899789187275,-0.0289139310455427,"AIForg_confright","Beauty"
"S171",0.0259426031684973,-0.0438081583805974,"ForgOri_confright","Beauty"
"S171",0.0209690484836365,-0.0368794309586164,"AIOri_confright","Beauty"
"S171",0.0296486256899545,0.00931343439317983,"AIForg_confright","Beauty"
"S172",0.019814265242696,-0.0477119017309051,"ForgOri_confright","Beauty"
"S172",0.02862123698978,-0.0895162764980272,"AIOri_confright","Beauty"
"S172",0.0347582460535862,-0.0384303009181562,"AIForg_confright","Beauty"
"S173",0.0231521765729114,-0.0207830526004392,"ForgOri_confright","Beauty"
"S173",0.0263353040275164,-0.0529492618572484,"AIOri_confright","Beauty"
"S173",0.0263932440961175,-0.0327299275618423,"AIForg_confright","Beauty"
"S174",0.0251835985897192,-0.0743403965930591,"ForgOri_confright","Beauty"
"S174",0.0316132533710227,-0.0877639754497715,"AIOri_confright","Beauty"
"S174",0.0348225103961205,-0.0121503950319329,"AIForg_confright","Beauty"
"S175",0.0260496233447785,-0.0381320491011536,"ForgOri_confright","Beauty"
"S175",0.032177610821969,-0.09495904739922,"AIOri_confright","Beauty"
"S175",0.0276341052162604,-0.0625884807729136,"AIForg_confright","Beauty"
"S176",0.0246952586535149,-0.0726666585859872,"ForgOri_confright","Beauty"
"S176",0.0328387772808906,-0.0587341759080159,"AIOri_confright","Beauty"
"S176",0.0324984649676283,0.0128297989516535,"AIForg_confright","Beauty"
"S177",0.0267359716246867,-0.00271866475233445,"ForgOri_confright","Beauty"
"S177",0.031275949171439,-0.0685700591870343,"AIOri_confright","Beauty"
"S177",0.040311758870508,-0.0657988563592327,"AIForg_confright","Beauty"
"S178",0.0303251801057083,-0.0954325297149463,"ForgOri_confright","Beauty"
"S178",0.0308592037803954,-0.100691640777208,"AIOri_confright","Beauty"
"S178",0.0369832634892849,-0.00341560736833202,"AIForg_confright","Beauty"
"S179",0.0183529411678353,-0.017179056365754,"ForgOri_confright","Beauty"
"S179",0.0239640506252792,-0.0128402851180362,"AIOri_confright","Beauty"
"S179",0.0215761138800926,0.00452431336132347,"AIForg_confright","Beauty"
"S180",0.0125188385424461,-0.0270319239232265,"ForgOri_confright","Beauty"
"S180",0.0186081212660437,-0.0497163511232409,"AIOri_confright","Beauty"
"S180",0.0153046709947642,-0.0237889723854535,"AIForg_confright","Beauty"
"S182",0.0236617156818724,-0.0330986704518806,"ForgOri_confright","Beauty"
"S182",0.0259599493420125,-0.0462456145119425,"AIOri_confright","Beauty"
"S182",0.017326153013954,-0.0109638240729894,"AIForg_confright","Beauty"
"S183",0.0263229750119685,-0.0749426880327106,"ForgOri_confright","Beauty"
"S183",0.0290140677456989,-0.0807667520239223,"AIOri_confright","Beauty"
"S183",0.032484737290343,-0.00864033572611606,"AIForg_confright","Beauty"
"S184",0.0253453098180592,-0.0533570044583981,"ForgOri_confright","Beauty"
"S184",0.0324783205475878,-0.0292281561091979,"AIOri_confright","Beauty"
"S184",0.0306013850769096,0.0320202507348025,"AIForg_confright","Beauty"
"S185",0.0163206666937647,0.0024016337018995,"ForgOri_confright","Beauty"
"S185",0.0275519052075716,0.00102257592507277,"AIOri_confright","Beauty"
"S185",0.0241320257314486,-0.000480052258490904,"AIForg_confright","Beauty"
"S186",0.0199328853445366,-0.0482809833379463,"ForgOri_confright","Beauty"
"S186",0.0273966259035894,-0.0299720398921078,"AIOri_confright","Beauty"
"S186",0.0291257261363927,0.0192170894396541,"AIForg_confright","Beauty"
"S188",0.0211423603771329,-0.06831788005715,"ForgOri_confright","Beauty"
"S188",0.0323905492888071,-0.0915339585631433,"AIOri_confright","Beauty"
"S188",0.0359234927970321,-0.0224715793695656,"AIForg_confright","Beauty"
"S189",0.0166633524693755,-0.0342087268784127,"ForgOri_confright","Beauty"
"S189",0.0176793071240379,-0.0560757206368361,"AIOri_confright","Beauty"
"S189",0.0202667662039974,-0.0199480037147938,"AIForg_confright","Beauty"
"S192",0.0231930637966101,-0.0587309507531923,"ForgOri_confright","Beauty"
"S192",0.0237401917848399,-0.0654350640810735,"AIOri_confright","Beauty"
"S192",0.0285695062314663,-0.00529843306011768,"AIForg_confright","Beauty"
"S193",0.0363907755471672,-0.00831647576129699,"ForgOri_confright","Beauty"
"S193",0.0319112853432945,-0.0410562697419822,"AIOri_confright","Beauty"
"S193",0.0346477473006616,-0.0418827783573501,"AIForg_confright","Beauty"
"S194",0.0201347687096953,0.00588653337748252,"ForgOri_confright","Beauty"
"S194",0.0218495920601536,-0.0579792873250145,"AIOri_confright","Beauty"
"S194",0.0265027267822385,-0.0631097847234778,"AIForg_confright","Beauty"
"S195",0.0346757724241426,-0.0794560591279971,"ForgOri_confright","Beauty"
"S195",0.0283516577684173,-0.119800018924251,"AIOri_confright","Beauty"
"S195",0.0343917526600725,-0.0361179173674017,"AIForg_confright","Beauty"
"S196",0.0191510945350424,-0.0258583054515781,"ForgOri_confright","Beauty"
"S196",0.0339413955641729,-0.0726119090502411,"AIOri_confright","Beauty"
"S196",0.0267863775762847,-0.0494053705069908,"AIForg_confright","Beauty"
"S197",0.0179580100375901,-0.0569641512797235,"ForgOri_confright","Beauty"
"S197",0.0245873886713718,-0.0697998209708848,"AIOri_confright","Beauty"
"S197",0.0238102913241407,-0.012037710465643,"AIForg_confright","Beauty"
"S198",0.0248557253596668,-0.0743271856230497,"ForgOri_confright","Beauty"
"S198",0.027587756984954,-0.0532956452563225,"AIOri_confright","Beauty"
"S198",0.0264561329136637,0.022473749933884,"AIForg_confright","Beauty"
"S199",0.0213595147360258,-0.0573010492472346,"ForgOri_confright","Beauty"
"S199",0.0362233893240967,-0.0552990853289862,"AIOri_confright","Beauty"
"S199",0.0274763502243451,0.000445212184168264,"AIForg_confright","Beauty"
"S200",0.0372505665232305,-0.0418249752167258,"ForgOri_confright","Beauty"
"S200",0.0376150656395172,-0.0558986356146747,"AIOri_confright","Beauty"
"S200",0.0319424295113138,-0.013228014227144,"AIForg_confright","Beauty"
"S201",0.0269686049113505,-0.0623927398997923,"ForgOri_confright","Beauty"
"S201",0.0282114523376322,-0.0594854135125928,"AIOri_confright","Beauty"
"S201",0.0233495904019477,0.00372613405761742,"AIForg_confright","Beauty"
"S202",0.0187096457435769,-0.0490358051551912,"ForgOri_confright","Beauty"
"S202",0.02853054926995,-0.0458411985049331,"AIOri_confright","Beauty"
"S202",0.0297500393394117,0.00599127626611787,"AIForg_confright","Beauty"
"S203",0.0305929158514007,-0.0674964826594784,"ForgOri_confright","Beauty"
"S203",0.0377974218656973,-0.0745027486087108,"AIOri_confright","Beauty"
"S203",0.0374282722510768,0.000984656866667405,"AIForg_confright","Beauty"
"S205",0.0200904477248685,-0.0333294061096474,"ForgOri_confright","Beauty"
"S205",0.0253056968247877,-0.0500228157723096,"AIOri_confright","Beauty"
"S205",0.0260202320097875,-0.0190362401961982,"AIForg_confright","Beauty"
"S206",0.0230694037017839,-0.0657743104352363,"ForgOri_confright","Beauty"
"S206",0.0311722458376376,-0.101020086242637,"AIOri_confright","Beauty"
"S206",0.0247131385164632,-0.0325202303174063,"AIForg_confright","Beauty"
"S207",0.0181137060171563,-0.0154751501244114,"ForgOri_confright","Beauty"
"S207",0.0228265530475298,-0.0360834690029908,"AIOri_confright","Beauty"
"S207",0.021924612800385,-0.0183969735518152,"AIForg_confright","Beauty"
"S208",0.0338273304526749,-0.0488204022566717,"ForgOri_confright","Beauty"
"S208",0.0401672771844497,-0.103574767733517,"AIOri_confright","Beauty"
"S208",0.0419068477784834,-0.049527187124342,"AIForg_confright","Beauty"
"S209",0.0222206620669733,-0.0407609667841692,"ForgOri_confright","Beauty"
"S209",0.0314840036399237,-0.0901123550170309,"AIOri_confright","Beauty"
"S209",0.0326798017009485,-0.0510748053778315,"AIForg_confright","Beauty"
"S210",0.0295271946966845,-0.037729508887716,"ForgOri_confright","Beauty"
"S210",0.0315668896008585,-0.0784889819340132,"AIOri_confright","Beauty"
"S210",0.0305487000415823,-0.0388666038218736,"AIForg_confright","Beauty"
"S211",0.0204734970155767,-0.0526989937939238,"ForgOri_confright","Beauty"
"S211",0.0296840505923132,-0.0628162903990588,"AIOri_confright","Beauty"
"S211",0.0313986921555058,-0.00930094660299552,"AIForg_confright","Beauty"
"S212",0.0184874006239677,-0.0567850004201001,"ForgOri_confright","Beauty"
"S212",0.0214095529311391,-0.0500381003398114,"AIOri_confright","Beauty"
"S212",0.0301203991094826,0.00518002418759388,"AIForg_confright","Beauty"
"S213",0.0274560597719627,-0.0290064086752053,"ForgOri_confright","Beauty"
"S213",0.0422943978523245,-0.0384100373257755,"AIOri_confright","Beauty"
"S213",0.0379605431180869,-0.0151744038431286,"AIForg_confright","Beauty"
"S214",0.0257069013197233,-0.00579325451022941,"ForgOri_confright","Beauty"
"S214",0.0257908855837797,-0.0464703369746173,"AIOri_confright","Beauty"
"S214",0.0306046164065484,-0.0437251942168783,"AIForg_confright","Beauty"
"S215",0.0152840508958224,-0.0803279290018829,"ForgOri_confright","Beauty"
"S215",0.0274378861134719,-0.0527243940969954,"AIOri_confright","Beauty"
"S215",0.0223776186269054,0.0296392682987124,"AIForg_confright","Beauty"
"S216",0.0227902718994211,-0.0624346833007587,"ForgOri_confright","Beauty"
"S216",0.0298890450593577,-0.0390635141740856,"AIOri_confright","Beauty"
"S216",0.0244336642456458,0.0228265682016062,"AIForg_confright","Beauty"
"S217",0.0161046710125207,-0.0318432064481096,"ForgOri_confright","Beauty"
"S217",0.0229329445871158,0.00539398443940867,"AIOri_confright","Beauty"
"S217",0.0199352496798291,0.0368997366373967,"AIForg_confright","Beauty"
"S218",0.0177123058929624,-0.0863635263141184,"ForgOri_confright","Beauty"
"S218",0.0248240659167209,-0.0750673252091213,"AIOri_confright","Beauty"
"S218",0.0256666712306927,0.00860278101458573,"AIForg_confright","Beauty"
"S219",0.0225589032460136,-0.0684566240322205,"ForgOri_confright","Beauty"
"S219",0.0264716480976806,-0.0914097979571211,"AIOri_confright","Beauty"
"S219",0.0201858935852625,-0.0244759566207152,"AIForg_confright","Beauty"
"S220",0.0142317477413061,-0.0457794664338238,"ForgOri_confright","Beauty"
"S220",0.0173335377661929,-0.0468107127396913,"AIOri_confright","Beauty"
"S220",0.0187951611317602,-0.000847951432422334,"AIForg_confright","Beauty"
"S165",0.0429670773904266,0.407322530437153,"Baseline_confleft","Beauty"
"S167",0.0598037456836052,0.381351808601503,"Baseline_confleft","Beauty"
"S168",0.0356971706218784,0.336904702293649,"Baseline_confleft","Beauty"
"S169",0.0490288697032732,0.398524636089014,"Baseline_confleft","Beauty"
"S170",0.0511823319067259,0.4754250593393,"Baseline_confleft","Beauty"
"S171",0.0456885479777176,0.445548967906147,"Baseline_confleft","Beauty"
"S172",0.0664565800419003,0.401999258052041,"Baseline_confleft","Beauty"
"S173",0.0651040172837452,0.558647453374417,"Baseline_confleft","Beauty"
"S174",0.0823419491868386,0.455637772128363,"Baseline_confleft","Beauty"
"S175",0.0816343592830291,0.271635254090441,"Baseline_confleft","Beauty"
"S176",0.0436649437306325,0.288419683267433,"Baseline_confleft","Beauty"
"S177",0.0425821882055695,0.526693175239612,"Baseline_confleft","Beauty"
"S178",0.040568158855401,0.397315395492591,"Baseline_confleft","Beauty"
"S179",0.07543880487642,0.222046297268672,"Baseline_confleft","Beauty"
"S180",0.0296671597186683,0.21851703011126,"Baseline_confleft","Beauty"
"S182",0.0353361929146943,0.402921708836672,"Baseline_confleft","Beauty"
"S183",0.0552645911405739,0.31197767779735,"Baseline_confleft","Beauty"
"S184",0.0720024118173535,0.326532667753315,"Baseline_confleft","Beauty"
"S185",0.0500850907853386,0.274536021898568,"Baseline_confleft","Beauty"
"S186",0.0666287734145543,0.283961989785905,"Baseline_confleft","Beauty"
"S188",0.0521815855823234,0.534614337801832,"Baseline_confleft","Beauty"
"S189",0.029184083076922,0.244265368451702,"Baseline_confleft","Beauty"
"S192",0.0349277133044662,0.493430566333995,"Baseline_confleft","Beauty"
"S193",0.0480631795122036,0.280384563928998,"Baseline_confleft","Beauty"
"S194",0.0396656627879557,0.275084092583687,"Baseline_confleft","Beauty"
"S195",0.046307457259428,0.58887533107916,"Baseline_confleft","Beauty"
"S196",0.0287979260016,0.22327145901147,"Baseline_confleft","Beauty"
"S197",0.0448208001882039,0.417109878293832,"Baseline_confleft","Beauty"
"S198",0.0422935010729973,0.472270265730818,"Baseline_confleft","Beauty"
"S199",0.0467085950203634,0.486655932164918,"Baseline_confleft","Beauty"
"S200",0.0566117736701052,0.664887040091987,"Baseline_confleft","Beauty"
"S201",0.0317404275187609,0.342300759280626,"Baseline_confleft","Beauty"
"S202",0.0707365670722668,0.45900686334458,"Baseline_confleft","Beauty"
"S203",0.0553805374593598,0.368673739694261,"Baseline_confleft","Beauty"
"S205",0.0509788157241083,0.359691699294494,"Baseline_confleft","Beauty"
"S206",0.0400964067576333,0.29227621894374,"Baseline_confleft","Beauty"
"S207",0.034263774733658,0.504357341739515,"Baseline_confleft","Beauty"
"S208",0.0569918472491873,0.509069925625342,"Baseline_confleft","Beauty"
"S209",0.0373150861598575,0.316157763433881,"Baseline_confleft","Beauty"
"S210",0.0470599897658487,0.310913618582138,"Baseline_confleft","Beauty"
"S211",0.0522473892060309,0.483617009505449,"Baseline_confleft","Beauty"
"S212",0.0283673407259248,0.226277990269599,"Baseline_confleft","Beauty"
"S213",0.0706527257139736,0.299781147213381,"Baseline_confleft","Beauty"
"S214",0.0369328488919579,0.340119047306288,"Baseline_confleft","Beauty"
"S215",0.0541552294228724,0.211676960198084,"Baseline_confleft","Beauty"
"S216",0.024101858489359,0.254343112321935,"Baseline_confleft","Beauty"
"S217",0.0366047663364364,0.417099722520819,"Baseline_confleft","Beauty"
"S218",0.0644347185283433,0.424934510497468,"Baseline_confleft","Beauty"
"S219",0.0335655322193257,0.392116001715833,"Baseline_confleft","Beauty"
"S220",0.0374497320011442,0.182375689387319,"Baseline_confleft","Beauty"
"S165",0.0229104173119122,0.00475653403856016,"ForgOri_confleft","Beauty"
"S165",0.0288954532782539,0.0626087962067054,"AIOri_confleft","Beauty"
"S165",0.0312919228352201,0.0593517454575675,"AIForg_confleft","Beauty"
"S167",0.0288217204262586,0.0435669249206705,"ForgOri_confleft","Beauty"
"S167",0.028107231709978,0.059167340574218,"AIOri_confleft","Beauty"
"S167",0.0317167484856777,0.0162848846928862,"AIForg_confleft","Beauty"
"S168",0.0252198278385905,-0.0329018787594642,"ForgOri_confleft","Beauty"
"S168",0.0243491993134217,-0.00551125435352251,"AIOri_confleft","Beauty"
"S168",0.026709231020069,0.0291184670873598,"AIForg_confleft","Beauty"
"S169",0.0354261297135379,0.0174502263322503,"ForgOri_confleft","Beauty"
"S169",0.0263512497133587,-0.0184167312541236,"AIOri_confleft","Beauty"
"S169",0.0299523944158801,-0.0371022433868029,"AIForg_confleft","Beauty"
"S170",0.0273534747229438,0.0195987972083136,"ForgOri_confleft","Beauty"
"S170",0.0314146755951853,0.0669615231403906,"AIOri_confleft","Beauty"
"S170",0.0338108715740794,0.048954148256189,"AIForg_confleft","Beauty"
"S171",0.0342637939801872,0.0350103431629823,"ForgOri_confleft","Beauty"
"S171",0.0368678428367031,-0.0246643508024822,"AIOri_confleft","Beauty"
"S171",0.0446973672791577,-0.0622183695069386,"AIForg_confleft","Beauty"
"S172",0.0346354622818362,0.036931721379511,"ForgOri_confleft","Beauty"
"S172",0.0336702335326521,0.0376714115723598,"AIOri_confleft","Beauty"
"S172",0.0389180034765601,-0.00470202184650628,"AIForg_confleft","Beauty"
"S173",0.030587155252981,0.0340450130460733,"ForgOri_confleft","Beauty"
"S173",0.032453236213682,0.0825954466701344,"AIOri_confleft","Beauty"
"S173",0.0413713841247391,0.0481352479988802,"AIForg_confleft","Beauty"
"S174",0.0363162756758395,0.0565840663356752,"ForgOri_confleft","Beauty"
"S174",0.0301938027472234,0.0189263597835608,"AIOri_confleft","Beauty"
"S174",0.0475457882073383,-0.0430909857923048,"AIForg_confleft","Beauty"
"S175",0.0387971511798969,0.0301733039154299,"ForgOri_confleft","Beauty"
"S175",0.0266496786717224,0.030225159270982,"AIOri_confleft","Beauty"
"S175",0.0313292342390657,0.010335321537418,"AIForg_confleft","Beauty"
"S176",0.0211394286085357,-0.00138818232455343,"ForgOri_confleft","Beauty"
"S176",0.027614191314611,-0.0387098398492596,"AIOri_confleft","Beauty"
"S176",0.0289102004249356,-0.0316741424871157,"AIForg_confleft","Beauty"
"S177",0.0276656848654691,-0.0450671381391834,"ForgOri_confleft","Beauty"
"S177",0.0444536987952924,0.0492758576696433,"AIOri_confleft","Beauty"
"S177",0.0419452127398595,0.0989063459733701,"AIForg_confleft","Beauty"
"S178",0.0400030828849616,0.0385360959950824,"ForgOri_confleft","Beauty"
"S178",0.0319686466952107,0.0720173761485627,"AIOri_confleft","Beauty"
"S178",0.0464125517911688,0.0312463879112862,"AIForg_confleft","Beauty"
"S179",0.0216743109919787,0.0165134046936159,"ForgOri_confleft","Beauty"
"S179",0.0337130550851472,0.0174556971715202,"AIOri_confleft","Beauty"
"S179",0.0296617718722863,-0.000834308972585171,"AIForg_confleft","Beauty"
"S180",0.0256260328871125,0.0201393797871799,"ForgOri_confleft","Beauty"
"S180",0.0250362443908411,0.0614602828893107,"AIOri_confleft","Beauty"
"S180",0.032449564655155,0.0419604695235499,"AIForg_confleft","Beauty"
"S182",0.0346090602269407,0.0220828054923917,"ForgOri_confleft","Beauty"
"S182",0.0316418076958911,0.0152257145375733,"AIOri_confleft","Beauty"
"S182",0.0350061542033182,-0.0102118521497127,"AIForg_confleft","Beauty"
"S183",0.0261374633459842,0.0693364920454998,"ForgOri_confleft","Beauty"
"S183",0.0330210244042397,0.0876986635385442,"AIOri_confleft","Beauty"
"S183",0.0291618072954377,0.0167848602037063,"AIForg_confleft","Beauty"
"S184",0.0266319360507582,0.0262970868767264,"ForgOri_confleft","Beauty"
"S184",0.0343747364632763,0.0231649966885274,"AIOri_confleft","Beauty"
"S184",0.0453428467360744,0.000484111593232833,"AIForg_confleft","Beauty"
"S185",0.0260202564558389,-0.00481541443780717,"ForgOri_confleft","Beauty"
"S185",0.0286620026051034,0.0295602724422995,"AIOri_confleft","Beauty"
"S185",0.0241908884324792,0.035809816510728,"AIForg_confleft","Beauty"
"S186",0.0314621536217629,-0.0109946792931213,"ForgOri_confleft","Beauty"
"S186",0.0275062190157751,-0.00103010523427641,"AIOri_confleft","Beauty"
"S186",0.0346947465018414,0.00496947982535917,"AIForg_confleft","Beauty"
"S188",0.0337590000617061,0.0913771771413865,"ForgOri_confleft","Beauty"
"S188",0.0332114294892852,0.0883142070251052,"AIOri_confleft","Beauty"
"S188",0.0326990938934526,-0.00460821491497171,"AIForg_confleft","Beauty"
"S189",0.0239829798849923,0.0231237380146116,"ForgOri_confleft","Beauty"
"S189",0.0245824962908373,0.0401994694287638,"AIOri_confleft","Beauty"
"S189",0.0267725501682505,0.0159618807861919,"AIForg_confleft","Beauty"
"S192",0.0324552374806506,0.0792049317015258,"ForgOri_confleft","Beauty"
"S192",0.0367705762938445,0.0320453896312407,"AIOri_confleft","Beauty"
"S192",0.0376524178168014,-0.0434420377962668,"AIForg_confleft","Beauty"
"S193",0.0299718202110059,-0.0419819888656073,"ForgOri_confleft","Beauty"
"S193",0.0214280170516188,-0.00356877511569845,"AIOri_confleft","Beauty"
"S193",0.0227259773809517,0.0345340289768631,"AIForg_confleft","Beauty"
"S194",0.0251789621512643,0.0230983391452524,"ForgOri_confleft","Beauty"
"S194",0.0265349076019936,0.0311241452440493,"AIOri_confleft","Beauty"
"S194",0.0328338352260896,0.00877629205488277,"AIForg_confleft","Beauty"
"S195",0.036484509079227,0.0328856643216899,"ForgOri_confleft","Beauty"
"S195",0.0274704700857056,0.0682465198691556,"AIOri_confleft","Beauty"
"S195",0.0465616494242468,0.0392830545973827,"AIForg_confleft","Beauty"
"S196",0.0228450271485757,0.0334168678692125,"ForgOri_confleft","Beauty"
"S196",0.025848432100396,0.075394541167948,"AIOri_confleft","Beauty"
"S196",0.0367605540109664,0.0493739586107504,"AIForg_confleft","Beauty"
"S197",0.0271588741056033,0.0463286824964048,"ForgOri_confleft","Beauty"
"S197",0.0398987599293305,0.0234047241974449,"AIOri_confleft","Beauty"
"S197",0.0388076829417906,-0.0151035643679381,"AIForg_confleft","Beauty"
"S198",0.0313846211633069,0.0568019463592314,"ForgOri_confleft","Beauty"
"S198",0.0258191895888331,0.0337871992561277,"AIOri_confleft","Beauty"
"S198",0.0332656284052035,-0.0242427301284207,"AIForg_confleft","Beauty"
"S199",0.0330193617569025,0.0434537431973674,"ForgOri_confleft","Beauty"
"S199",0.0345471895854255,0.0610488593831816,"AIOri_confleft","Beauty"
"S199",0.0362841128185539,0.0211496051221944,"AIForg_confleft","Beauty"
"S200",0.0329163980239907,-0.00838650551725961,"ForgOri_confleft","Beauty"
"S200",0.0454644492515472,-0.0173978956069584,"AIOri_confleft","Beauty"
"S200",0.0361242033691178,-0.00977503358605541,"AIForg_confleft","Beauty"
"S201",0.0254835390957115,-0.00308235024429845,"ForgOri_confleft","Beauty"
"S201",0.0274107359891996,0.036712867577185,"AIOri_confleft","Beauty"
"S201",0.0382954004809189,0.0388244860663016,"AIForg_confleft","Beauty"
"S202",0.0330790522431827,0.0619749890211839,"ForgOri_confleft","Beauty"
"S202",0.0328082395130764,0.0647057356420451,"AIOri_confleft","Beauty"
"S202",0.0393429083771417,0.00537142219019615,"AIForg_confleft","Beauty"
"S203",0.024345439279051,0.0412487619980841,"ForgOri_confleft","Beauty"
"S203",0.0322798123881799,0.0587988333698743,"AIOri_confleft","Beauty"
"S203",0.0319925985402582,0.0187769867797557,"AIForg_confleft","Beauty"
"S205",0.0349080463026374,0.0442748979047807,"ForgOri_confleft","Beauty"
"S205",0.0314890108176585,0.0600242261387952,"AIOri_confleft","Beauty"
"S205",0.0433531726447375,0.0234080220293595,"AIForg_confleft","Beauty"
"S206",0.0285449606039821,0.038121461717227,"ForgOri_confleft","Beauty"
"S206",0.0253914405800252,0.0626125320276613,"AIOri_confleft","Beauty"
"S206",0.034765730817558,0.0278501114900647,"AIForg_confleft","Beauty"
"S207",0.0286906444331663,-0.0433057222312389,"ForgOri_confleft","Beauty"
"S207",0.030003770701861,0.0202645230922452,"AIOri_confleft","Beauty"
"S207",0.0330428920637306,0.0665525767954577,"AIForg_confleft","Beauty"
"S208",0.0437464556397831,0.03178582826212,"ForgOri_confleft","Beauty"
"S208",0.0356538205364782,0.0452736842823871,"AIOri_confleft","Beauty"
"S208",0.0501429379412962,0.00608707645208706,"AIForg_confleft","Beauty"
"S209",0.0263457169483684,0.0282496869124151,"ForgOri_confleft","Beauty"
"S209",0.0262352469883961,0.0801492415612864,"AIOri_confleft","Beauty"
"S209",0.0326965834497025,0.0507041430464564,"AIForg_confleft","Beauty"
"S210",0.0267717708380134,5.13549916690836e-05,"ForgOri_confleft","Beauty"
"S210",0.0294870265376651,0.026391633896248,"AIOri_confleft","Beauty"
"S210",0.0298653379620066,0.0232823873141586,"AIForg_confleft","Beauty"
"S211",0.0302837118822948,0.0123402671457138,"ForgOri_confleft","Beauty"
"S211",0.0311044383743008,0.0225663342584989,"AIOri_confleft","Beauty"
"S211",0.0488172934655797,0.003406517277315,"AIForg_confleft","Beauty"
"S212",0.0329253987945967,0.0504206585667558,"ForgOri_confleft","Beauty"
"S212",0.017864707192205,0.0175440959588466,"AIOri_confleft","Beauty"
"S212",0.0378385651066323,-0.0385271105056451,"AIForg_confleft","Beauty"
"S213",0.022312251706212,0.00745231509835481,"ForgOri_confleft","Beauty"
"S213",0.0295098526013717,0.0272983866814083,"AIOri_confleft","Beauty"
"S213",0.0333576946369718,0.0180569788981053,"AIForg_confleft","Beauty"
"S214",0.0341675602189641,-0.0085821273725587,"ForgOri_confleft","Beauty"
"S214",0.0295462164332968,0.0268269857474283,"AIOri_confleft","Beauty"
"S214",0.0380003745914979,0.0404063350406187,"AIForg_confleft","Beauty"
"S215",0.0246867941084536,0.0420897851367844,"ForgOri_confleft","Beauty"
"S215",0.0265795943749367,0.0420195518833396,"AIOri_confleft","Beauty"
"S215",0.0260778388368004,-0.000805516177665083,"AIForg_confleft","Beauty"
"S216",0.0216933957701267,0.0169966966585333,"ForgOri_confleft","Beauty"
"S216",0.0253981309437843,-0.00717934013384373,"AIOri_confleft","Beauty"
"S216",0.0315035121352707,-0.0188253889918958,"AIForg_confleft","Beauty"
"S217",0.0278066933605708,-0.0486821536030102,"ForgOri_confleft","Beauty"
"S217",0.0312369543518079,-0.0720526947635346,"AIOri_confleft","Beauty"
"S217",0.0347507120968525,-0.0231087673770464,"AIForg_confleft","Beauty"
"S218",0.0253139660115541,0.0819097630754709,"ForgOri_confleft","Beauty"
"S218",0.0321513900316608,0.0368533870884665,"AIOri_confleft","Beauty"
"S218",0.0332107737519887,-0.0470051797988754,"AIForg_confleft","Beauty"
"S219",0.036841419851984,-0.00291223227760465,"ForgOri_confleft","Beauty"
"S219",0.0280475239906255,0.0552583695567344,"AIOri_confleft","Beauty"
"S219",0.0376311762161696,0.0617951333913999,"AIForg_confleft","Beauty"
"S220",0.0216052206243008,0.00186874531991148,"ForgOri_confleft","Beauty"
"S220",0.0250934626471202,0.0330879135661042,"AIOri_confleft","Beauty"
"S220",0.0260959067916487,0.0243148343740479,"AIForg_confleft","Beauty"
"S165",1.27329147833844,4.80053194112211,"Baseline_precright","Beauty"
"S167",0.433708561857406,1.56415031827115,"Baseline_precright","Beauty"
"S168",1.61288610286436,5.52591571866639,"Baseline_precright","Beauty"
"S169",0.615334100522521,2.22203798366732,"Baseline_precright","Beauty"
"S170",1.11070595712072,4.35265574734974,"Baseline_precright","Beauty"
"S171",1.23908940690743,3.8375112323927,"Baseline_precright","Beauty"
"S172",1.14544726269555,3.7381318769786,"Baseline_precright","Beauty"
"S173",0.562401428032643,1.96095916571771,"Baseline_precright","Beauty"
"S174",0.370752805757698,1.18116679402227,"Baseline_precright","Beauty"
"S175",0.39588231888631,1.8931005233276,"Baseline_precright","Beauty"
"S176",1.16252089839971,4.15465447203735,"Baseline_precright","Beauty"
"S177",1.35816850262326,4.13836946402842,"Baseline_precright","Beauty"
"S178",1.34895466799995,5.03701150431211,"Baseline_precright","Beauty"
"S179",1.0138069453266,5.87357076967751,"Baseline_precright","Beauty"
"S180",1.35821390003206,5.95636632141091,"Baseline_precright","Beauty"
"S182",0.83062827922581,3.93787331722583,"Baseline_precright","Beauty"
"S183",0.693077319374033,2.7083688857713,"Baseline_precright","Beauty"
"S184",0.357450868172494,1.37128038208175,"Baseline_precright","Beauty"
"S185",0.692174952557573,2.66640842865237,"Baseline_precright","Beauty"
"S186",0.616752929865748,2.90753717863196,"Baseline_precright","Beauty"
"S188",0.902326417544443,3.59291943453997,"Baseline_precright","Beauty"
"S189",1.26470594530605,6.34321817577552,"Baseline_precright","Beauty"
"S192",0.78637703644772,2.33351045096094,"Baseline_precright","Beauty"
"S193",0.525900901188701,2.11158939663143,"Baseline_precright","Beauty"
"S194",0.663301122166158,2.51434132548794,"Baseline_precright","Beauty"
"S195",0.399319993781982,1.40316154355375,"Baseline_precright","Beauty"
"S196",0.895360492563415,3.44030256724631,"Baseline_precright","Beauty"
"S197",1.16136523148783,4.43778114275855,"Baseline_precright","Beauty"
"S198",0.620471324561444,2.77421484652171,"Baseline_precright","Beauty"
"S199",1.10751280959877,4.91146618084961,"Baseline_precright","Beauty"
"S200",0.334459818656816,1.3758394388395,"Baseline_precright","Beauty"
"S201",1.24775395093207,5.52893676579582,"Baseline_precright","Beauty"
"S202",0.833463200619044,3.30611469348265,"Baseline_precright","Beauty"
"S203",1.00843673527103,2.84149739233455,"Baseline_precright","Beauty"
"S205",0.542677101475703,2.25450720394796,"Baseline_precright","Beauty"
"S206",0.702203849798347,3.52483966847838,"Baseline_precright","Beauty"
"S207",1.41755003512673,3.37864290541689,"Baseline_precright","Beauty"
"S208",0.330326524913979,1.3245690283966,"Baseline_precright","Beauty"
"S209",0.510665673484281,2.29864253294126,"Baseline_precright","Beauty"
"S210",0.566114594282354,2.81710293144034,"Baseline_precright","Beauty"
"S211",0.476210859368828,2.09769177043756,"Baseline_precright","Beauty"
"S212",1.37918702425103,4.62625782852937,"Baseline_precright","Beauty"
"S213",0.946641979197947,4.04559153341974,"Baseline_precright","Beauty"
"S214",1.03552458856178,5.90505307630407,"Baseline_precright","Beauty"
"S215",1.41060679383947,6.99084899404177,"Baseline_precright","Beauty"
"S216",1.54303229108107,5.22520644523979,"Baseline_precright","Beauty"
"S217",1.79986879629852,6.3008852314045,"Baseline_precright","Beauty"
"S218",0.761010152014635,3.02452425425637,"Baseline_precright","Beauty"
"S219",1.21713447207492,5.42490723776032,"Baseline_precright","Beauty"
"S220",1.62277189427981,7.26817139946877,"Baseline_precright","Beauty"
"S165",0.530844129167853,1.14833904363978,"ForgOri_precright","Beauty"
"S165",0.548739081037803,1.29341904767161,"AIOri_precright","Beauty"
"S165",0.766417651880443,0.201773021410333,"AIForg_precright","Beauty"
"S167",0.420415807609511,0.453652169856252,"ForgOri_precright","Beauty"
"S167",0.294597882175182,0.635545528373789,"AIOri_precright","Beauty"
"S167",0.521747250438919,0.185526861998384,"AIForg_precright","Beauty"
"S168",0.648596510467087,1.04648755077079,"ForgOri_precright","Beauty"
"S168",0.504526420562576,1.22560071870966,"AIOri_precright","Beauty"
"S168",0.837556789650359,0.229013332460729,"AIForg_precright","Beauty"
"S169",0.516275280937656,0.175825097544264,"ForgOri_precright","Beauty"
"S169",0.392855800278734,0.866212134416211,"AIOri_precright","Beauty"
"S169",0.48527722817081,0.797072243689088,"AIForg_precright","Beauty"
"S170",0.552302936706973,0.859711277699768,"ForgOri_precright","Beauty"
"S170",0.449887842392094,1.14112345722396,"AIOri_precright","Beauty"
"S170",0.817223863191144,0.307570179769714,"AIForg_precright","Beauty"
"S171",0.755928162844389,1.15230225931084,"ForgOri_precright","Beauty"
"S171",0.399617725092291,0.821746273509045,"AIOri_precright","Beauty"
"S171",0.849331939082475,-0.331814981957908,"AIForg_precright","Beauty"
"S172",0.774074151335603,0.915663182911477,"ForgOri_precright","Beauty"
"S172",0.445930079698269,0.88816970564924,"AIOri_precright","Beauty"
"S172",0.841427849649502,-0.0177177585302652,"AIForg_precright","Beauty"
"S173",0.402344710958927,0.610146002591113,"ForgOri_precright","Beauty"
"S173",0.32550626105891,0.77105849483935,"AIOri_precright","Beauty"
"S173",0.508300970396713,0.0917890652499431,"AIForg_precright","Beauty"
"S174",0.353595812933916,0.299162583842488,"ForgOri_precright","Beauty"
"S174",0.369818713761407,0.830874769566894,"AIOri_precright","Beauty"
"S174",0.504388674596821,0.54945941185895,"AIForg_precright","Beauty"
"S175",0.476802188523232,0.494964375894709,"ForgOri_precright","Beauty"
"S175",0.368403368907155,0.928522603800239,"AIOri_precright","Beauty"
"S175",0.699242873710502,0.498405285191491,"AIForg_precright","Beauty"
"S176",0.740053232180708,0.950145050919373,"ForgOri_precright","Beauty"
"S176",0.488991027837562,0.993207692070924,"AIOri_precright","Beauty"
"S176",0.820731572439887,-0.0292702520895971,"AIForg_precright","Beauty"
"S177",0.61828866473309,0.677389251775272,"ForgOri_precright","Beauty"
"S177",0.404985977297961,0.851262304135233,"AIOri_precright","Beauty"
"S177",0.69114571090519,0.110229636624892,"AIForg_precright","Beauty"
"S178",0.798769055372716,1.05071013876973,"ForgOri_precright","Beauty"
"S178",0.532755140755231,1.16067334374612,"AIOri_precright","Beauty"
"S178",0.927795112619174,0.162036746745347,"AIForg_precright","Beauty"
"S179",0.796671271482419,1.06449346706643,"ForgOri_precright","Beauty"
"S179",0.356187091758519,0.599245813165057,"AIOri_precright","Beauty"
"S179",0.876952555709193,-0.587716624098649,"AIForg_precright","Beauty"
"S180",0.585901306372679,1.22293692065216,"ForgOri_precright","Beauty"
"S180",0.565940590999798,1.17113289178527,"AIOri_precright","Beauty"
"S180",0.769337495991154,-0.0543473048042804,"AIForg_precright","Beauty"
"S182",0.567734791739028,0.869973155562603,"ForgOri_precright","Beauty"
"S182",0.478941031688351,0.818707375223544,"AIOri_precright","Beauty"
"S182",0.67220523338185,-0.0344002760402065,"AIForg_precright","Beauty"
"S183",0.66207424583889,0.519586823093557,"ForgOri_precright","Beauty"
"S183",0.399281276581753,0.866347101072387,"AIOri_precright","Beauty"
"S183",0.648268761674046,0.365482207154041,"AIForg_precright","Beauty"
"S184",0.328615754757492,0.17199947254989,"ForgOri_precright","Beauty"
"S184",0.338751782018146,0.570506344353097,"AIOri_precright","Beauty"
"S184",0.452369399830962,0.539932310549569,"AIForg_precright","Beauty"
"S185",0.531777614686961,0.543215310731604,"ForgOri_precright","Beauty"
"S185",0.527206929980332,0.721180816321549,"AIOri_precright","Beauty"
"S185",0.716932269878523,0.164698518510231,"AIForg_precright","Beauty"
"S186",0.510470886128769,0.634969348051559,"ForgOri_precright","Beauty"
"S186",0.376719671298849,0.530127040433845,"AIOri_precright","Beauty"
"S186",0.590024079749641,-0.0983627160673226,"AIForg_precright","Beauty"
"S188",0.549668331526259,0.798377423115555,"ForgOri_precright","Beauty"
"S188",0.582629163344619,0.999934737846662,"AIOri_precright","Beauty"
"S188",0.846281263982029,0.340814593938195,"AIForg_precright","Beauty"
"S189",0.971792922755386,1.40915933237812,"ForgOri_precright","Beauty"
"S189",0.674252416094085,1.38568965819815,"AIOri_precright","Beauty"
"S189",1.03686930418767,-0.0186437167894562,"AIForg_precright","Beauty"
"S192",0.515075012557442,0.405681892386712,"ForgOri_precright","Beauty"
"S192",0.368349560097925,0.661561978755153,"AIOri_precright","Beauty"
"S192",0.569261064249146,0.257468376565509,"AIForg_precright","Beauty"
"S193",0.438279923657484,0.505943444630789,"ForgOri_precright","Beauty"
"S193",0.438529776170264,0.656550914782077,"AIOri_precright","Beauty"
"S193",0.433885427192238,0.140016807727745,"AIForg_precright","Beauty"
"S194",0.529195423695669,0.185941648364641,"ForgOri_precright","Beauty"
"S194",0.525172874434526,0.946275465080344,"AIOri_precright","Beauty"
"S194",0.648165871699021,0.798714382552159,"AIForg_precright","Beauty"
"S195",0.451541450403008,0.276217550973302,"ForgOri_precright","Beauty"
"S195",0.366128267347906,0.548579057728024,"AIOri_precright","Beauty"
"S195",0.475297803283894,0.274380052650865,"AIForg_precright","Beauty"
"S196",0.473975739369837,0.615035140683176,"ForgOri_precright","Beauty"
"S196",0.599804086809417,1.07775679290537,"AIOri_precright","Beauty"
"S196",0.667225484928149,0.572343259085864,"AIForg_precright","Beauty"
"S197",0.809042864181916,1.0778015874965,"ForgOri_precright","Beauty"
"S197",0.663243505823864,1.09038686394097,"AIOri_precright","Beauty"
"S197",1.06883860298606,-0.0377567236945668,"AIForg_precright","Beauty"
"S198",0.659802956891808,0.855291828108496,"ForgOri_precright","Beauty"
"S198",0.37960973855326,0.816252190376819,"AIOri_precright","Beauty"
"S198",0.677839788780901,-0.0551849803995776,"AIForg_precright","Beauty"
"S199",0.736583656901421,1.09390939896636,"ForgOri_precright","Beauty"
"S199",0.455038625161907,1.31251439873642,"AIOri_precright","Beauty"
"S199",0.968512312597612,0.309376013189357,"AIForg_precright","Beauty"
"S200",0.386047905498669,0.506556461760529,"ForgOri_precright","Beauty"
"S200",0.556852328211668,0.762160321787668,"AIOri_precright","Beauty"
"S200",0.63810964671594,0.227176736496209,"AIForg_precright","Beauty"
"S201",0.657127743997837,1.22231119739139,"ForgOri_precright","Beauty"
"S201",0.407571528447797,0.916421290271792,"AIOri_precright","Beauty"
"S201",0.795981952343428,-0.307623820753639,"AIForg_precright","Beauty"
"S202",0.593590411419734,0.769028554677369,"ForgOri_precright","Beauty"
"S202",0.43741217438264,0.764217972893046,"AIOri_precright","Beauty"
"S202",0.703406777655117,0.0232099084326509,"AIForg_precright","Beauty"
"S203",0.48330305139306,0.832019049313246,"ForgOri_precright","Beauty"
"S203",0.485177093393169,1.01801907820603,"AIOri_precright","Beauty"
"S203",0.610523778875076,0.276816032177325,"AIForg_precright","Beauty"
"S205",0.532511435124097,0.368202650392448,"ForgOri_precright","Beauty"
"S205",0.360850757369886,0.626984254976647,"AIOri_precright","Beauty"
"S205",0.581406141545205,0.20879421863188,"AIForg_precright","Beauty"
"S206",0.50618452998099,0.77053634724987,"ForgOri_precright","Beauty"
"S206",0.458428765145371,0.901853866560215,"AIOri_precright","Beauty"
"S206",0.587446812201692,0.110158316611183,"AIForg_precright","Beauty"
"S207",0.764270891694258,0.733638174979211,"ForgOri_precright","Beauty"
"S207",0.451092158711874,0.945772923235157,"AIOri_precright","Beauty"
"S207",0.933963370531614,0.228449887831016,"AIForg_precright","Beauty"
"S208",0.320275637986094,0.186880477431816,"ForgOri_precright","Beauty"
"S208",0.315576988597494,0.597443021782263,"AIOri_precright","Beauty"
"S208",0.380482724078882,0.377309767875529,"AIForg_precright","Beauty"
"S209",0.454926185670952,0.62504981162562,"ForgOri_precright","Beauty"
"S209",0.451408452718667,0.989793384864807,"AIOri_precright","Beauty"
"S209",0.427170234971607,0.376552232691963,"AIForg_precright","Beauty"
"S210",0.563574216746286,0.792736795674161,"ForgOri_precright","Beauty"
"S210",0.546777072438183,1.07189281199952,"AIOri_precright","Beauty"
"S210",0.713295247445599,0.217218475880779,"AIForg_precright","Beauty"
"S211",0.463603514318366,0.476435084915837,"ForgOri_precright","Beauty"
"S211",0.328823517162701,0.677404944685732,"AIOri_precright","Beauty"
"S211",0.470609454526092,0.129600342456476,"AIForg_precright","Beauty"
"S212",0.665312619221754,1.20718755982333,"ForgOri_precright","Beauty"
"S212",0.481827104776477,0.98631257576187,"AIOri_precright","Beauty"
"S212",0.817515112357544,-0.210869862493904,"AIForg_precright","Beauty"
"S213",0.581628001025316,0.827447919096336,"ForgOri_precright","Beauty"
"S213",0.75416796312447,0.433789173801916,"AIOri_precright","Beauty"
"S213",0.73298980859995,-0.480731036700481,"AIForg_precright","Beauty"
"S214",0.6621807532908,0.768747562451353,"ForgOri_precright","Beauty"
"S214",0.490628718207308,0.713095764766295,"AIOri_precright","Beauty"
"S214",0.783082329307285,-0.115292290832095,"AIForg_precright","Beauty"
"S215",0.831237027029159,1.58537234581346,"ForgOri_precright","Beauty"
"S215",0.687541897659061,1.65848162354033,"AIOri_precright","Beauty"
"S215",1.01126591281689,0.119669882614327,"AIForg_precright","Beauty"
"S216",0.736414711705894,1.08599974068857,"ForgOri_precright","Beauty"
"S216",0.500431710047634,0.930064263334051,"AIOri_precright","Beauty"
"S216",0.801216108799136,-0.242169753288743,"AIForg_precright","Beauty"
"S217",0.715476647294631,1.11913105656832,"ForgOri_precright","Beauty"
"S217",0.540182967694426,1.03182152296226,"AIOri_precright","Beauty"
"S217",0.792877392071775,-0.124801599757234,"AIForg_precright","Beauty"
"S218",0.547069652129021,0.502654074493259,"ForgOri_precright","Beauty"
"S218",0.379310140176482,0.933130549012549,"AIOri_precright","Beauty"
"S218",0.612654182064219,0.36256246525223,"AIForg_precright","Beauty"
"S219",0.721490528263726,1.42542028386691,"ForgOri_precright","Beauty"
"S219",0.762143289214098,1.41195346205134,"AIOri_precright","Beauty"
"S219",0.993550016222032,0.0291179508350763,"AIForg_precright","Beauty"
"S220",0.891280183297571,1.13441456809813,"ForgOri_precright","Beauty"
"S220",0.6602609122883,0.892598521084452,"AIOri_precright","Beauty"
"S220",0.972776039078166,-0.236292940570367,"AIForg_precright","Beauty"
"S165",0.957206327685557,3.44157041995836,"Baseline_precleft","Beauty"
"S167",0.706058976207155,1.67605535494379,"Baseline_precleft","Beauty"
"S168",0.548577368455011,2.52937805421041,"Baseline_precleft","Beauty"
"S169",0.456651503765452,2.09016126723939,"Baseline_precleft","Beauty"
"S170",0.517112477458583,1.91654448850676,"Baseline_precleft","Beauty"
"S171",0.547463686923315,2.48810480886772,"Baseline_precleft","Beauty"
"S172",0.69934177489313,2.83112356669749,"Baseline_precleft","Beauty"
"S173",0.612728166505629,2.46211011747318,"Baseline_precleft","Beauty"
"S174",0.188082567440619,0.7393913293016,"Baseline_precleft","Beauty"
"S175",1.18635566699601,2.40768233630916,"Baseline_precleft","Beauty"
"S176",0.859213046879573,3.57265942138011,"Baseline_precleft","Beauty"
"S177",0.53545005572385,2.47366111296105,"Baseline_precleft","Beauty"
"S178",0.851006023753653,3.80558470730225,"Baseline_precleft","Beauty"
"S179",1.05777860384738,2.75948133755338,"Baseline_precleft","Beauty"
"S180",0.717546477328078,3.34675085299974,"Baseline_precleft","Beauty"
"S182",0.775033539181499,3.04364482704928,"Baseline_precleft","Beauty"
"S183",0.573853957550256,1.93601885546565,"Baseline_precleft","Beauty"
"S184",0.773012984265126,2.32942570303512,"Baseline_precleft","Beauty"
"S185",0.772463168611688,3.13272190421932,"Baseline_precleft","Beauty"
"S186",0.69308034947926,2.30240386552175,"Baseline_precleft","Beauty"
"S188",0.530215573094012,1.79557200596879,"Baseline_precleft","Beauty"
"S189",0.689162070548815,3.76471246450022,"Baseline_precleft","Beauty"
"S192",0.401427160304328,1.93998184771916,"Baseline_precleft","Beauty"
"S193",0.873420291813512,2.92336341088841,"Baseline_precleft","Beauty"
"S194",0.591689816002293,2.05370719496069,"Baseline_precleft","Beauty"
"S195",0.556085827719025,2.25967202364573,"Baseline_precleft","Beauty"
"S196",0.812922719232592,2.92833297925805,"Baseline_precleft","Beauty"
"S197",0.497495111529615,2.37733994232908,"Baseline_precleft","Beauty"
"S198",0.403866879550972,1.43081223058318,"Baseline_precleft","Beauty"
"S199",0.521066151145188,2.7886899517812,"Baseline_precleft","Beauty"
"S200",0.410584498772698,1.46291904867151,"Baseline_precleft","Beauty"
"S201",0.773601282556124,3.1951082733899,"Baseline_precleft","Beauty"
"S202",0.786802907883905,2.7770137817512,"Baseline_precleft","Beauty"
"S203",0.825723601356498,2.61048132340048,"Baseline_precleft","Beauty"
"S205",0.477560575320459,1.8180889766822,"Baseline_precleft","Beauty"
"S206",0.757921627289457,3.33042496883439,"Baseline_precleft","Beauty"
"S207",0.451947807306867,2.2394583437845,"Baseline_precleft","Beauty"
"S208",0.636683393803555,2.52336321050948,"Baseline_precleft","Beauty"
"S209",0.680651040071703,2.59170721806511,"Baseline_precleft","Beauty"
"S210",0.829777898720437,2.79709433496674,"Baseline_precleft","Beauty"
"S211",0.50632441034302,1.66230030650257,"Baseline_precleft","Beauty"
"S212",0.625027118780627,2.8066615945671,"Baseline_precleft","Beauty"
"S213",0.943683520760952,3.25044798298349,"Baseline_precleft","Beauty"
"S214",0.950265159017043,3.97099700832491,"Baseline_precleft","Beauty"
"S215",0.943335186341191,3.2384196164318,"Baseline_precleft","Beauty"
"S216",0.795821097423231,3.99189844389707,"Baseline_precleft","Beauty"
"S217",0.598634606013858,2.1761652485697,"Baseline_precleft","Beauty"
"S218",0.661401714804107,2.38667842770629,"Baseline_precleft","Beauty"
"S219",0.467165019723456,2.28080611683344,"Baseline_precleft","Beauty"
"S220",0.932145402377462,3.94795214758723,"Baseline_precleft","Beauty"
"S165",0.37807761456438,0.287792943077725,"ForgOri_precleft","Beauty"
"S165",0.343005763394558,-0.0712198984422141,"AIOri_precleft","Beauty"
"S165",0.42377868683823,-0.340077493608719,"AIForg_precleft","Beauty"
"S167",0.281785555915497,0.315477576469099,"ForgOri_precleft","Beauty"
"S167",0.198538146140742,0.0258591503609084,"AIOri_precleft","Beauty"
"S167",0.338000342066602,-0.302823545244636,"AIForg_precleft","Beauty"
"S168",0.32903084493648,0.399636351881473,"ForgOri_precleft","Beauty"
"S168",0.309854320923746,0.204385061786696,"AIOri_precleft","Beauty"
"S168",0.345264486404784,-0.233825657071926,"AIForg_precleft","Beauty"
"S169",0.334106736083451,0.27659482046472,"ForgOri_precleft","Beauty"
"S169",0.187634821562182,0.221800601337889,"AIOri_precleft","Beauty"
"S169",0.3403916308716,-0.0266933770833919,"AIForg_precleft","Beauty"
"S170",0.258676242417079,0.284256233366158,"ForgOri_precleft","Beauty"
"S170",0.257632807105122,-0.0699069460939734,"AIOri_precleft","Beauty"
"S170",0.321927441166839,-0.308699695143329,"AIForg_precleft","Beauty"
"S171",0.276943105611662,0.157247216016061,"ForgOri_precleft","Beauty"
"S171",0.284933889266938,0.0765738177672979,"AIOri_precleft","Beauty"
"S171",0.307673107410715,-0.101444304541159,"AIForg_precleft","Beauty"
"S172",0.28467646177545,0.243486551711314,"ForgOri_precleft","Beauty"
"S172",0.31767702837479,-0.0882530348748092,"AIOri_precleft","Beauty"
"S172",0.322569552111316,-0.280421732994727,"AIForg_precleft","Beauty"
"S173",0.343133608365401,0.191901207599877,"ForgOri_precleft","Beauty"
"S173",0.255501504161526,-0.096237406209204,"AIOri_precleft","Beauty"
"S173",0.480945544442304,-0.313998969276013,"AIForg_precleft","Beauty"
"S174",0.174906719889201,0.0199184561792843,"ForgOri_precleft","Beauty"
"S174",0.166616366907042,0.0242488993960352,"AIOri_precleft","Beauty"
"S174",0.210856252339379,0.0222616200621973,"AIForg_precleft","Beauty"
"S175",0.248082215504978,0.3004560296947,"ForgOri_precleft","Beauty"
"S175",0.277820605143994,-0.0592192982117168,"AIOri_precleft","Beauty"
"S175",0.300052042920612,-0.362690365233164,"AIForg_precleft","Beauty"
"S176",0.345225505788766,0.231778336794131,"ForgOri_precleft","Beauty"
"S176",0.293420034635703,0.0818275618780264,"AIOri_precleft","Beauty"
"S176",0.391218277207486,-0.175615972026897,"AIForg_precleft","Beauty"
"S177",0.299312930182351,0.463306605785519,"ForgOri_precleft","Beauty"
"S177",0.3006076810172,0.0384602625949172,"AIOri_precleft","Beauty"
"S177",0.428186171716378,-0.447806980013629,"AIForg_precleft","Beauty"
"S178",0.37402518799539,0.293968486448088,"ForgOri_precleft","Beauty"
"S178",0.339773310632583,-0.00317000392242051,"AIOri_precleft","Beauty"
"S178",0.482319895950527,-0.326648865507226,"AIForg_precleft","Beauty"
"S179",0.289206623066108,0.301592809964125,"ForgOri_precleft","Beauty"
"S179",0.291517442144562,0.0280939544846361,"AIOri_precleft","Beauty"
"S179",0.379762772387703,-0.221826369194259,"AIForg_precleft","Beauty"
"S180",0.340411162492059,0.190543128586285,"ForgOri_precleft","Beauty"
"S180",0.277679740829618,-0.22333846547914,"AIOri_precleft","Beauty"
"S180",0.398301307595128,-0.445316976751607,"AIForg_precleft","Beauty"
"S182",0.390903614607267,0.400279883905829,"ForgOri_precleft","Beauty"
"S182",0.219866380260537,0.0201961123640593,"AIOri_precleft","Beauty"
"S182",0.344592079732768,-0.350040566900234,"AIForg_precleft","Beauty"
"S183",0.22166781732287,0.119586991757979,"ForgOri_precleft","Beauty"
"S183",0.220410414121982,-0.103481667779132,"AIOri_precleft","Beauty"
"S183",0.317731082692855,-0.290889253258979,"AIForg_precleft","Beauty"
"S184",0.276784326267918,0.284416721281093,"ForgOri_precleft","Beauty"
"S184",0.27740964299952,0.128991083426116,"AIOri_precleft","Beauty"
"S184",0.428739314926455,-0.251477204247003,"AIForg_precleft","Beauty"
"S185",0.299623995394571,0.429311774629216,"ForgOri_precleft","Beauty"
"S185",0.249986947285543,0.0585401506399601,"AIOri_precleft","Beauty"
"S185",0.366335870386908,-0.471447290212616,"AIForg_precleft","Beauty"
"S186",0.262937301620227,0.347679344967474,"ForgOri_precleft","Beauty"
"S186",0.235696445996737,0.0370725783299581,"AIOri_precleft","Beauty"
"S186",0.372265325410608,-0.315015357564382,"AIForg_precleft","Beauty"
"S188",0.275723861980611,0.100968602790029,"ForgOri_precleft","Beauty"
"S188",0.23993233239665,-0.218065273991845,"AIOri_precleft","Beauty"
"S188",0.303681060670706,-0.397381120998858,"AIForg_precleft","Beauty"
"S189",0.352506788061655,0.32547687107657,"ForgOri_precleft","Beauty"
"S189",0.253519245157206,-0.0562934664129553,"AIOri_precleft","Beauty"
"S189",0.417363536356954,-0.393781775541989,"AIForg_precleft","Beauty"
"S192",0.301783064326482,0.150319498682891,"ForgOri_precleft","Beauty"
"S192",0.24047847413492,0.0171778948122183,"AIOri_precleft","Beauty"
"S192",0.404923707979053,-0.157226811993609,"AIForg_precleft","Beauty"
"S193",0.35981599710981,0.337819000485166,"ForgOri_precleft","Beauty"
"S193",0.210451305218552,0.0135414976257799,"AIOri_precleft","Beauty"
"S193",0.467533406700051,-0.316001489224555,"AIForg_precleft","Beauty"
"S194",0.302390438696587,0.226426866233182,"ForgOri_precleft","Beauty"
"S194",0.225446358153462,-0.170501663238262,"AIOri_precleft","Beauty"
"S194",0.401969144015981,-0.345499418925795,"AIForg_precleft","Beauty"
"S195",0.413622122042244,0.361839027619509,"ForgOri_precleft","Beauty"
"S195",0.247128666048237,-0.0260893460110673,"AIOri_precleft","Beauty"
"S195",0.361742026250005,-0.40523945661373,"AIForg_precleft","Beauty"
"S196",0.280744589303583,0.172357894154454,"ForgOri_precleft","Beauty"
"S196",0.291082626462922,-0.130906343392687,"AIOri_precleft","Beauty"
"S196",0.389651869994232,-0.249783497484625,"AIForg_precleft","Beauty"
"S197",0.242456736956882,0.251902658423571,"ForgOri_precleft","Beauty"
"S197",0.271342125778239,0.0171395075538519,"AIOri_precleft","Beauty"
"S197",0.370518372826606,-0.222488000768733,"AIForg_precleft","Beauty"
"S198",0.239953063316176,0.0463501344403885,"ForgOri_precleft","Beauty"
"S198",0.187219642505839,0.0353191345827969,"AIOri_precleft","Beauty"
"S198",0.334097965270522,-0.0159968421962955,"AIForg_precleft","Beauty"
"S199",0.311368630620339,0.217728032023705,"ForgOri_precleft","Beauty"
"S199",0.288441477112598,-0.0952704903468182,"AIOri_precleft","Beauty"
"S199",0.403174849994311,-0.267718774485926,"AIForg_precleft","Beauty"
"S200",0.226342527409048,0.11066324893101,"ForgOri_precleft","Beauty"
"S200",0.2126169122565,-0.0241417585961072,"AIOri_precleft","Beauty"
"S200",0.24070703987512,-0.104908620583383,"AIForg_precleft","Beauty"
"S201",0.355636428361461,0.437061416081035,"ForgOri_precleft","Beauty"
"S201",0.287734499020622,0.0168843902950755,"AIOri_precleft","Beauty"
"S201",0.320231672537565,-0.436477608443823,"AIForg_precleft","Beauty"
"S202",0.369265928395984,0.210624986730091,"ForgOri_precleft","Beauty"
"S202",0.228002945084023,-0.0493820747212468,"AIOri_precleft","Beauty"
"S202",0.41486780130488,-0.226793451248365,"AIForg_precleft","Beauty"
"S203",0.305263637640569,-0.0312772587903491,"ForgOri_precleft","Beauty"
"S203",0.233377353607386,-0.136759707016103,"AIOri_precleft","Beauty"
"S203",0.388733478097461,-0.125279515089863,"AIForg_precleft","Beauty"
"S205",0.222808946008863,0.253563386069865,"ForgOri_precleft","Beauty"
"S205",0.214213837572264,-0.132670930606854,"AIOri_precleft","Beauty"
"S205",0.281797589905027,-0.353395337350619,"AIForg_precleft","Beauty"
"S206",0.321107637940844,0.0916907383020971,"ForgOri_precleft","Beauty"
"S206",0.265526641714638,-0.124824295242095,"AIOri_precleft","Beauty"
"S206",0.399149638367826,-0.340371864700909,"AIForg_precleft","Beauty"
"S207",0.264557085028626,0.352655795290547,"ForgOri_precleft","Beauty"
"S207",0.25505892704098,0.143889732851955,"AIOri_precleft","Beauty"
"S207",0.371529618533919,-0.23294575162555,"AIForg_precleft","Beauty"
"S208",0.398501737391357,0.204626244240762,"ForgOri_precleft","Beauty"
"S208",0.228761158419202,-0.249093337721874,"AIOri_precleft","Beauty"
"S208",0.25768446957998,-0.392425504972521,"AIForg_precleft","Beauty"
"S209",0.287795870362505,0.246692955957427,"ForgOri_precleft","Beauty"
"S209",0.252235831155294,-0.170756118801789,"AIOri_precleft","Beauty"
"S209",0.378180656597495,-0.427491194969707,"AIForg_precleft","Beauty"
"S210",0.359525641566012,0.430416667996866,"ForgOri_precleft","Beauty"
"S210",0.231290994835589,-0.0460536890845562,"AIOri_precleft","Beauty"
"S210",0.419548796964135,-0.511926909406639,"AIForg_precleft","Beauty"
"S211",0.286075675092872,0.311238132582145,"ForgOri_precleft","Beauty"
"S211",0.207573242472087,0.0355536117092187,"AIOri_precleft","Beauty"
"S211",0.366995096677832,-0.315619439337724,"AIForg_precleft","Beauty"
"S212",0.33883193437566,0.15890374399428,"ForgOri_precleft","Beauty"
"S212",0.251469789951325,-0.00344827277463944,"AIOri_precleft","Beauty"
"S212",0.448998233414639,-0.198116559022877,"AIForg_precleft","Beauty"
"S213",0.361339213289308,0.380066899681749,"ForgOri_precleft","Beauty"
"S213",0.359292705859378,0.137468719048499,"AIOri_precleft","Beauty"
"S213",0.358615690551973,-0.24085898483876,"AIForg_precleft","Beauty"
"S214",0.371691517770978,0.543059127973432,"ForgOri_precleft","Beauty"
"S214",0.295893931837446,0.0131085636887043,"AIOri_precleft","Beauty"
"S214",0.389924857706963,-0.558769819390602,"AIForg_precleft","Beauty"
"S215",0.280384085323789,-0.0257318103286499,"ForgOri_precleft","Beauty"
"S215",0.387997392660377,-0.0856854910176805,"AIOri_precleft","Beauty"
"S215",0.422339684876075,0.0116672288074665,"AIForg_precleft","Beauty"
"S216",0.337541636324033,0.354369013142883,"ForgOri_precleft","Beauty"
"S216",0.231131594187746,0.0868091100226516,"AIOri_precleft","Beauty"
"S216",0.421932032643991,-0.271739899820638,"AIForg_precleft","Beauty"
"S217",0.34807398888844,0.223849852735055,"ForgOri_precleft","Beauty"
"S217",0.236740132988989,0.0857378348645511,"AIOri_precleft","Beauty"
"S217",0.358704595915921,-0.163339328295463,"AIForg_precleft","Beauty"
"S218",0.302734948742656,0.0589224910599171,"ForgOri_precleft","Beauty"
"S218",0.266093368777694,0.074812286954669,"AIOri_precleft","Beauty"
"S218",0.395196602268693,0.0318672697328591,"AIForg_precleft","Beauty"
"S219",0.307890979002412,0.437913553595191,"ForgOri_precleft","Beauty"
"S219",0.269592158317352,0.0570894048461408,"AIOri_precleft","Beauty"
"S219",0.331370478796919,-0.363197417396527,"AIForg_precleft","Beauty"
"S220",0.332670260913352,0.429552268738907,"ForgOri_precleft","Beauty"
"S220",0.366943926752227,0.0152864419059728,"AIOri_precleft","Beauty"
"S220",0.458731506773417,-0.409949706247495,"AIForg_precleft","Beauty"
"S221",0.031812625841342,0.586012262873587,"Baseline_resp","Beauty"
"S222",0.0285652420914731,0.679634788957647,"Baseline_resp","Beauty"
"S224",0.0185692191671202,0.58986418944724,"Baseline_resp","Beauty"
"S225",0.0274362531975748,0.641036224854297,"Baseline_resp","Beauty"
"S227",0.0256545482706655,0.453686577219091,"Baseline_resp","Beauty"
"S228",0.0208304411364017,0.600640920926659,"Baseline_resp","Beauty"
"S229",0.0273360945281027,0.61597830227546,"Baseline_resp","Beauty"
"S230",0.0242316683975321,0.472942793568125,"Baseline_resp","Beauty"
"S231",0.0422366004296142,0.450702501663296,"Baseline_resp","Beauty"
"S232",0.0228928493737129,0.595965037309823,"Baseline_resp","Beauty"
"S233",0.0142793676789274,0.523218718052401,"Baseline_resp","Beauty"
"S234",0.0221149357674597,0.44171042776928,"Baseline_resp","Beauty"
"S235",0.019604452976565,0.479399444709286,"Baseline_resp","Beauty"
"S236",0.0217271366722255,0.44759235493721,"Baseline_resp","Beauty"
"S237",0.0270311397777362,0.238621125330552,"Baseline_resp","Beauty"
"S238",0.0145199976832315,0.534540599874112,"Baseline_resp","Beauty"
"S239",0.0220984725967449,0.46379584854708,"Baseline_resp","Beauty"
"S240",0.0276752692224715,0.639066939044958,"Baseline_resp","Beauty"
"S241",0.0316325855758976,0.521844453320644,"Baseline_resp","Beauty"
"S242",0.0184252000666378,0.471837642430885,"Baseline_resp","Beauty"
"S243",0.0270892386549354,0.573305427432029,"Baseline_resp","Beauty"
"S244",0.0277197510879622,0.643869651375675,"Baseline_resp","Beauty"
"S245",0.0326182351013804,0.564708824592206,"Baseline_resp","Beauty"
"S246",0.0116210260793568,0.615070958429332,"Baseline_resp","Beauty"
"S247",0.0320385616559217,0.455928857469943,"Baseline_resp","Beauty"
"S248",0.0486124486636195,0.582590695232737,"Baseline_resp","Beauty"
"S249",0.0237832361086422,0.42885482736898,"Baseline_resp","Beauty"
"S250",0.0132523324718078,0.58217048530636,"Baseline_resp","Beauty"
"S251",0.0211449491280623,0.732077584242998,"Baseline_resp","Beauty"
"S252",0.0173146200097937,0.446368169534549,"Baseline_resp","Beauty"
"S253",0.021687614419999,0.42796167647918,"Baseline_resp","Beauty"
"S254",0.0242634564513978,0.463972424312919,"Baseline_resp","Beauty"
"S255",0.025509588584445,0.68749213094041,"Baseline_resp","Beauty"
"S256",0.01811839689828,0.521653923161169,"Baseline_resp","Beauty"
"S257",0.0476025026325304,0.46080040332183,"Baseline_resp","Beauty"
"S258",0.0264070804523296,0.226542227799276,"Baseline_resp","Beauty"
"S259",0.022933737923692,0.46035174346672,"Baseline_resp","Beauty"
"S260",0.0222963237252369,0.413552932884801,"Baseline_resp","Beauty"
"S261",0.0161975201214918,0.516001653681614,"Baseline_resp","Beauty"
"S262",0.0241406794644149,0.57726652753833,"Baseline_resp","Beauty"
"S263",0.0268646033876657,0.572671617116617,"Baseline_resp","Beauty"
"S264",0.0205915741765901,0.550074411016587,"Baseline_resp","Beauty"
"S265",0.0316308540586112,0.552632861767816,"Baseline_resp","Beauty"
"S266",0.0362352093108258,0.67629329774089,"Baseline_resp","Beauty"
"S268",0.0189236419940505,0.409136800266781,"Baseline_resp","Beauty"
"S270",0.016762177108671,0.500731298944891,"Baseline_resp","Beauty"
"S271",0.0244966049889553,0.507302510695961,"Baseline_resp","Beauty"
"S272",0.0280496932480824,0.53584255490076,"Baseline_resp","Beauty"
"S273",0.0193652868505582,0.583105193918109,"Baseline_resp","Beauty"
"S274",0.0225989835092008,0.576014410806311,"Baseline_resp","Beauty"
"S221",0.0154331010465861,-0.0109153857828457,"ForgOri_resp","Beauty"
"S221",0.0332356158794113,-0.00273931706722474,"AIOri_resp","Beauty"
"S221",0.0288716653182258,0.00646288494928665,"AIForg_resp","Beauty"
"S222",0.0268138929275912,-0.0103367498401194,"ForgOri_resp","Beauty"
"S222",0.0488749425061983,-0.121352938805177,"AIOri_resp","Beauty"
"S222",0.0479848205575391,-0.102419819423647,"AIForg_resp","Beauty"
"S224",0.0132007402593853,-0.00766429008213138,"ForgOri_resp","Beauty"
"S224",0.0224386303800441,-0.0679046632766231,"AIOri_resp","Beauty"
"S224",0.0227947355701474,-0.0583445884050843,"AIForg_resp","Beauty"
"S225",0.0147888492082165,-0.0208340717643783,"ForgOri_resp","Beauty"
"S225",0.0207366771335323,-0.0369503730613781,"AIOri_resp","Beauty"
"S225",0.0171350973609881,-0.0140461855114873,"AIForg_resp","Beauty"
"S227",0.0202298319199642,0.00173645059186478,"ForgOri_resp","Beauty"
"S227",0.0269695464235012,-0.0758582732321272,"AIOri_resp","Beauty"
"S227",0.0234356094357269,-0.0765888665671718,"AIForg_resp","Beauty"
"S228",0.0174871745425666,-0.0251047148129147,"ForgOri_resp","Beauty"
"S228",0.0269174170913386,-0.0355117189255824,"AIOri_resp","Beauty"
"S228",0.0209162035133582,-0.0102912268755045,"AIForg_resp","Beauty"
"S229",0.02042981785088,-0.100178654649168,"ForgOri_resp","Beauty"
"S229",0.025985138316306,-0.114013718163462,"AIOri_resp","Beauty"
"S229",0.0286722365704262,-0.015838256058494,"AIForg_resp","Beauty"
"S230",0.0167193487937364,-0.0198209354442335,"ForgOri_resp","Beauty"
"S230",0.0294036943317087,-0.0328554148645893,"AIOri_resp","Beauty"
"S230",0.0261530923638858,-0.0133934334657412,"AIForg_resp","Beauty"
"S231",0.0279834322446701,-0.0461682822906162,"ForgOri_resp","Beauty"
"S231",0.0398070656434888,-0.0468738797998426,"AIOri_resp","Beauty"
"S231",0.035123593688892,0.00233196098549701,"AIForg_resp","Beauty"
"S232",0.0153723059982005,0.00128629497556526,"ForgOri_resp","Beauty"
"S232",0.0197711962820818,0.000625323917196163,"AIOri_resp","Beauty"
"S232",0.0221625923861774,0.00045745314450768,"AIForg_resp","Beauty"
"S233",0.00876255461871956,-0.0273001903705997,"ForgOri_resp","Beauty"
"S233",0.0122590433268886,-0.0193731587901117,"AIOri_resp","Beauty"
"S233",0.011789716229866,0.00886466874694422,"AIForg_resp","Beauty"
"S234",0.0226760301458065,0.0935435071810849,"ForgOri_resp","Beauty"
"S234",0.0294711653413921,-0.0185288277697901,"AIOri_resp","Beauty"
"S234",0.0364820511163586,-0.115516732702988,"AIForg_resp","Beauty"
"S235",0.0133376511187162,0.00201256498208585,"ForgOri_resp","Beauty"
"S235",0.0227201749427808,0.0176401152592994,"AIOri_resp","Beauty"
"S235",0.0217379398040259,0.0140724434807005,"AIForg_resp","Beauty"
"S236",0.0144726547462215,-0.000614571598544417,"ForgOri_resp","Beauty"
"S236",0.0243137891932167,0.0452006658503916,"AIOri_resp","Beauty"
"S236",0.0213326114108623,0.047087442936169,"AIForg_resp","Beauty"
"S237",0.0155169424968236,-0.022918570149353,"ForgOri_resp","Beauty"
"S237",0.0221890811512722,-0.0147453905673708,"AIOri_resp","Beauty"
"S237",0.0279985243785895,0.00686447199811996,"AIForg_resp","Beauty"
"S238",0.011601385486601,0.0193129983795747,"ForgOri_resp","Beauty"
"S238",0.0155852508036675,-0.0237083015920971,"AIOri_resp","Beauty"
"S238",0.0174538041760698,-0.0433062958555954,"AIForg_resp","Beauty"
"S239",0.029346129156207,-0.118325330082112,"ForgOri_resp","Beauty"
"S239",0.027117881978445,-0.046233155246684,"AIOri_resp","Beauty"
"S239",0.0299069075095255,0.0666995661460686,"AIForg_resp","Beauty"
"S240",0.0212167918933058,-0.0219252595424924,"ForgOri_resp","Beauty"
"S240",0.0333611358011417,-0.0445454928636744,"AIOri_resp","Beauty"
"S240",0.0326821082664438,-0.0267499645806227,"AIForg_resp","Beauty"
"S241",0.015753046125638,0.0206099128137534,"ForgOri_resp","Beauty"
"S241",0.0279079051112095,0.0144809823123171,"AIOri_resp","Beauty"
"S241",0.0221116253774078,-0.00373189363609039,"AIForg_resp","Beauty"
"S242",0.0150686882881656,0.0158175720566004,"ForgOri_resp","Beauty"
"S242",0.0204490704201839,-0.00597787229141375,"AIOri_resp","Beauty"
"S242",0.0190818125299146,-0.0279453330703476,"AIForg_resp","Beauty"
"S243",0.0191631842882823,-0.0455185704176125,"ForgOri_resp","Beauty"
"S243",0.0259247767592286,-0.099730921730438,"AIOri_resp","Beauty"
"S243",0.0310558819446432,-0.0537226527480153,"AIForg_resp","Beauty"
"S244",0.021212158448911,-0.0320780737325172,"ForgOri_resp","Beauty"
"S244",0.0291844701601804,-0.116135518247844,"AIOri_resp","Beauty"
"S244",0.0291834414326524,-0.0804824708634356,"AIForg_resp","Beauty"
"S245",0.029708961188121,0.0112213050714433,"ForgOri_resp","Beauty"
"S245",0.030714268002261,-0.00247179232932548,"AIOri_resp","Beauty"
"S245",0.0378509111701435,-0.0240465481015367,"AIForg_resp","Beauty"
"S246",0.0130120827289109,-0.042585142934779,"ForgOri_resp","Beauty"
"S246",0.0174853925513344,-0.0750206622658378,"AIOri_resp","Beauty"
"S246",0.0151398481387933,-0.0317353668691681,"AIForg_resp","Beauty"
"S247",0.0204222733620709,0.00387924403933068,"ForgOri_resp","Beauty"
"S247",0.0292114349065225,-0.0742931693278245,"AIOri_resp","Beauty"
"S247",0.0287542985960456,-0.0758173129564381,"AIForg_resp","Beauty"
"S248",0.0363268543180059,0.0528068268010194,"ForgOri_resp","Beauty"
"S248",0.0498735501621706,-0.0183243611634019,"AIOri_resp","Beauty"
"S248",0.0531541690925159,-0.0637546534906795,"AIForg_resp","Beauty"
"S249",0.0154250016396449,-0.0170042757711954,"ForgOri_resp","Beauty"
"S249",0.0288270947288017,-0.00428666198440186,"AIOri_resp","Beauty"
"S249",0.0251704461938943,0.0112517073655381,"AIForg_resp","Beauty"
"S250",0.00923595096590541,-0.0304232170033108,"ForgOri_resp","Beauty"
"S250",0.0175762429401475,-0.0190951533564541,"AIOri_resp","Beauty"
"S250",0.0167122417465034,0.0113930695321374,"AIForg_resp","Beauty"
"S251",0.0147695686512649,-0.0519856467440813,"ForgOri_resp","Beauty"
"S251",0.0210640229146185,-0.0707600733995372,"AIOri_resp","Beauty"
"S251",0.0264008536334546,-0.019741110140573,"AIForg_resp","Beauty"
"S252",0.0145026644657471,0.0530031516913182,"ForgOri_resp","Beauty"
"S252",0.017845117016189,0.0129820954039176,"AIOri_resp","Beauty"
"S252",0.0174288864772153,-0.0419628836747824,"AIForg_resp","Beauty"
"S253",0.0115204537412003,-0.0463459021053884,"ForgOri_resp","Beauty"
"S253",0.0201697169956765,-0.0283564391070863,"AIOri_resp","Beauty"
"S253",0.0219646672245881,0.0183461823730016,"AIForg_resp","Beauty"
"S254",0.0259593352591641,0.0358438321098428,"ForgOri_resp","Beauty"
"S254",0.032177010079181,-0.0450985601865569,"AIOri_resp","Beauty"
"S254",0.0226630532837541,-0.0772763130261234,"AIForg_resp","Beauty"
"S255",0.017378825123715,-0.0778492136729146,"ForgOri_resp","Beauty"
"S255",0.0287774021057139,-0.105703937982349,"AIOri_resp","Beauty"
"S255",0.0383465148009009,-0.0304269377437181,"AIForg_resp","Beauty"
"S256",0.0216893649674166,-0.0676630864135807,"ForgOri_resp","Beauty"
"S256",0.0254349356560774,-0.0545152711850073,"AIOri_resp","Beauty"
"S256",0.0249431234763769,0.013939785132102,"AIForg_resp","Beauty"
"S257",0.0213164367105499,0.0247579309046398,"ForgOri_resp","Beauty"
"S257",0.0371023666883248,-0.0828209511374184,"AIOri_resp","Beauty"
"S257",0.0373815487596249,-0.107637884172158,"AIForg_resp","Beauty"
"S258",0.0184947612923821,-0.041751220665301,"ForgOri_resp","Beauty"
"S258",0.0316026642227047,-0.0361142939526302,"AIOri_resp","Beauty"
"S258",0.0280053597120878,0.00414636302318548,"AIForg_resp","Beauty"
"S259",0.0184179095014167,-0.0867173842484055,"ForgOri_resp","Beauty"
"S259",0.0210461534869267,-0.0207047345368381,"AIOri_resp","Beauty"
"S259",0.0281568400344161,0.06252728478223,"AIForg_resp","Beauty"
"S260",0.023561379718525,-0.00314829021557639,"ForgOri_resp","Beauty"
"S260",0.0297126951691841,0.0159497111485533,"AIOri_resp","Beauty"
"S260",0.0289494899702769,0.0198113037519131,"AIForg_resp","Beauty"
"S261",0.0165074081248554,-0.0303393446737285,"ForgOri_resp","Beauty"
"S261",0.0227666061797911,-0.044735559373281,"AIOri_resp","Beauty"
"S261",0.0205425296904761,-0.0156431707181343,"AIForg_resp","Beauty"
"S262",0.0251907482323586,-0.121730236333541,"ForgOri_resp","Beauty"
"S262",0.0318719436720159,-0.0829666330732346,"AIOri_resp","Beauty"
"S262",0.0417100699907665,0.0438252288214317,"AIForg_resp","Beauty"
"S263",0.013469508344028,-0.034568796038745,"ForgOri_resp","Beauty"
"S263",0.0258568568529048,-0.0372648062311461,"AIOri_resp","Beauty"
"S263",0.0256464670438092,-0.00116406735947489,"AIForg_resp","Beauty"
"S264",0.0129243676577307,-0.01165159416242,"ForgOri_resp","Beauty"
"S264",0.0226468643971007,-0.0211596521842779,"AIOri_resp","Beauty"
"S264",0.0233495946356596,-0.0098461764415092,"AIForg_resp","Beauty"
"S265",0.0234272076800592,-0.0253515264065746,"ForgOri_resp","Beauty"
"S265",0.037036192752558,-0.0794496738308637,"AIOri_resp","Beauty"
"S265",0.0374126606965296,-0.0516281583621825,"AIForg_resp","Beauty"
"S266",0.0312924162741709,-0.0916340853767025,"ForgOri_resp","Beauty"
"S266",0.0569785803344924,-0.140366840877297,"AIOri_resp","Beauty"
"S266",0.0530881834007675,-0.0422929226339812,"AIForg_resp","Beauty"
"S268",0.0173031945947865,-0.0358612523359053,"ForgOri_resp","Beauty"
"S268",0.0244563129318549,-0.0384413325815313,"AIOri_resp","Beauty"
"S268",0.0235910359520545,-0.00314441306970908,"AIForg_resp","Beauty"
"S270",0.0117411246407032,-0.00184697952482915,"ForgOri_resp","Beauty"
"S270",0.0190605464530699,-0.052949343441956,"AIOri_resp","Beauty"
"S270",0.0192028339164005,-0.0522424596819425,"AIForg_resp","Beauty"
"S271",0.0244206886831969,-0.0475272724604343,"ForgOri_resp","Beauty"
"S271",0.0331644927275741,-0.0420494775388668,"AIOri_resp","Beauty"
"S271",0.0327947902863257,0.00407919070072985,"AIForg_resp","Beauty"
"S272",0.0174978292355597,-0.0457341113780945,"ForgOri_resp","Beauty"
"S272",0.024723399129384,-0.0279311899579547,"AIOri_resp","Beauty"
"S272",0.0231522080863659,0.0184714957903513,"AIForg_resp","Beauty"
"S273",0.0137183002656754,-0.0424325071087099,"ForgOri_resp","Beauty"
"S273",0.0218221406137013,-0.0991295385121614,"AIOri_resp","Beauty"
"S273",0.0208986653753099,-0.0578992312642345,"AIForg_resp","Beauty"
"S274",0.0145382646132997,0.00183292077784597,"ForgOri_resp","Beauty"
"S274",0.0236368109486627,-0.0215337635272835,"AIOri_resp","Beauty"
"S274",0.0211915059932899,-0.0166718800025833,"AIForg_resp","Beauty"
"S221",0.0664492138152095,0.619529932805521,"Baseline_mu","Beauty"
"S222",0.0509651756621871,0.771425230284559,"Baseline_mu","Beauty"
"S224",0.0461082795315167,0.836928595900348,"Baseline_mu","Beauty"
"S225",0.0572328780986508,0.804538151248377,"Baseline_mu","Beauty"
"S227",0.0722130264400171,0.517263193186792,"Baseline_mu","Beauty"
"S228",0.0623961422227506,0.777830549655013,"Baseline_mu","Beauty"
"S229",0.0470496569101713,0.776452993798782,"Baseline_mu","Beauty"
"S230",0.0733514439207765,0.517924811503412,"Baseline_mu","Beauty"
"S231",0.0568623516197328,0.480325606255443,"Baseline_mu","Beauty"
"S232",0.0472812938516005,0.762272970686004,"Baseline_mu","Beauty"
"S233",0.0681945845479141,0.653972370637897,"Baseline_mu","Beauty"
"S234",0.047176177898996,0.441925691864018,"Baseline_mu","Beauty"
"S235",0.0806945599983988,0.472175273258557,"Baseline_mu","Beauty"
"S236",0.0515949569413863,0.428441113627256,"Baseline_mu","Beauty"
"S237",0.0458569607543067,0.0837934301316921,"Baseline_mu","Beauty"
"S238",0.0696654057584686,0.687019677252715,"Baseline_mu","Beauty"
"S239",0.0668214552363051,0.576855664210894,"Baseline_mu","Beauty"
"S240",0.058820043482583,0.807452453161301,"Baseline_mu","Beauty"
"S241",0.0818332833979271,0.540692545684782,"Baseline_mu","Beauty"
"S242",0.069125034140862,0.427329888928224,"Baseline_mu","Beauty"
"S243",0.0480716951335097,0.6887368754734,"Baseline_mu","Beauty"
"S244",0.0562085681935756,0.831569218073436,"Baseline_mu","Beauty"
"S245",0.0790891736911181,0.625880707141596,"Baseline_mu","Beauty"
"S246",0.023540045501448,0.938092435700745,"Baseline_mu","Beauty"
"S247",0.071023033538142,0.474059722947992,"Baseline_mu","Beauty"
"S248",0.0623182425097701,0.651744250829118,"Baseline_mu","Beauty"
"S249",0.0845990313834841,0.401851375135565,"Baseline_mu","Beauty"
"S250",0.0427024180744761,0.871854073487765,"Baseline_mu","Beauty"
"S251",0.0306141065260199,0.95510963205633,"Baseline_mu","Beauty"
"S252",0.0483918160799871,0.443872146610871,"Baseline_mu","Beauty"
"S253",0.0732098093454853,0.349885164354162,"Baseline_mu","Beauty"
"S254",0.0608758394235476,0.507432572031911,"Baseline_mu","Beauty"
"S255",0.0543409893995531,0.821347017240952,"Baseline_mu","Beauty"
"S256",0.0677155906747527,0.556619207594807,"Baseline_mu","Beauty"
"S257",0.0625025125817252,0.523455882507529,"Baseline_mu","Beauty"
"S258",0.0472841457661597,0.16955920669953,"Baseline_mu","Beauty"
"S259",0.0706601567087789,0.485444061324685,"Baseline_mu","Beauty"
"S260",0.0607323970938678,0.419892983425059,"Baseline_mu","Beauty"
"S261",0.0787690557825031,0.498730827349197,"Baseline_mu","Beauty"
"S262",0.0610258105172952,0.67980186425939,"Baseline_mu","Beauty"
"S263",0.0731056540027144,0.69012693568755,"Baseline_mu","Beauty"
"S264",0.0739909720754135,0.649088137326318,"Baseline_mu","Beauty"
"S265",0.0484904594690485,0.679898256004761,"Baseline_mu","Beauty"
"S266",0.0586469636997172,0.821827778292855,"Baseline_mu","Beauty"
"S268",0.0528743907450897,0.501905654041054,"Baseline_mu","Beauty"
"S270",0.0606838420693468,0.635814126698547,"Baseline_mu","Beauty"
"S271",0.0574685804930235,0.527492291845186,"Baseline_mu","Beauty"
"S272",0.0680278843041823,0.593612137283983,"Baseline_mu","Beauty"
"S273",0.0644268186659443,0.697237428919635,"Baseline_mu","Beauty"
"S274",0.0523482988021435,0.788931609848397,"Baseline_mu","Beauty"
"S221",0.0447618119045988,-0.00228284354395947,"ForgOri_mu","Beauty"
"S221",0.0778657312225333,0.0640254772942112,"AIOri_mu","Beauty"
"S221",0.076423843526208,0.0586337498989309,"AIForg_mu","Beauty"
"S222",0.0517096374596901,-0.0143775103720857,"ForgOri_mu","Beauty"
"S222",0.0758999872743695,-0.164085782895304,"AIOri_mu","Beauty"
"S222",0.0858965476117643,-0.13957314523495,"AIForg_mu","Beauty"
"S224",0.0375101327748107,-0.0221857985338645,"ForgOri_mu","Beauty"
"S224",0.0648284680333174,-0.0949931998876412,"AIOri_mu","Beauty"
"S224",0.0703421282278594,-0.0661767031737388,"AIForg_mu","Beauty"
"S225",0.0451842076579996,-0.00670730836815425,"ForgOri_mu","Beauty"
"S225",0.0658085267553616,0.0363765765668585,"AIOri_mu","Beauty"
"S225",0.0703930130454842,0.0306327142553872,"AIForg_mu","Beauty"
"S227",0.0523293393368766,0.0926333005527853,"ForgOri_mu","Beauty"
"S227",0.0658930044336428,-0.153836145514009,"AIOri_mu","Beauty"
"S227",0.0652508417119379,-0.242577042273566,"AIForg_mu","Beauty"
"S228",0.0491731326387794,0.0166193836212935,"ForgOri_mu","Beauty"
"S228",0.0752140756527695,-0.0294830959892383,"AIOri_mu","Beauty"
"S228",0.0569198481127979,-0.0571597853578353,"AIForg_mu","Beauty"
"S229",0.0510156442947729,-0.193820996299199,"ForgOri_mu","Beauty"
"S229",0.0773888974030205,-0.250702724145633,"AIOri_mu","Beauty"
"S229",0.0867345775340501,-0.0518506912051973,"AIForg_mu","Beauty"
"S230",0.0450844668975814,-0.0306162738146976,"ForgOri_mu","Beauty"
"S230",0.0931717963443245,-0.0406604597884237,"AIOri_mu","Beauty"
"S230",0.0798916620595953,0.00272044490151743,"AIForg_mu","Beauty"
"S231",0.0414637389338676,-0.0566853905149505,"ForgOri_mu","Beauty"
"S231",0.0801940610445993,-0.0865264212852762,"AIOri_mu","Beauty"
"S231",0.0641191724669539,-0.032170420572155,"AIForg_mu","Beauty"
"S232",0.0350393949409327,0.025019180986346,"ForgOri_mu","Beauty"
"S232",0.0593984244542491,0.0695792260101823,"AIOri_mu","Beauty"
"S232",0.0545615291405825,0.0473491392997452,"AIForg_mu","Beauty"
"S233",0.0423950456156621,-0.111599506627452,"ForgOri_mu","Beauty"
"S233",0.0845431048531553,-0.0397281596382115,"AIOri_mu","Beauty"
"S233",0.0714493270994425,0.0743733581574095,"AIForg_mu","Beauty"
"S234",0.0683704743878718,0.226755911457111,"ForgOri_mu","Beauty"
"S234",0.0674677731749458,-0.0211015664805576,"AIOri_mu","Beauty"
"S234",0.0853658981933241,-0.247013139266789,"AIForg_mu","Beauty"
"S235",0.03859706039703,0.0222782408874283,"ForgOri_mu","Beauty"
"S235",0.107050586888904,0.124782949774053,"AIOri_mu","Beauty"
"S235",0.103221961825597,0.0955753061430317,"AIForg_mu","Beauty"
"S236",0.0408454903007143,0.0255809924654669,"ForgOri_mu","Beauty"
"S236",0.0693626725047157,0.128218904659745,"AIOri_mu","Beauty"
"S236",0.0650081097657876,0.109683368475114,"AIForg_mu","Beauty"
"S237",0.0258688114031072,-0.00653903909126262,"ForgOri_mu","Beauty"
"S237",0.0460084578482214,-0.0173779808970307,"AIOri_mu","Beauty"
"S237",0.0438989834761466,-0.0148890481681306,"AIForg_mu","Beauty"
"S238",0.0431657656763051,0.0874376813768579,"ForgOri_mu","Beauty"
"S238",0.0655425368214323,-0.0936825506307561,"AIOri_mu","Beauty"
"S238",0.0659093977938484,-0.176717205732752,"AIForg_mu","Beauty"
"S239",0.0524430009718649,-0.221293278628356,"ForgOri_mu","Beauty"
"S239",0.0810710597788471,-0.122850849139366,"AIOri_mu","Beauty"
"S239",0.076545032057795,0.0882352225154797,"AIForg_mu","Beauty"
"S240",0.0392199388398544,-0.0166448735470703,"ForgOri_mu","Beauty"
"S240",0.0658619317155188,-0.0341160720049091,"AIOri_mu","Beauty"
"S240",0.0764073904588266,-0.0153619902505873,"AIForg_mu","Beauty"
"S241",0.0550921468600611,0.0692216514572825,"ForgOri_mu","Beauty"
"S241",0.100872722609013,0.0729678986751134,"AIOri_mu","Beauty"
"S241",0.0800918886062732,0.0206707356132394,"AIForg_mu","Beauty"
"S242",0.0470747485295142,0.0209222707820562,"ForgOri_mu","Beauty"
"S242",0.074753395868797,-0.0328272336119801,"AIOri_mu","Beauty"
"S242",0.0723265859421491,-0.0610765406021884,"AIForg_mu","Beauty"
"S243",0.0436068493301401,-0.102142125789348,"ForgOri_mu","Beauty"
"S243",0.0721787333102259,-0.191338597381152,"AIOri_mu","Beauty"
"S243",0.0739363563372627,-0.104717253230967,"AIForg_mu","Beauty"
"S244",0.0445810557740423,-0.00188370635136492,"ForgOri_mu","Beauty"
"S244",0.0644056851123934,-0.193351257748395,"AIOri_mu","Beauty"
"S244",0.089160620816031,-0.190328222146846,"AIForg_mu","Beauty"
"S245",0.0824926320669426,0.0358337080636172,"ForgOri_mu","Beauty"
"S245",0.0967033859172447,-0.0170486018827761,"AIOri_mu","Beauty"
"S245",0.096465168506004,-0.041377597218042,"AIForg_mu","Beauty"
"S246",0.0346062175335025,-0.0661316960700446,"ForgOri_mu","Beauty"
"S246",0.0830452356750042,-0.153449731798535,"AIOri_mu","Beauty"
"S246",0.0760856111731472,-0.0816028484491276,"AIForg_mu","Beauty"
"S247",0.0499732494810677,0.0406658518793431,"ForgOri_mu","Beauty"
"S247",0.0760419194226252,-0.160073727812051,"AIOri_mu","Beauty"
"S247",0.0654452786384685,-0.20996047675992,"AIForg_mu","Beauty"
"S248",0.0513156615445403,0.0828643534710577,"ForgOri_mu","Beauty"
"S248",0.108062298760516,0.00888565044079226,"AIOri_mu","Beauty"
"S248",0.101043274525665,-0.0597840194035436,"AIForg_mu","Beauty"
"S249",0.0542189387841019,-0.000613665219497517,"ForgOri_mu","Beauty"
"S249",0.106973400834387,0.00375401003196488,"AIOri_mu","Beauty"
"S249",0.107750037212113,0.00417529230767907,"AIForg_mu","Beauty"
"S250",0.0344677103500825,-0.0848564208244117,"ForgOri_mu","Beauty"
"S250",0.0558333983236805,-0.0202686002172013,"AIOri_mu","Beauty"
"S250",0.0656825318281891,0.0652397491504838,"AIForg_mu","Beauty"
"S251",0.0220109435978267,-0.0348193782133625,"ForgOri_mu","Beauty"
"S251",0.0328165842382269,-0.011908426266788,"AIOri_mu","Beauty"
"S251",0.0339087020318816,0.0229717043041717,"AIForg_mu","Beauty"
"S252",0.0385696377033106,0.191395880743449,"ForgOri_mu","Beauty"
"S252",0.0662150670007012,0.0541137023594508,"AIOri_mu","Beauty"
"S252",0.0618552339636276,-0.137036104003547,"AIForg_mu","Beauty"
"S253",0.0496551910812515,-0.0948267344250276,"ForgOri_mu","Beauty"
"S253",0.0745864729180717,-0.105926166981158,"AIOri_mu","Beauty"
"S253",0.0714728855306973,-0.0189101830551761,"AIForg_mu","Beauty"
"S254",0.052316369948301,0.0985201997896875,"ForgOri_mu","Beauty"
"S254",0.0904865427496289,-0.0839850900204732,"AIOri_mu","Beauty"
"S254",0.0931325953359999,-0.17944568406681,"AIForg_mu","Beauty"
"S255",0.0424178919686066,-0.126465100963041,"ForgOri_mu","Beauty"
"S255",0.0671762928088075,-0.138341058073919,"AIOri_mu","Beauty"
"S255",0.0852590692975523,-0.0202090246327244,"AIForg_mu","Beauty"
"S256",0.0577730067381407,-0.158714745982232,"ForgOri_mu","Beauty"
"S256",0.0917776892162901,-0.141521264144334,"AIOri_mu","Beauty"
"S256",0.0955690794239379,0.0210745237932137,"AIForg_mu","Beauty"
"S257",0.0285606063511379,0.0548570198701847,"ForgOri_mu","Beauty"
"S257",0.078617357746492,-0.123711054041173,"AIOri_mu","Beauty"
"S257",0.081420473322741,-0.180338241711617,"AIForg_mu","Beauty"
"S258",0.0284438992458896,-0.0493118523386472,"ForgOri_mu","Beauty"
"S258",0.0439742377477159,-0.0657021364509974,"AIOri_mu","Beauty"
"S258",0.0438677156387335,-0.0136417148122174,"AIForg_mu","Beauty"
"S259",0.0445613961344601,-0.156777573950068,"ForgOri_mu","Beauty"
"S259",0.080997380308782,-0.00219375154778881,"AIOri_mu","Beauty"
"S259",0.083751593988315,0.153361828943546,"AIForg_mu","Beauty"
"S260",0.048761577429559,-0.0102795765585821,"ForgOri_mu","Beauty"
"S260",0.0805438808837096,0.0163251666695518,"AIOri_mu","Beauty"
"S260",0.0619954223562585,0.0377800211905741,"AIForg_mu","Beauty"
"S261",0.0635232752377889,-0.0514859367338866,"ForgOri_mu","Beauty"
"S261",0.099396550977631,-0.120561261500434,"AIOri_mu","Beauty"
"S261",0.10644775478057,-0.0682971221507959,"AIForg_mu","Beauty"
"S262",0.0464793223476091,-0.231428051548238,"ForgOri_mu","Beauty"
"S262",0.0776310324873673,-0.042114388243029,"AIOri_mu","Beauty"
"S262",0.114479285052187,0.189684238781047,"AIForg_mu","Beauty"
"S263",0.0409193334958112,-0.014393099653377,"ForgOri_mu","Beauty"
"S263",0.0977129673392251,-0.0114678039748807,"AIOri_mu","Beauty"
"S263",0.0901082272596062,0.000371062910129893,"AIForg_mu","Beauty"
"S264",0.0459051507022406,0.0240821751172478,"ForgOri_mu","Beauty"
"S264",0.069415506357887,-0.00757720594488881,"AIOri_mu","Beauty"
"S264",0.0943026129814809,-0.0284011880926828,"AIForg_mu","Beauty"
"S265",0.0478684755900946,-0.0387629157904167,"ForgOri_mu","Beauty"
"S265",0.0825131667386127,-0.157387968495077,"AIOri_mu","Beauty"
"S265",0.0964174353059038,-0.124341033560847,"AIForg_mu","Beauty"
"S266",0.0467611061580013,-0.117232779474702,"ForgOri_mu","Beauty"
"S266",0.0604595662516173,-0.201602018839171,"AIOri_mu","Beauty"
"S266",0.0946704461662954,-0.080151787464687,"AIForg_mu","Beauty"
"S268",0.0504324254290519,-0.081015160834207,"ForgOri_mu","Beauty"
"S268",0.0672389131986108,-0.187275860450236,"AIOri_mu","Beauty"
"S268",0.0627555800370123,-0.117704967543202,"AIForg_mu","Beauty"
"S270",0.0464364637720452,0.0110761475732652,"ForgOri_mu","Beauty"
"S270",0.104621935746016,-0.142212561844739,"AIOri_mu","Beauty"
"S270",0.0783772881565716,-0.14938288203081,"AIForg_mu","Beauty"
"S271",0.0452610221659618,-0.0752121719249499,"ForgOri_mu","Beauty"
"S271",0.083731493483911,-0.0625625066130435,"AIOri_mu","Beauty"
"S271",0.0712940117540384,0.019724286152915,"AIForg_mu","Beauty"
"S272",0.0419089159294465,-0.078593494708571,"ForgOri_mu","Beauty"
"S272",0.0655481017077781,-0.0656215151386389,"AIOri_mu","Beauty"
"S272",0.0646397278793426,0.0203520395350267,"AIForg_mu","Beauty"
"S273",0.0353100219917816,-0.116010964092796,"ForgOri_mu","Beauty"
"S273",0.0889853320593759,-0.234935869334865,"AIOri_mu","Beauty"
"S273",0.0832744195053091,-0.121833960180911,"AIForg_mu","Beauty"
"S274",0.0360522261174094,0.009848825203706,"ForgOri_mu","Beauty"
"S274",0.0619882730159796,-0.0393243533699987,"AIOri_mu","Beauty"
"S274",0.0729490616024254,-0.0606198370824038,"AIForg_mu","Beauty"
"S221",0.0530319128931995,0.492111816441165,"Baseline_confright","Beauty"
"S222",0.0353108767223263,0.585803966229499,"Baseline_confright","Beauty"
"S224",0.0220403318085322,0.272022402760488,"Baseline_confright","Beauty"
"S225",0.0377155018040529,0.457773638483641,"Baseline_confright","Beauty"
"S227",0.0249578537782981,0.215606739276965,"Baseline_confright","Beauty"
"S228",0.0329616201846498,0.348235035738948,"Baseline_confright","Beauty"
"S229",0.0329117535746608,0.38740936152359,"Baseline_confright","Beauty"
"S230",0.0432726025952742,0.34288118616441,"Baseline_confright","Beauty"
"S231",0.0416899088256415,0.354451760665736,"Baseline_confright","Beauty"
"S232",0.0409837817248704,0.365379917359792,"Baseline_confright","Beauty"
"S233",0.0363087037515398,0.205464487335804,"Baseline_confright","Beauty"
"S234",0.0380447120999105,0.360961013496168,"Baseline_confright","Beauty"
"S235",0.0249938088824403,0.253182179236152,"Baseline_confright","Beauty"
"S236",0.0253643994638352,0.19289088679465,"Baseline_confright","Beauty"
"S237",0.0855169909411372,0.250227276283945,"Baseline_confright","Beauty"
"S238",0.0229623494857048,0.232048918707942,"Baseline_confright","Beauty"
"S239",0.0330574699924764,0.256322253575105,"Baseline_confright","Beauty"
"S240",0.0220439927207411,0.43802110212474,"Baseline_confright","Beauty"
"S241",0.0298566790721171,0.345977447011108,"Baseline_confright","Beauty"
"S242",0.0244227836701889,0.209160515675208,"Baseline_confright","Beauty"
"S243",0.0321615696251884,0.413087029129712,"Baseline_confright","Beauty"
"S244",0.027030953017505,0.416478221853774,"Baseline_confright","Beauty"
"S245",0.0546679886591994,0.57634728417834,"Baseline_confright","Beauty"
"S246",0.0159099109366508,0.267874548653703,"Baseline_confright","Beauty"
"S247",0.0487958545626585,0.371850113945447,"Baseline_confright","Beauty"
"S248",0.0396834843846753,0.607987851181117,"Baseline_confright","Beauty"
"S249",0.0211967596727099,0.16874575431801,"Baseline_confright","Beauty"
"S250",0.0278335034751311,0.21462597953597,"Baseline_confright","Beauty"
"S251",0.0367347710067109,0.537250311035661,"Baseline_confright","Beauty"
"S252",0.0231524391345539,0.160946333995595,"Baseline_confright","Beauty"
"S253",0.0386225068164098,0.208226217028549,"Baseline_confright","Beauty"
"S254",0.0378276720086239,0.269335228972304,"Baseline_confright","Beauty"
"S255",0.030870224539817,0.537636423664623,"Baseline_confright","Beauty"
"S256",0.033116957435366,0.330633341678414,"Baseline_confright","Beauty"
"S257",0.041753030867503,0.453881690216949,"Baseline_confright","Beauty"
"S258",0.0751054417247127,0.233110152341212,"Baseline_confright","Beauty"
"S259",0.0289118783508769,0.211739668903337,"Baseline_confright","Beauty"
"S260",0.0392940078225342,0.323263660636827,"Baseline_confright","Beauty"
"S261",0.0402013307809076,0.338254607716068,"Baseline_confright","Beauty"
"S262",0.0441901642605308,0.400224296282899,"Baseline_confright","Beauty"
"S263",0.0383787975254506,0.328748139905838,"Baseline_confright","Beauty"
"S264",0.0244327546637947,0.287796758649791,"Baseline_confright","Beauty"
"S265",0.0378013103895544,0.402797548730501,"Baseline_confright","Beauty"
"S266",0.0355565000184834,0.489053180357194,"Baseline_confright","Beauty"
"S268",0.0228252912739799,0.173697523682275,"Baseline_confright","Beauty"
"S270",0.0292963288496917,0.195749126663644,"Baseline_confright","Beauty"
"S271",0.0346559928229324,0.371815477735176,"Baseline_confright","Beauty"
"S272",0.0330623471081095,0.363729871819259,"Baseline_confright","Beauty"
"S273",0.0358826701338952,0.322884558471391,"Baseline_confright","Beauty"
"S274",0.0323191192032112,0.370569984186412,"Baseline_confright","Beauty"
"S221",0.0211340709113552,-0.03244053788488,"ForgOri_confright","Beauty"
"S221",0.0250267631001934,-0.0568168989241516,"AIOri_confright","Beauty"
"S221",0.0255030534792069,-0.0213773131687298,"AIForg_confright","Beauty"
"S222",0.0242808891634943,-0.0154143140842846,"ForgOri_confright","Beauty"
"S222",0.0310298049072387,-0.0973202062531676,"AIOri_confright","Beauty"
"S222",0.0262155952697018,-0.0843938332147999,"AIForg_confright","Beauty"
"S224",0.0142159022104368,-0.0120257142680642,"ForgOri_confright","Beauty"
"S224",0.020122127751874,-0.0655196982168728,"AIOri_confright","Beauty"
"S224",0.0202591011466153,-0.0566877050795057,"AIForg_confright","Beauty"
"S225",0.0298972087532787,-0.0658110547224899,"ForgOri_confright","Beauty"
"S225",0.0296681000923953,-0.103658065726391,"AIOri_confright","Beauty"
"S225",0.037014540244934,-0.0409913929539395,"AIForg_confright","Beauty"
"S227",0.0147873841257642,-0.0318026849678328,"ForgOri_confright","Beauty"
"S227",0.0177376251283479,-0.0445842507741911,"AIOri_confright","Beauty"
"S227",0.0197475954338761,-0.0156728753928456,"AIForg_confright","Beauty"
"S228",0.0235188547192766,-0.0762018824016642,"ForgOri_confright","Beauty"
"S228",0.0228966138640467,-0.0714817388727157,"AIOri_confright","Beauty"
"S228",0.0202090371592442,0.0103893863214077,"AIForg_confright","Beauty"
"S229",0.0272053910920137,-0.0806277474265947,"ForgOri_confright","Beauty"
"S229",0.024331621726679,-0.0938627009912267,"AIOri_confright","Beauty"
"S229",0.0292723667579243,-0.0136549664208733,"AIForg_confright","Beauty"
"S230",0.0189832456805574,-0.0383783904668339,"ForgOri_confright","Beauty"
"S230",0.0287702264439038,-0.0426385413967105,"AIOri_confright","Beauty"
"S230",0.0246009123537558,-0.00706645625115887,"AIForg_confright","Beauty"
"S231",0.0283876684754246,-0.0516640270066363,"ForgOri_confright","Beauty"
"S231",0.032169172992191,-0.0753890248199248,"AIOri_confright","Beauty"
"S231",0.0265040210261909,-0.0242631087371655,"AIForg_confright","Beauty"
"S232",0.0208411680042617,-0.0392246631386237,"ForgOri_confright","Beauty"
"S232",0.0236741232252959,-0.0636476074788707,"AIOri_confright","Beauty"
"S232",0.0199322192860904,-0.0327993226011484,"AIForg_confright","Beauty"
"S233",0.0185224074867708,-0.0278971993152592,"ForgOri_confright","Beauty"
"S233",0.018895614351555,-0.0430594111888259,"AIOri_confright","Beauty"
"S233",0.0159464454457984,-0.0180096080013887,"AIForg_confright","Beauty"
"S234",0.0293229177474141,-0.0299738619365807,"ForgOri_confright","Beauty"
"S234",0.0336826549383658,-0.0397705842189416,"AIOri_confright","Beauty"
"S234",0.0380092525772191,-0.0144181143873787,"AIForg_confright","Beauty"
"S235",0.0194472641630522,-0.00273079772239383,"ForgOri_confright","Beauty"
"S235",0.0225939405260946,-0.0402401564581312,"AIOri_confright","Beauty"
"S235",0.0256055043154912,-0.0422316922781499,"AIForg_confright","Beauty"
"S236",0.0157393335464487,-0.026777317088121,"ForgOri_confright","Beauty"
"S236",0.018801015113634,0.00044572084394924,"AIOri_confright","Beauty"
"S236",0.0203564209935822,0.0253943727862051,"AIForg_confright","Beauty"
"S237",0.0188798217040158,-0.0221729484756983,"ForgOri_confright","Beauty"
"S237",0.0253875622658195,-0.0226719475276779,"AIOri_confright","Beauty"
"S237",0.0205694931653765,0.00162487349805781,"AIForg_confright","Beauty"
"S238",0.0143831993051252,-0.00925169272487378,"ForgOri_confright","Beauty"
"S238",0.0189938902980623,-0.0243668198460121,"AIOri_confright","Beauty"
"S238",0.0190672813078947,-0.016981687980337,"AIForg_confright","Beauty"
"S239",0.0178209613837612,-0.0423485693578091,"ForgOri_confright","Beauty"
"S239",0.0344469988900618,-0.0349927376600374,"AIOri_confright","Beauty"
"S239",0.0308539838826194,0.00742322875209048,"AIForg_confright","Beauty"
"S240",0.0213557448246137,-0.0410904669402651,"ForgOri_confright","Beauty"
"S240",0.0275117125475902,-0.0782777824614716,"AIOri_confright","Beauty"
"S240",0.0237730318264622,-0.0372982932930534,"AIForg_confright","Beauty"
"S241",0.0254773868915127,-0.0159469814118596,"ForgOri_confright","Beauty"
"S241",0.0238723524042815,-0.00796429745677207,"AIOri_confright","Beauty"
"S241",0.0228510822528504,0.00748081686809057,"AIForg_confright","Beauty"
"S242",0.0219123918173913,-0.0245591013657897,"ForgOri_confright","Beauty"
"S242",0.0140923985510378,-0.0224713219103149,"AIOri_confright","Beauty"
"S242",0.0179217995285456,0.00341893804772871,"AIForg_confright","Beauty"
"S243",0.0217719629407884,-0.0398723835003069,"ForgOri_confright","Beauty"
"S243",0.025869402160057,-0.0757225777264402,"AIOri_confright","Beauty"
"S243",0.0307549654425177,-0.0327547488086264,"AIForg_confright","Beauty"
"S244",0.0235745293329325,-0.0782915910349223,"ForgOri_confright","Beauty"
"S244",0.0232091877109518,-0.0920191347082877,"AIOri_confright","Beauty"
"S244",0.0279429231898396,-0.0169015551856778,"AIForg_confright","Beauty"
"S245",0.042531538868017,-0.0126756980591901,"ForgOri_confright","Beauty"
"S245",0.0415516406963944,-0.0443966393087725,"AIOri_confright","Beauty"
"S245",0.0314149981826035,-0.0303247812757651,"AIForg_confright","Beauty"
"S246",0.0174990116097801,-0.0550676004563951,"ForgOri_confright","Beauty"
"S246",0.0202232345843126,-0.0929230378406207,"AIOri_confright","Beauty"
"S246",0.0129911264534354,-0.0359406210194805,"AIForg_confright","Beauty"
"S247",0.0254274894017624,-0.0258904407233776,"ForgOri_confright","Beauty"
"S247",0.0295322705812574,-0.0823800355956269,"AIOri_confright","Beauty"
"S247",0.0349957318734412,-0.0506177731068018,"AIForg_confright","Beauty"
"S248",0.0342756923346036,0.0146353575536686,"ForgOri_confright","Beauty"
"S248",0.0331831972546239,-0.0654068164906075,"AIOri_confright","Beauty"
"S248",0.0286127928185502,-0.0766292488499979,"AIForg_confright","Beauty"
"S249",0.0128018952609543,-0.0184708152592734,"ForgOri_confright","Beauty"
"S249",0.0137651742772205,-0.0190402804236127,"AIOri_confright","Beauty"
"S249",0.0164120902687822,0.00181925189891956,"AIForg_confright","Beauty"
"S250",0.0166134631524625,-0.0242741142963261,"ForgOri_confright","Beauty"
"S250",0.0185849549132342,-0.0227330393285789,"AIOri_confright","Beauty"
"S250",0.0152131686836549,0.00204115284724966,"AIForg_confright","Beauty"
"S251",0.0240208654565447,-0.0773567397837958,"ForgOri_confright","Beauty"
"S251",0.0337652936123024,-0.129472147993948,"AIOri_confright","Beauty"
"S251",0.0374134810924348,-0.0514976535659134,"AIForg_confright","Beauty"
"S252",0.0181167403770988,-0.014961089686292,"ForgOri_confright","Beauty"
"S252",0.0167494974820193,-0.0253674070502839,"AIOri_confright","Beauty"
"S252",0.0172927400010182,-0.00857800489144425,"AIForg_confright","Beauty"
"S253",0.0165739963113556,-0.0355292895160359,"ForgOri_confright","Beauty"
"S253",0.0223772892569028,-0.035006965994333,"AIOri_confright","Beauty"
"S253",0.0219108364301588,-0.00120048921894982,"AIForg_confright","Beauty"
"S254",0.0266219659986951,-0.0150721460317579,"ForgOri_confright","Beauty"
"S254",0.0269768325656293,-0.0660354060998904,"AIOri_confright","Beauty"
"S254",0.0183476242959694,-0.0524355466433453,"AIForg_confright","Beauty"
"S255",0.0200174464534387,-0.0611956238220336,"ForgOri_confright","Beauty"
"S255",0.0311132339458068,-0.100648874450395,"AIOri_confright","Beauty"
"S255",0.0323330585905791,-0.0435715140285863,"AIForg_confright","Beauty"
"S256",0.02760105850699,-0.0478689050948565,"ForgOri_confright","Beauty"
"S256",0.029185296100066,-0.0374381313265137,"AIOri_confright","Beauty"
"S256",0.0301724813316441,0.00598785041496552,"AIForg_confright","Beauty"
"S257",0.0193611608207198,-0.0195602781374507,"ForgOri_confright","Beauty"
"S257",0.0267725120397746,-0.0772321934315385,"AIOri_confright","Beauty"
"S257",0.0244051127033173,-0.0530891147403521,"AIForg_confright","Beauty"
"S258",0.0182368718632531,-0.0308491502779548,"ForgOri_confright","Beauty"
"S258",0.0238660055372564,-0.0263426483152809,"AIOri_confright","Beauty"
"S258",0.016596573833711,0.00576286563251861,"AIForg_confright","Beauty"
"S259",0.0176855055704303,-0.0424175357355684,"ForgOri_confright","Beauty"
"S259",0.0229130644851055,-0.0429942027630573,"AIOri_confright","Beauty"
"S259",0.0270171915023374,-0.00148204147327831,"AIForg_confright","Beauty"
"S260",0.0196028302033628,-0.0186856535324136,"ForgOri_confright","Beauty"
"S260",0.0235141071281716,-0.0324870679569803,"AIOri_confright","Beauty"
"S260",0.0241869097001517,-0.0131667851829265,"AIForg_confright","Beauty"
"S261",0.0254561862193279,-0.0399993024512165,"ForgOri_confright","Beauty"
"S261",0.0343671388289557,-0.0538786312554901,"AIOri_confright","Beauty"
"S261",0.0302563497994128,-0.0150550740887008,"AIForg_confright","Beauty"
"S262",0.0293069943240693,-0.100889986096217,"ForgOri_confright","Beauty"
"S262",0.0243622133289653,-0.104186696938221,"AIOri_confright","Beauty"
"S262",0.028926495200907,-0.00581559583105698,"AIForg_confright","Beauty"
"S263",0.025276164167519,-0.0863277234297483,"ForgOri_confright","Beauty"
"S263",0.0290972342624607,-0.0801981139012086,"AIOri_confright","Beauty"
"S263",0.0204114589622347,0.00771982115884498,"AIForg_confright","Beauty"
"S264",0.0165262486830089,-0.0406328844063845,"ForgOri_confright","Beauty"
"S264",0.0198811588503033,-0.0575493362901605,"AIOri_confright","Beauty"
"S264",0.0204638224621094,-0.0179425303551863,"AIForg_confright","Beauty"
"S265",0.0300616677256012,-0.0219040007746708,"ForgOri_confright","Beauty"
"S265",0.0283681083975042,-0.0421329348062695,"AIOri_confright","Beauty"
"S265",0.0313131637096569,-0.0175016685283788,"AIForg_confright","Beauty"
"S266",0.0297076422886665,-0.0829188313734163,"ForgOri_confright","Beauty"
"S266",0.0245492782514101,-0.120434471854776,"AIOri_confright","Beauty"
"S266",0.032416453899801,-0.0402077719690058,"AIForg_confright","Beauty"
"S268",0.0121040199610878,-0.0377489801771286,"ForgOri_confright","Beauty"
"S268",0.0158914304300439,-0.0314572661704277,"AIOri_confright","Beauty"
"S268",0.0148129859363011,0.00472742288877604,"AIForg_confright","Beauty"
"S270",0.0114990373743741,-0.0135237076110419,"ForgOri_confright","Beauty"
"S270",0.0150020212194005,-0.0354382833346461,"AIOri_confright","Beauty"
"S270",0.0174426425664731,-0.0208883801233434,"AIForg_confright","Beauty"
"S271",0.0231390106192641,-0.031874394221909,"ForgOri_confright","Beauty"
"S271",0.0238105881890991,-0.0735910181010771,"AIOri_confright","Beauty"
"S271",0.0271230139190947,-0.0422631518384316,"AIForg_confright","Beauty"
"S272",0.0262988985665813,-0.0349140126192064,"ForgOri_confright","Beauty"
"S272",0.0370318733295317,-0.0588337911993005,"AIOri_confright","Beauty"
"S272",0.0354070162724793,-0.0294044163362547,"AIForg_confright","Beauty"
"S273",0.0250145473361122,-0.0301770590366363,"ForgOri_confright","Beauty"
"S273",0.021573675720803,-0.103867176804709,"AIOri_confright","Beauty"
"S273",0.0292362350815247,-0.0723233409143625,"AIForg_confright","Beauty"
"S274",0.0212533890696756,-0.0152010390824174,"ForgOri_confright","Beauty"
"S274",0.0211895949932445,-0.0259669209977488,"AIOri_confright","Beauty"
"S274",0.022287468892164,-0.0136776457204099,"AIForg_confright","Beauty"
"S221",0.0562864262957343,0.311177916099961,"Baseline_confleft","Beauty"
"S222",0.0407294780023245,0.332047764826722,"Baseline_confleft","Beauty"
"S224",0.0727038833627894,0.329407483726107,"Baseline_confleft","Beauty"
"S225",0.0439060603602523,0.207356105138366,"Baseline_confleft","Beauty"
"S227",0.0389539510203693,0.405305865309809,"Baseline_confleft","Beauty"
"S228",0.0397484257759419,0.25774595854619,"Baseline_confleft","Beauty"
"S229",0.0352049367788482,0.254721564299259,"Baseline_confleft","Beauty"
"S230",0.0630115878657187,0.458005991114765,"Baseline_confleft","Beauty"
"S231",0.0527894113695376,0.40773256450524,"Baseline_confleft","Beauty"
"S232",0.0535550224499274,0.356737323860146,"Baseline_confleft","Beauty"
"S233",0.0399382102402796,0.181826569294722,"Baseline_confleft","Beauty"
"S234",0.0358013863836055,0.44067415873143,"Baseline_confleft","Beauty"
"S235",0.0427940579780459,0.298229121686146,"Baseline_confleft","Beauty"
"S236",0.0403982268124649,0.300079778547671,"Baseline_confleft","Beauty"
"S237",0.0376183697857789,0.637467617547505,"Baseline_confleft","Beauty"
"S238",0.0407928948889412,0.222841436582253,"Baseline_confleft","Beauty"
"S239",0.0515755456044779,0.475501192191758,"Baseline_confleft","Beauty"
"S240",0.045028471828269,0.318134257490136,"Baseline_confleft","Beauty"
"S241",0.0363793501781893,0.293029883954076,"Baseline_confleft","Beauty"
"S242",0.0304208947479435,0.244073712857559,"Baseline_confleft","Beauty"
"S243",0.049428324249223,0.357614926661654,"Baseline_confleft","Beauty"
"S244",0.0552049200368691,0.297980377403888,"Baseline_confleft","Beauty"
"S245",0.062122745850437,0.441160667389304,"Baseline_confleft","Beauty"
"S246",0.0506196663937882,0.212425560710662,"Baseline_confleft","Beauty"
"S247",0.0580191140011717,0.440600770727682,"Baseline_confleft","Beauty"
"S248",0.0408883763722302,0.669355488327221,"Baseline_confleft","Beauty"
"S249",0.0379840696905211,0.336165374043563,"Baseline_confleft","Beauty"
"S250",0.0379866716998976,0.16576072619852,"Baseline_confleft","Beauty"
"S251",0.0859682036543087,0.271118608502627,"Baseline_confleft","Beauty"
"S252",0.0315626335921934,0.293951738580835,"Baseline_confleft","Beauty"
"S253",0.037038035408909,0.356648163840264,"Baseline_confleft","Beauty"
"S254",0.0433962782824953,0.383418388929413,"Baseline_confleft","Beauty"
"S255",0.0509459644120415,0.30309067388252,"Baseline_confleft","Beauty"
"S256",0.0299773461277519,0.282741593875767,"Baseline_confleft","Beauty"
"S257",0.0455231229516535,0.619810499578814,"Baseline_confleft","Beauty"
"S258",0.0356163465032504,0.65762638102773,"Baseline_confleft","Beauty"
"S259",0.036621130928053,0.363383246759895,"Baseline_confleft","Beauty"
"S260",0.036684662880682,0.617330045784745,"Baseline_confleft","Beauty"
"S261",0.0301726814010875,0.26464301464477,"Baseline_confleft","Beauty"
"S262",0.0378767219512512,0.35722783577657,"Baseline_confleft","Beauty"
"S263",0.0427110594376085,0.246222586237251,"Baseline_confleft","Beauty"
"S264",0.0392652068675245,0.221742188762334,"Baseline_confleft","Beauty"
"S265",0.0557825862841573,0.43987905741921,"Baseline_confleft","Beauty"
"S266",0.0657152252620932,0.440505987978029,"Baseline_confleft","Beauty"
"S268",0.0477648401645797,0.512146502771369,"Baseline_confleft","Beauty"
"S270",0.0528078668809296,0.301943934190795,"Baseline_confleft","Beauty"
"S271",0.0351103651016079,0.366834083635277,"Baseline_confleft","Beauty"
"S272",0.0328963952583854,0.305080586046745,"Baseline_confleft","Beauty"
"S273",0.0305861938452351,0.195366384324864,"Baseline_confleft","Beauty"
"S274",0.0595739295259541,0.363088006110707,"Baseline_confleft","Beauty"
"S221",0.022861299761804,0.02172739656602,"ForgOri_confleft","Beauty"
"S221",0.0286519337447121,0.0251753710686222,"AIOri_confleft","Beauty"
"S221",0.0338387580015833,0.00518097418052318,"AIForg_confleft","Beauty"
"S222",0.018938624325558,0.00242964462495976,"ForgOri_confleft","Beauty"
"S222",0.0371462079067448,0.0903880615281264,"AIOri_confleft","Beauty"
"S222",0.0298059403387269,0.0843333938502815,"AIForg_confleft","Beauty"
"S224",0.0413172981922591,-0.0199551032966423,"ForgOri_confleft","Beauty"
"S224",0.0346348008061446,0.0751785215024137,"AIOri_confleft","Beauty"
"S224",0.0429621336604695,0.0942031935539858,"AIForg_confleft","Beauty"
"S225",0.0275702697042023,0.0101611847103471,"ForgOri_confleft","Beauty"
"S225",0.0237435668536642,0.0388332383682461,"AIOri_confleft","Beauty"
"S225",0.0275860956258419,0.0300225265462193,"AIForg_confleft","Beauty"
"S227",0.0229644954925766,0.0272470161288405,"ForgOri_confleft","Beauty"
"S227",0.0317896619404603,0.0485475320004413,"AIOri_confleft","Beauty"
"S227",0.0379046572233675,0.0180248711280609,"AIForg_confleft","Beauty"
"S228",0.0228435797975248,-0.0030748707440845,"ForgOri_confleft","Beauty"
"S228",0.0321612624885797,0.0159321407298959,"AIOri_confleft","Beauty"
"S228",0.0307852558736561,0.0190766670047268,"AIForg_confleft","Beauty"
"S229",0.0224054606227955,0.0563976014937947,"ForgOri_confleft","Beauty"
"S229",0.0201736462962303,0.0406636845519991,"AIOri_confleft","Beauty"
"S229",0.0308930485138739,-0.0152279137170085,"AIForg_confleft","Beauty"
"S230",0.0295405043335292,0.00486572838827046,"ForgOri_confleft","Beauty"
"S230",0.0314737284169492,0.0561093996564744,"AIOri_confleft","Beauty"
"S230",0.0401787601872137,0.0487371155138124,"AIForg_confleft","Beauty"
"S231",0.0276929696570834,0.0416481916404974,"ForgOri_confleft","Beauty"
"S231",0.0365514982890724,0.0121233986121647,"AIOri_confleft","Beauty"
"S231",0.0357735250926157,-0.0329025151572894,"AIForg_confleft","Beauty"
"S232",0.0238525951796272,-0.0094755973221064,"ForgOri_confleft","Beauty"
"S232",0.0250573844919664,0.0155702242612668,"AIOri_confleft","Beauty"
"S232",0.0287219706250719,0.0279089209995817,"AIForg_confleft","Beauty"
"S233",0.0180116595561978,0.0349693772948692,"ForgOri_confleft","Beauty"
"S233",0.0206702994840856,0.00939345225637137,"AIOri_confleft","Beauty"
"S233",0.0197147492230614,-0.0231897389826699,"AIForg_confleft","Beauty"
"S234",0.0297090724925397,-0.0428127729616291,"ForgOri_confleft","Beauty"
"S234",0.026769945020762,0.0235423414334383,"AIOri_confleft","Beauty"
"S234",0.0310979589221453,0.0654973935750283,"AIForg_confleft","Beauty"
"S235",0.0252493182282404,-0.00226311630464703,"ForgOri_confleft","Beauty"
"S235",0.0230522391424353,-0.00616581038998565,"AIOri_confleft","Beauty"
"S235",0.0281803340722095,0.00506289500147758,"AIForg_confleft","Beauty"
"S236",0.0282848093233653,-0.000844598265596103,"ForgOri_confleft","Beauty"
"S236",0.0285649628194518,-0.0450219155859877,"AIOri_confleft","Beauty"
"S236",0.0279496797260336,-0.0455369166269153,"AIForg_confleft","Beauty"
"S237",0.0288344091946435,0.0416966632885216,"ForgOri_confleft","Beauty"
"S237",0.0308784348813382,0.0273047642676865,"AIOri_confleft","Beauty"
"S237",0.0298333702814963,-0.00859220732045796,"AIForg_confleft","Beauty"
"S238",0.0177797611014522,-0.000705202495637519,"ForgOri_confleft","Beauty"
"S238",0.0231007790675542,0.0292973247302777,"AIOri_confleft","Beauty"
"S238",0.0276307206836669,0.0283937159011792,"AIForg_confleft","Beauty"
"S239",0.0356508559462939,0.120226585640731,"ForgOri_confleft","Beauty"
"S239",0.0372218248450531,0.025397672127095,"AIOri_confleft","Beauty"
"S239",0.038073415776166,-0.0871396306015519,"AIForg_confleft","Beauty"
"S240",0.0196633076383748,-0.00500624004660227,"ForgOri_confleft","Beauty"
"S240",0.0302760863432562,0.0412137865007811,"AIOri_confleft","Beauty"
"S240",0.0311701095041331,0.0445854962935073,"AIForg_confleft","Beauty"
"S241",0.0277752386229197,0.00250673699683968,"ForgOri_confleft","Beauty"
"S241",0.0314474069305677,0.0138923150316887,"AIOri_confleft","Beauty"
"S241",0.0343570510450683,0.00928789137172734,"AIForg_confleft","Beauty"
"S242",0.0168434304979348,-0.0376261327648743,"ForgOri_confleft","Beauty"
"S242",0.0188578136493522,0.00262344436849601,"AIOri_confleft","Beauty"
"S242",0.0259066025442221,0.0401811992762502,"AIForg_confleft","Beauty"
"S243",0.0352061585002647,0.00610274657127485,"ForgOri_confleft","Beauty"
"S243",0.0227451205636346,0.0499023962753549,"AIOri_confleft","Beauty"
"S243",0.0447647353855435,0.0426218942932788,"AIForg_confleft","Beauty"
"S244",0.0252205302646014,0.00573053396148149,"ForgOri_confleft","Beauty"
"S244",0.0250747459460066,0.0791444759527922,"AIOri_confleft","Beauty"
"S244",0.0277024786205009,0.0654374800560039,"AIForg_confleft","Beauty"
"S245",0.0356431899128376,-0.0131985619910571,"ForgOri_confleft","Beauty"
"S245",0.0438074158019416,-0.0162146504200721,"AIOri_confleft","Beauty"
"S245",0.0365127660620576,-0.000579369743022001,"AIForg_confleft","Beauty"
"S246",0.029192050490624,0.0311411423020995,"ForgOri_confleft","Beauty"
"S246",0.0330881253119665,0.0550185468440963,"AIOri_confleft","Beauty"
"S246",0.0274459083379019,0.0233735791811982,"AIForg_confleft","Beauty"
"S247",0.026660730837434,0.0458692565120355,"ForgOri_confleft","Beauty"
"S247",0.0297671108361444,0.0482284982600802,"AIOri_confleft","Beauty"
"S247",0.0363056508649865,0.0014369631159043,"AIForg_confleft","Beauty"
"S248",0.0293411378695965,-0.026635984021641,"ForgOri_confleft","Beauty"
"S248",0.0287426768531618,-0.0175283733125668,"AIOri_confleft","Beauty"
"S248",0.034598061887256,0.00495710143459593,"AIForg_confleft","Beauty"
"S249",0.031551813668086,0.038004963736311,"ForgOri_confleft","Beauty"
"S249",0.0226415906111945,0.00054996767988591,"AIOri_confleft","Beauty"
"S249",0.0303556624719274,-0.0377364420707801,"AIForg_confleft","Beauty"
"S250",0.0187533521374599,0.0329498844736928,"ForgOri_confleft","Beauty"
"S250",0.0248755709984341,0.0327602123120537,"AIOri_confleft","Beauty"
"S250",0.027477015072725,-0.00163810460726635,"AIForg_confleft","Beauty"
"S251",0.0267638123031646,0.0417983327474042,"ForgOri_confleft","Beauty"
"S251",0.0292081790017711,0.0309340485135994,"AIOri_confleft","Beauty"
"S251",0.02465773841693,-0.00960454612694049,"AIForg_confleft","Beauty"
"S252",0.0236642178831397,-0.044418691960854,"ForgOri_confleft","Beauty"
"S252",0.0242717890711298,-0.0124692834178647,"AIOri_confleft","Beauty"
"S252",0.0198781178802522,0.0318923761948666,"AIForg_confleft","Beauty"
"S253",0.0215834692813676,0.0645709253228079,"ForgOri_confleft","Beauty"
"S253",0.0387090094480051,0.0118121971233549,"AIOri_confleft","Beauty"
"S253",0.0370542788753577,-0.0494229037547036,"AIForg_confleft","Beauty"
"S254",0.0331265254897185,-0.0276790695371346,"ForgOri_confleft","Beauty"
"S254",0.0337052510599276,0.0113714355949334,"AIOri_confleft","Beauty"
"S254",0.034437936549386,0.0325368825648032,"AIForg_confleft","Beauty"
"S255",0.0314057722349409,0.0286473834285557,"ForgOri_confleft","Beauty"
"S255",0.0367175369056582,0.0639726830048648,"AIOri_confleft","Beauty"
"S255",0.0393728995401832,0.0395718659508911,"AIForg_confleft","Beauty"
"S256",0.0315219724992599,0.036829882671275,"ForgOri_confleft","Beauty"
"S256",0.024838209238175,0.0161988554835467,"AIOri_confleft","Beauty"
"S256",0.0360617825397923,-0.0215192988901725,"AIForg_confleft","Beauty"
"S257",0.0291630844469221,0.0186427536573951,"ForgOri_confleft","Beauty"
"S257",0.0261094984833381,0.0431353869491156,"AIOri_confleft","Beauty"
"S257",0.0326018781570195,0.0290776717802211,"AIForg_confleft","Beauty"
"S258",0.0231441309769766,0.0522584552626708,"ForgOri_confleft","Beauty"
"S258",0.0301265312871176,0.040307155843449,"AIOri_confleft","Beauty"
"S258",0.0295370273585028,-0.0191243400716083,"AIForg_confleft","Beauty"
"S259",0.0367718016534963,0.103406121726436,"ForgOri_confleft","Beauty"
"S259",0.0278539019537504,0.0553978169317345,"AIOri_confleft","Beauty"
"S259",0.0410928166683825,-0.0467213476225651,"AIForg_confleft","Beauty"
"S260",0.0216991370406797,0.0159313118852639,"ForgOri_confleft","Beauty"
"S260",0.031799495842985,-0.0136437252741607,"AIOri_confleft","Beauty"
"S260",0.0349495334161024,-0.0246103434312669,"AIForg_confleft","Beauty"
"S261",0.0287579486240775,0.0314842799448769,"ForgOri_confleft","Beauty"
"S261",0.0221000222154099,0.0272712371557313,"AIOri_confleft","Beauty"
"S261",0.028843735576945,-0.00316637805729203,"AIForg_confleft","Beauty"
"S262",0.0245398507837437,0.0751083343422612,"ForgOri_confleft","Beauty"
"S262",0.0283743648543947,0.0881223175346801,"AIOri_confleft","Beauty"
"S262",0.039631624731357,0.0138678904536681,"AIForg_confleft","Beauty"
"S263",0.0321792285295082,-0.00361939881824502,"ForgOri_confleft","Beauty"
"S263",0.0462696938117063,0.0141406908179227,"AIOri_confleft","Beauty"
"S263",0.0338180646752937,0.0108574184966235,"AIForg_confleft","Beauty"
"S264",0.0189656413592967,0.00545882474936979,"ForgOri_confleft","Beauty"
"S264",0.0236759592747427,0.0193173338710686,"AIOri_confleft","Beauty"
"S264",0.0246725396697601,0.0147228751340081,"AIForg_confleft","Beauty"
"S265",0.0311270411968978,0.0417269663044104,"ForgOri_confleft","Beauty"
"S265",0.0333393480704141,0.0531011695334322,"AIOri_confleft","Beauty"
"S265",0.0358210792663706,0.00949656210543021,"AIForg_confleft","Beauty"
"S266",0.0430711486542583,0.0567602461004829,"ForgOri_confleft","Beauty"
"S266",0.0292421204831502,0.0445267371500834,"AIOri_confleft","Beauty"
"S266",0.0423329479770218,-0.0101263013188951,"AIForg_confleft","Beauty"
"S268",0.0335597382234663,0.0304525144689407,"ForgOri_confleft","Beauty"
"S268",0.0296896900241446,-0.0193355565835618,"AIOri_confleft","Beauty"
"S268",0.0471532985101757,-0.0515689718999231,"AIForg_confleft","Beauty"
"S270",0.021406751364646,0.0130668266194086,"ForgOri_confleft","Beauty"
"S270",0.0308200381336026,0.0713937564147446,"AIOri_confleft","Beauty"
"S270",0.0299527888004656,0.0614118493309843,"AIForg_confleft","Beauty"
"S271",0.0267896697787251,0.0486508928840919,"ForgOri_confleft","Beauty"
"S271",0.0263404477243281,0.0475925361016341,"AIOri_confleft","Beauty"
"S271",0.0376188829002803,0.000201057058905718,"AIForg_confleft","Beauty"
"S272",0.0297867265123258,0.0581398125074578,"ForgOri_confleft","Beauty"
"S272",0.0275111648054901,0.0169202900433347,"AIOri_confleft","Beauty"
"S272",0.0379110568093543,-0.0392916651580351,"AIForg_confleft","Beauty"
"S273",0.0250784576925957,0.0274065829692178,"ForgOri_confleft","Beauty"
"S273",0.0231963067917568,0.036029245582221,"AIOri_confleft","Beauty"
"S273",0.0251793240724926,0.0105470232270205,"AIForg_confleft","Beauty"
"S274",0.0244531727552158,-0.0170858785443256,"ForgOri_confleft","Beauty"
"S274",0.0300075589773435,0.0164467166443793,"AIOri_confleft","Beauty"
"S274",0.0278562951139058,0.0265297458234728,"AIForg_confleft","Beauty"
"S221",0.294290030389739,1.02068873295654,"Baseline_precright","Beauty"
"S222",0.859859419027615,3.11058878163174,"Baseline_precright","Beauty"
"S224",0.763343834518582,4.2458381205041,"Baseline_precright","Beauty"
"S225",0.547742343385711,2.38688657764452,"Baseline_precright","Beauty"
"S227",1.5278764010624,6.58739024967517,"Baseline_precright","Beauty"
"S228",0.911087590052729,5.03950909502455,"Baseline_precright","Beauty"
"S229",1.01647682559223,4.20185550820012,"Baseline_precright","Beauty"
"S230",1.18922348872481,4.2281573832369,"Baseline_precright","Beauty"
"S231",0.761888187983474,3.02329830895809,"Baseline_precright","Beauty"
"S232",0.548162820117464,2.9744946041811,"Baseline_precright","Beauty"
"S233",0.896713299358035,3.43677596932379,"Baseline_precright","Beauty"
"S234",1.34317284380395,5.28848324949429,"Baseline_precright","Beauty"
"S235",1.09325696813395,6.62105606788272,"Baseline_precright","Beauty"
"S236",1.27763292535759,4.94625235659518,"Baseline_precright","Beauty"
"S237",1.72097657521483,3.45662985282446,"Baseline_precright","Beauty"
"S238",1.23537151087275,7.6719762862855,"Baseline_precright","Beauty"
"S239",1.11293303621251,3.56662744111366,"Baseline_precright","Beauty"
"S240",1.33645195877639,6.96673881121343,"Baseline_precright","Beauty"
"S241",1.2703272849157,6.04325090158247,"Baseline_precright","Beauty"
"S242",1.429711840654,6.44247535347497,"Baseline_precright","Beauty"
"S243",0.628403220869999,3.17057662818537,"Baseline_precright","Beauty"
"S244",0.974867484313716,4.25829725775246,"Baseline_precright","Beauty"
"S245",0.302148573780358,0.872552548206581,"Baseline_precright","Beauty"
"S246",1.53056579912768,7.93399031936006,"Baseline_precright","Beauty"
"S247",0.692498462615603,3.08843533329627,"Baseline_precright","Beauty"
"S248",0.617712639589526,3.14344496607498,"Baseline_precright","Beauty"
"S249",1.54482913463932,5.63178442810714,"Baseline_precright","Beauty"
"S250",0.786623304640945,3.810808182976,"Baseline_precright","Beauty"
"S251",0.529819871196068,2.38426662029055,"Baseline_precright","Beauty"
"S252",1.53221345090818,6.02720548227603,"Baseline_precright","Beauty"
"S253",1.26359452046634,4.83541860043908,"Baseline_precright","Beauty"
"S254",1.10812630820358,3.8058334223204,"Baseline_precright","Beauty"
"S255",0.739561671314156,2.88563846193741,"Baseline_precright","Beauty"
"S256",1.17868998720262,3.96675979242907,"Baseline_precright","Beauty"
"S257",0.584359969787805,2.3841747126895,"Baseline_precright","Beauty"
"S258",0.808833778204787,1.85968738637676,"Baseline_precright","Beauty"
"S259",1.25826746351536,4.92523863365301,"Baseline_precright","Beauty"
"S260",1.46533914467662,4.41469984315821,"Baseline_precright","Beauty"
"S261",1.14967980878846,4.45490742339413,"Baseline_precright","Beauty"
"S262",0.466337186290988,1.43116402519395,"Baseline_precright","Beauty"
"S263",0.556751083991658,1.96914316102086,"Baseline_precright","Beauty"
"S264",1.20465636979144,5.96610337827098,"Baseline_precright","Beauty"
"S265",0.87480706921809,3.09228372395075,"Baseline_precright","Beauty"
"S266",0.744163396904719,2.68774136518868,"Baseline_precright","Beauty"
"S268",1.6507463808073,5.39899787399806,"Baseline_precright","Beauty"
"S270",1.11403345201838,3.9084292673486,"Baseline_precright","Beauty"
"S271",1.10243368217115,4.79214647590518,"Baseline_precright","Beauty"
"S272",1.10675687872181,3.99634538543103,"Baseline_precright","Beauty"
"S273",0.800010129345426,3.11503442487657,"Baseline_precright","Beauty"
"S274",1.04658239969529,4.27737127259029,"Baseline_precright","Beauty"
"S221",0.307904384930968,0.208557845500999,"ForgOri_precright","Beauty"
"S221",0.330471924471272,0.558358660419918,"AIOri_precright","Beauty"
"S221",0.387188457388355,0.410825799645295,"AIForg_precright","Beauty"
"S222",0.529087505962595,1.1687993929585,"ForgOri_precright","Beauty"
"S222",0.567808844747368,1.39183357439119,"AIOri_precright","Beauty"
"S222",0.67312931838021,0.293154191659349,"AIForg_precright","Beauty"
"S224",0.613173925632994,0.601265824813365,"ForgOri_precright","Beauty"
"S224",0.462785026942726,1.00214160931171,"AIOri_precright","Beauty"
"S224",0.740952227242686,0.255742493055666,"AIForg_precright","Beauty"
"S225",0.420163232264261,0.36648943564537,"ForgOri_precright","Beauty"
"S225",0.333840473426206,0.739144615978323,"AIOri_precright","Beauty"
"S225",0.531675861277709,0.434020276291242,"AIForg_precright","Beauty"
"S227",0.71564441811618,1.24345953760114,"ForgOri_precright","Beauty"
"S227",0.837867707005971,1.43840099555181,"AIOri_precright","Beauty"
"S227",0.995984707470856,0.0350281331583489,"AIForg_precright","Beauty"
"S228",0.696108210968854,0.871750600268987,"ForgOri_precright","Beauty"
"S228",0.509914030691745,0.657225858030676,"AIOri_precright","Beauty"
"S228",0.730680825473262,-0.146413173393026,"AIForg_precright","Beauty"
"S229",0.710559714940257,0.968373006899299,"ForgOri_precright","Beauty"
"S229",0.543256270886845,1.06151079009854,"AIOri_precright","Beauty"
"S229",0.757745389606953,0.0833249436084884,"AIForg_precright","Beauty"
"S230",0.706357045014403,0.890521746162141,"ForgOri_precright","Beauty"
"S230",0.454152484317065,0.84423918953711,"AIOri_precright","Beauty"
"S230",0.761175969068126,0.0662530833395898,"AIForg_precright","Beauty"
"S231",0.554754700150646,0.487887434061632,"ForgOri_precright","Beauty"
"S231",0.435912049620355,0.778491827559814,"AIOri_precright","Beauty"
"S231",0.610497254509365,0.344901954656933,"AIForg_precright","Beauty"
"S232",0.54242579669864,0.720586839685439,"ForgOri_precright","Beauty"
"S232",0.466434991901065,0.899716094509428,"AIOri_precright","Beauty"
"S232",0.654905815565667,0.102732617910715,"AIForg_precright","Beauty"
"S233",0.615739429867044,0.746744471038562,"ForgOri_precright","Beauty"
"S233",0.466833010556126,0.929909098654596,"AIOri_precright","Beauty"
"S233",0.675359784291601,0.145362808116168,"AIForg_precright","Beauty"
"S234",0.682873039997641,1.16318722140766,"ForgOri_precright","Beauty"
"S234",0.51315620212441,1.18312964258727,"AIOri_precright","Beauty"
"S234",0.779756728337123,0.126062056318948,"AIForg_precright","Beauty"
"S235",0.661774862171409,1.40845082331967,"ForgOri_precright","Beauty"
"S235",0.584355139403602,0.986859004939658,"AIOri_precright","Beauty"
"S235",0.803780608627656,-0.472982554797884,"AIForg_precright","Beauty"
"S236",0.653512929631194,0.992373839284935,"ForgOri_precright","Beauty"
"S236",0.494241831743978,0.967311266077595,"AIOri_precright","Beauty"
"S236",0.771862557871226,-0.0792728501921895,"AIForg_precright","Beauty"
"S237",0.619874550417797,0.698278780620655,"ForgOri_precright","Beauty"
"S237",0.526151673743777,0.902646921801388,"AIOri_precright","Beauty"
"S237",0.750527437920215,0.116988566758712,"AIForg_precright","Beauty"
"S238",1.08163889907171,1.35532047467024,"ForgOri_precright","Beauty"
"S238",0.738847288923402,1.09609501811031,"AIOri_precright","Beauty"
"S238",1.01016332944908,-0.190236904966465,"AIForg_precright","Beauty"
"S239",0.644677714130447,0.775030385508473,"ForgOri_precright","Beauty"
"S239",0.528954980195884,0.91693121380238,"AIOri_precright","Beauty"
"S239",0.768623468166855,0.0444704514572813,"AIForg_precright","Beauty"
"S240",0.776415208604595,1.46530654062333,"ForgOri_precright","Beauty"
"S240",0.620553863049414,1.12508235401604,"AIOri_precright","Beauty"
"S240",0.867541505727777,-0.305614173723386,"AIForg_precright","Beauty"
"S241",0.650441487519605,1.16484529195459,"ForgOri_precright","Beauty"
"S241",0.572320295263285,0.54867780127544,"AIOri_precright","Beauty"
"S241",0.799826566647355,-0.530753897484425,"AIForg_precright","Beauty"
"S242",0.876664021784293,1.26177379368925,"ForgOri_precright","Beauty"
"S242",0.53233066322538,0.984850828967277,"AIOri_precright","Beauty"
"S242",0.884303987980127,-0.197899650149549,"AIForg_precright","Beauty"
"S243",0.604346606887329,0.755189475094155,"ForgOri_precright","Beauty"
"S243",0.455801951744417,0.857988669612179,"AIOri_precright","Beauty"
"S243",0.661889095585272,0.0968284187707842,"AIForg_precright","Beauty"
"S244",0.728930408577879,1.36599750638706,"ForgOri_precright","Beauty"
"S244",0.518787091696485,1.26079553752047,"AIOri_precright","Beauty"
"S244",0.718868451033681,-0.212980285456946,"AIForg_precright","Beauty"
"S245",0.401863388083891,0.145102859832711,"ForgOri_precright","Beauty"
"S245",0.331561942370042,0.392321940895295,"AIOri_precright","Beauty"
"S245",0.442741818206058,0.247626901851003,"AIForg_precright","Beauty"
"S246",0.859071466922462,1.95971552136083,"ForgOri_precright","Beauty"
"S246",0.760221700233388,1.57624409061181,"AIOri_precright","Beauty"
"S246",1.04113727335966,-0.430402382661679,"AIForg_precright","Beauty"
"S247",0.565624835119933,0.628712208148114,"ForgOri_precright","Beauty"
"S247",0.526358153287598,0.865746844657308,"AIOri_precright","Beauty"
"S247",0.803546417004103,0.200726175340375,"AIForg_precright","Beauty"
"S248",0.541281056724264,0.570034984757314,"ForgOri_precright","Beauty"
"S248",0.438942787333652,0.630537736322647,"AIOri_precright","Beauty"
"S248",0.678280136670933,0.129234308769534,"AIForg_precright","Beauty"
"S249",0.857887925829308,1.30761618254886,"ForgOri_precright","Beauty"
"S249",0.615736754353554,1.01355452873371,"AIOri_precright","Beauty"
"S249",0.796994748533292,-0.278422831784152,"AIForg_precright","Beauty"
"S250",0.48901863768968,0.78172876048294,"ForgOri_precright","Beauty"
"S250",0.350989147886428,0.736245992029509,"AIOri_precright","Beauty"
"S250",0.634224505669687,-0.0156738080456935,"AIForg_precright","Beauty"
"S251",0.597915290693145,0.836627874123138,"ForgOri_precright","Beauty"
"S251",0.474134268809546,0.728532478923685,"AIOri_precright","Beauty"
"S251",0.75573959518849,-0.101023180934312,"AIForg_precright","Beauty"
"S252",0.88018647456224,1.25037214111724,"ForgOri_precright","Beauty"
"S252",0.516740175878852,1.18900557786939,"AIOri_precright","Beauty"
"S252",0.866255758146131,-0.139724854528515,"AIForg_precright","Beauty"
"S253",0.742037078253986,1.12294910125729,"ForgOri_precright","Beauty"
"S253",0.428250669192444,0.792521637185486,"AIOri_precright","Beauty"
"S253",0.696647365452132,-0.232314388138287,"AIForg_precright","Beauty"
"S254",0.472995138589099,0.472245772848668,"ForgOri_precright","Beauty"
"S254",0.537636042515549,0.728512299989816,"AIOri_precright","Beauty"
"S254",0.508479452691397,0.252117174033605,"AIForg_precright","Beauty"
"S255",0.502506893186527,0.697133708273917,"ForgOri_precright","Beauty"
"S255",0.546185813227931,0.849374470604112,"AIOri_precright","Beauty"
"S255",0.639790950734857,0.0408396861640545,"AIForg_precright","Beauty"
"S256",0.716834637985961,0.950055427348089,"ForgOri_precright","Beauty"
"S256",0.406543356882655,0.539782153716199,"AIOri_precright","Beauty"
"S256",0.729405616662268,-0.50218086713009,"AIForg_precright","Beauty"
"S257",0.372029003170847,0.37641782433903,"ForgOri_precright","Beauty"
"S257",0.401900645233131,0.721369606151076,"AIOri_precright","Beauty"
"S257",0.580770530697866,0.326642654960004,"AIForg_precright","Beauty"
"S258",0.487328963263224,0.599578554653211,"ForgOri_precright","Beauty"
"S258",0.417237666124875,0.732913304602177,"AIOri_precright","Beauty"
"S258",0.519768210790137,0.115416453234047,"AIForg_precright","Beauty"
"S259",0.64694377615678,1.07373506356923,"ForgOri_precright","Beauty"
"S259",0.350453186242242,0.669158082597014,"AIOri_precright","Beauty"
"S259",0.759219132406401,-0.410055528134617,"AIForg_precright","Beauty"
"S260",0.702720106009376,0.953405797914071,"ForgOri_precright","Beauty"
"S260",0.44331982915631,0.883132175212599,"AIOri_precright","Beauty"
"S260",0.687474091485123,-0.0649007301826938,"AIForg_precright","Beauty"
"S261",0.630981165008501,0.772884983958101,"ForgOri_precright","Beauty"
"S261",0.433594707650499,0.816543428451048,"AIOri_precright","Beauty"
"S261",0.913467066856661,0.087256815056814,"AIForg_precright","Beauty"
"S262",0.471439407483717,0.27869328011792,"ForgOri_precright","Beauty"
"S262",0.421019020108515,0.79999295465688,"AIOri_precright","Beauty"
"S262",0.472897323807752,0.451734177045429,"AIForg_precright","Beauty"
"S263",0.564739316715845,0.842213603430593,"ForgOri_precright","Beauty"
"S263",0.394621318060262,0.798909251082726,"AIOri_precright","Beauty"
"S263",0.639781877652169,-0.100571957999985,"AIForg_precright","Beauty"
"S264",0.664427580629982,1.18823171304706,"ForgOri_precright","Beauty"
"S264",0.563346876907393,1.00797523108478,"AIOri_precright","Beauty"
"S264",0.752786504045931,-0.291962674623157,"AIForg_precright","Beauty"
"S265",0.615784469452814,0.828577228063341,"ForgOri_precright","Beauty"
"S265",0.420980312039702,0.958516451929806,"AIOri_precright","Beauty"
"S265",0.764800994248415,0.0693696499398091,"AIForg_precright","Beauty"
"S266",0.593606764567381,0.80951698636189,"ForgOri_precright","Beauty"
"S266",0.474669144076698,0.927400255369467,"AIOri_precright","Beauty"
"S266",0.689707647515443,0.10169808873524,"AIForg_precright","Beauty"
"S268",0.838126439259025,1.07024529435903,"ForgOri_precright","Beauty"
"S268",0.484472066661778,0.822469624568489,"AIOri_precright","Beauty"
"S268",0.785745276214087,-0.234963073689811,"AIForg_precright","Beauty"
"S270",0.475261533385074,0.795777633816137,"ForgOri_precright","Beauty"
"S270",0.528479925991624,1.01555807217514,"AIOri_precright","Beauty"
"S270",0.665903514189827,0.235561675909991,"AIForg_precright","Beauty"
"S271",0.616289076443913,0.764738613213409,"ForgOri_precright","Beauty"
"S271",0.421762029983989,0.86449202373057,"AIOri_precright","Beauty"
"S271",0.784063102680115,0.119922664099898,"AIForg_precright","Beauty"
"S272",0.609399569342544,0.739164300097235,"ForgOri_precright","Beauty"
"S272",0.499055046759481,0.9563814630244,"AIOri_precright","Beauty"
"S272",0.838692710534562,0.133158073597641,"AIForg_precright","Beauty"
"S273",0.612834804062964,0.335951338032069,"ForgOri_precright","Beauty"
"S273",0.519030647279898,0.971295706853605,"AIOri_precright","Beauty"
"S273",0.663832751912593,0.700438449828261,"AIForg_precright","Beauty"
"S274",0.482235535413998,0.815984772397066,"ForgOri_precright","Beauty"
"S274",0.420005834831483,0.861562563279824,"AIOri_precright","Beauty"
"S274",0.546697827911493,-4.00273001259777e-05,"AIForg_precright","Beauty"
"S221",0.435734530336521,1.58803190311061,"Baseline_precleft","Beauty"
"S222",0.752321873611214,2.79629292375268,"Baseline_precleft","Beauty"
"S224",0.690633624027926,2.48288985739548,"Baseline_precleft","Beauty"
"S225",1.03826051433684,2.82952033909369,"Baseline_precleft","Beauty"
"S227",0.566259941639559,2.74681759574792,"Baseline_precleft","Beauty"
"S228",0.984784699729389,3.28830705517947,"Baseline_precleft","Beauty"
"S229",0.771596663602656,2.83339700313822,"Baseline_precleft","Beauty"
"S230",0.571043381067734,2.026369379871,"Baseline_precleft","Beauty"
"S231",0.48217747643277,1.68003002185967,"Baseline_precleft","Beauty"
"S232",0.658329831426355,2.46218378831254,"Baseline_precleft","Beauty"
"S233",0.865029351145754,3.13688883867372,"Baseline_precleft","Beauty"
"S234",0.940381387674641,3.65335375211232,"Baseline_precleft","Beauty"
"S235",0.776535191288993,3.4009647205983,"Baseline_precleft","Beauty"
"S236",0.524710453244643,1.85762816866942,"Baseline_precleft","Beauty"
"S237",0.316158568963119,1.47373387005989,"Baseline_precleft","Beauty"
"S238",0.895974737072742,3.14660864442508,"Baseline_precleft","Beauty"
"S239",0.341045206495012,1.48907185621249,"Baseline_precleft","Beauty"
"S240",0.835116802111592,3.60145879194376,"Baseline_precleft","Beauty"
"S241",0.829802062036644,3.14563859526837,"Baseline_precleft","Beauty"
"S242",0.834897125008361,3.66886585512754,"Baseline_precleft","Beauty"
"S243",0.604722853381938,2.38368835351001,"Baseline_precleft","Beauty"
"S244",0.377683659993391,1.28363947196226,"Baseline_precleft","Beauty"
"S245",0.835124842216572,2.30730622380448,"Baseline_precleft","Beauty"
"S246",0.696830513533857,2.37817889852481,"Baseline_precleft","Beauty"
"S247",0.357164049413692,1.59415832498856,"Baseline_precleft","Beauty"
"S248",0.564378912713663,2.00261593495964,"Baseline_precleft","Beauty"
"S249",0.548006507446393,2.33052136241396,"Baseline_precleft","Beauty"
"S250",0.959286980132887,3.1994371079851,"Baseline_precleft","Beauty"
"S251",1.01925609798258,2.29862225895518,"Baseline_precleft","Beauty"
"S252",0.533015665484327,2.2453299871335,"Baseline_precleft","Beauty"
"S253",0.284252409845526,1.40190381589643,"Baseline_precleft","Beauty"
"S254",0.65672712210111,2.68576063581336,"Baseline_precleft","Beauty"
"S255",0.72443946887517,2.65272519754375,"Baseline_precleft","Beauty"
"S256",0.699477511045429,4.14983657331657,"Baseline_precleft","Beauty"
"S257",0.247431475474221,1.36655169032042,"Baseline_precleft","Beauty"
"S258",0.385611923781952,1.42001954190717,"Baseline_precleft","Beauty"
"S259",0.410115365709868,2.32752665829744,"Baseline_precleft","Beauty"
"S260",0.602482295306983,2.77245222286927,"Baseline_precleft","Beauty"
"S261",0.911443386031486,3.14920329091963,"Baseline_precleft","Beauty"
"S262",0.415712146572888,1.92254618637379,"Baseline_precleft","Beauty"
"S263",0.497031170807962,1.7123954150095,"Baseline_precleft","Beauty"
"S264",0.741362418198615,3.20852229526916,"Baseline_precleft","Beauty"
"S265",0.371749528848235,1.27080777961392,"Baseline_precleft","Beauty"
"S266",0.902308298659727,3.26061727064923,"Baseline_precleft","Beauty"
"S268",0.450927537834973,1.88205969254958,"Baseline_precleft","Beauty"
"S270",0.675608036893439,2.42348686079805,"Baseline_precleft","Beauty"
"S271",0.484146727323114,2.20713048031828,"Baseline_precleft","Beauty"
"S272",0.613617065580676,3.3016118246183,"Baseline_precleft","Beauty"
"S273",0.814748685542162,3.17100079566484,"Baseline_precleft","Beauty"
"S274",0.883913973069167,2.9312914542582,"Baseline_precleft","Beauty"
"S221",0.180447198772037,0.126417890669999,"ForgOri_precleft","Beauty"
"S221",0.229231431332733,0.049478316917515,"AIOri_precleft","Beauty"
"S221",0.32592634205654,-0.0612183919133673,"AIForg_precleft","Beauty"
"S222",0.303585682505116,0.340431820107984,"ForgOri_precleft","Beauty"
"S222",0.321235494846573,-0.11635644496128,"AIOri_precleft","Beauty"
"S222",0.355361041623121,-0.445785264782843,"AIForg_precleft","Beauty"
"S224",0.366938297730781,0.243285160010542,"ForgOri_precleft","Beauty"
"S224",0.282314465098103,-0.257775985982664,"AIOri_precleft","Beauty"
"S224",0.368300933568589,-0.487795833439805,"AIForg_precleft","Beauty"
"S225",0.37135350436066,0.0708088731600856,"ForgOri_precleft","Beauty"
"S225",0.221554998043931,-0.196664953868619,"AIOri_precleft","Beauty"
"S225",0.370858646565472,-0.293952181985439,"AIForg_precleft","Beauty"
"S227",0.2912996266602,0.217266545330342,"ForgOri_precleft","Beauty"
"S227",0.292098719586897,0.0169030156617187,"AIOri_precleft","Beauty"
"S227",0.395302080648935,-0.142987905249685,"AIForg_precleft","Beauty"
"S228",0.366673053935974,0.431954384163924,"ForgOri_precleft","Beauty"
"S228",0.439727458332714,0.141985059018098,"AIOri_precleft","Beauty"
"S228",0.403304586449728,-0.332166386461956,"AIForg_precleft","Beauty"
"S229",0.291312476249952,0.139767051592011,"ForgOri_precleft","Beauty"
"S229",0.249508485824779,-0.0962430428928989,"AIOri_precleft","Beauty"
"S229",0.347179085537198,-0.269683462226166,"AIForg_precleft","Beauty"
"S230",0.195158578524133,0.203965904173567,"ForgOri_precleft","Beauty"
"S230",0.256946863736031,-0.00296907408479641,"AIOri_precleft","Beauty"
"S230",0.415756843711781,-0.202368395551229,"AIForg_precleft","Beauty"
"S231",0.268260199413784,0.108011479708968,"ForgOri_precleft","Beauty"
"S231",0.244931000615241,0.111784820478114,"AIOri_precleft","Beauty"
"S231",0.263426145993386,0.004778644230236,"AIForg_precleft","Beauty"
"S232",0.280497971160459,0.314760713217683,"ForgOri_precleft","Beauty"
"S232",0.268641796385246,0.0918437493284925,"AIOri_precleft","Beauty"
"S232",0.365638385937613,-0.319765426085162,"AIForg_precleft","Beauty"
"S233",0.404624515139968,-0.0355246905602074,"ForgOri_precleft","Beauty"
"S233",0.272496334774935,-0.158325754227441,"AIOri_precleft","Beauty"
"S233",0.486585719789003,-0.142389562183979,"AIForg_precleft","Beauty"
"S234",0.457704760913551,0.439211260386183,"ForgOri_precleft","Beauty"
"S234",0.289832172485591,-0.0103531877169118,"AIOri_precleft","Beauty"
"S234",0.481112901904002,-0.458567231187178,"AIForg_precleft","Beauty"
"S235",0.338056242821148,0.422370038358225,"ForgOri_precleft","Beauty"
"S235",0.347222985309526,-0.0469142872411874,"AIOri_precleft","Beauty"
"S235",0.362163296474559,-0.44075637324187,"AIForg_precleft","Beauty"
"S236",0.225382584981427,0.301189698293959,"ForgOri_precleft","Beauty"
"S236",0.229542678695901,0.174363057997588,"AIOri_precleft","Beauty"
"S236",0.339565374140074,-0.183771159333719,"AIForg_precleft","Beauty"
"S237",0.26263918200187,0.051772056359442,"ForgOri_precleft","Beauty"
"S237",0.168919346287106,0.0389690163351406,"AIOri_precleft","Beauty"
"S237",0.285013638962502,-0.0233368918141873,"AIForg_precleft","Beauty"
"S238",0.306461364536986,0.312583806342145,"ForgOri_precleft","Beauty"
"S238",0.187404509255527,-0.00756595560516504,"AIOri_precleft","Beauty"
"S238",0.427260167139945,-0.345484021376139,"AIForg_precleft","Beauty"
"S239",0.230767296657253,0.15943586720833,"ForgOri_precleft","Beauty"
"S239",0.211356786467738,-0.172025113090436,"AIOri_precleft","Beauty"
"S239",0.335696782020971,-0.307548571807941,"AIForg_precleft","Beauty"
"S240",0.32427769057658,0.423653690996615,"ForgOri_precleft","Beauty"
"S240",0.270357814597449,0.0785667627297897,"AIOri_precleft","Beauty"
"S240",0.374600669049483,-0.363204854499338,"AIForg_precleft","Beauty"
"S241",0.380792451918656,0.321396218186178,"ForgOri_precleft","Beauty"
"S241",0.372746120793692,0.135662974448249,"AIOri_precleft","Beauty"
"S241",0.464505104522807,-0.291498829379115,"AIForg_precleft","Beauty"
"S242",0.308975122627863,0.439344945646298,"ForgOri_precleft","Beauty"
"S242",0.301753577326322,0.180384661372766,"AIOri_precleft","Beauty"
"S242",0.339858101867596,-0.249414211715865,"AIForg_precleft","Beauty"
"S243",0.293429882799903,0.250276221515211,"ForgOri_precleft","Beauty"
"S243",0.242153674897257,-0.169718921097186,"AIOri_precleft","Beauty"
"S243",0.295206531925705,-0.414940327753287,"AIForg_precleft","Beauty"
"S244",0.267724333802204,0.14983975492125,"ForgOri_precleft","Beauty"
"S244",0.182593420889303,0.0505017239999832,"AIOri_precleft","Beauty"
"S244",0.289256393915253,-0.109247706639225,"AIForg_precleft","Beauty"
"S245",0.248001834069067,0.386752715325487,"ForgOri_precleft","Beauty"
"S245",0.334567144874918,0.0286410748232115,"AIOri_precleft","Beauty"
"S245",0.357101925830525,-0.296687981968214,"AIForg_precleft","Beauty"
"S246",0.283463894288853,0.127311114071044,"ForgOri_precleft","Beauty"
"S246",0.279764960083548,-0.269346777928405,"AIOri_precleft","Beauty"
"S246",0.358390451674708,-0.403836408802969,"AIForg_precleft","Beauty"
"S247",0.217243594375047,0.0752215195822072,"ForgOri_precleft","Beauty"
"S247",0.25275954885988,0.0291694659142944,"AIOri_precleft","Beauty"
"S247",0.291156772808593,0.0118101620479339,"AIForg_precleft","Beauty"
"S248",0.304712289653045,0.235316341395188,"ForgOri_precleft","Beauty"
"S248",0.203315783179666,0.0377455194672255,"AIOri_precleft","Beauty"
"S248",0.296302048307851,-0.132446482302943,"AIForg_precleft","Beauty"
"S249",0.235581793177977,0.0775188674827323,"ForgOri_precleft","Beauty"
"S249",0.246780872624189,0.0986317168430587,"AIOri_precleft","Beauty"
"S249",0.36578556729721,-0.0482742613434897,"AIForg_precleft","Beauty"
"S250",0.323960067402262,0.195102154358384,"ForgOri_precleft","Beauty"
"S250",0.273925678808064,-0.181428956406372,"AIOri_precleft","Beauty"
"S250",0.38369813356386,-0.360660756857935,"AIForg_precleft","Beauty"
"S251",0.349699975541711,0.0602071456427627,"ForgOri_precleft","Beauty"
"S251",0.236671260403498,0.00487189458744541,"AIOri_precleft","Beauty"
"S251",0.351738391213387,-0.132242895658212,"AIForg_precleft","Beauty"
"S252",0.314129270137204,0.446955078829846,"ForgOri_precleft","Beauty"
"S252",0.200259885676129,0.0589252064366739,"AIOri_precleft","Beauty"
"S252",0.349861951584116,-0.376361439600855,"AIForg_precleft","Beauty"
"S253",0.216608219232485,0.033516172154952,"ForgOri_precleft","Beauty"
"S253",0.155762534312447,-0.148912133632034,"AIOri_precleft","Beauty"
"S253",0.296634410851506,-0.177975734525744,"AIForg_precleft","Beauty"
"S254",0.332646065368222,0.407439671640801,"ForgOri_precleft","Beauty"
"S254",0.330194279045608,0.116838030713967,"AIOri_precleft","Beauty"
"S254",0.379217215291839,-0.30050572055085,"AIForg_precleft","Beauty"
"S255",0.342355049972093,0.286126624870562,"ForgOri_precleft","Beauty"
"S255",0.267664420923049,-0.0618157437619357,"AIOri_precleft","Beauty"
"S255",0.362012547091191,-0.368541492369372,"AIForg_precleft","Beauty"
"S256",0.384160491980539,0.445944559529298,"ForgOri_precleft","Beauty"
"S256",0.29582842851109,-0.212714304743873,"AIOri_precleft","Beauty"
"S256",0.428629040962567,-0.626718691216358,"AIForg_precleft","Beauty"
"S257",0.283234382711525,0.191419835095363,"ForgOri_precleft","Beauty"
"S257",0.189466293763479,0.0894922411506731,"AIOri_precleft","Beauty"
"S257",0.296633052225516,-0.0649004631325857,"AIForg_precleft","Beauty"
"S258",0.21525975399288,0.137138898258673,"ForgOri_precleft","Beauty"
"S258",0.202394628464405,-0.00551713372896379,"AIOri_precleft","Beauty"
"S258",0.253117265355721,-0.130694437174228,"AIForg_precleft","Beauty"
"S259",0.291179325186097,0.2269307250957,"ForgOri_precleft","Beauty"
"S259",0.237461623149776,-0.1937722165935,"AIOri_precleft","Beauty"
"S259",0.329650054731131,-0.450524561215888,"AIForg_precleft","Beauty"
"S260",0.310952302301369,0.133531115255204,"ForgOri_precleft","Beauty"
"S260",0.258378657121419,0.0802194983031601,"AIOri_precleft","Beauty"
"S260",0.3575916033212,0.00802834354818138,"AIForg_precleft","Beauty"
"S261",0.333216267979623,0.296045191478425,"ForgOri_precleft","Beauty"
"S261",0.224703196479199,-0.110111484634643,"AIOri_precleft","Beauty"
"S261",0.435079224056244,-0.391511368855525,"AIForg_precleft","Beauty"
"S262",0.283731574923084,0.0669382840906142,"ForgOri_precleft","Beauty"
"S262",0.215804127598679,-0.113212732322259,"AIOri_precleft","Beauty"
"S262",0.31548717239744,-0.164519400221748,"AIForg_precleft","Beauty"
"S263",0.208782072238566,0.278482580733626,"ForgOri_precleft","Beauty"
"S263",0.28330894258099,0.0390169583453216,"AIOri_precleft","Beauty"
"S263",0.326506402698118,-0.181664027912844,"AIForg_precleft","Beauty"
"S264",0.340193925279599,0.357879192672789,"ForgOri_precleft","Beauty"
"S264",0.376479300901437,0.213733914271802,"AIOri_precleft","Beauty"
"S264",0.469846792293606,-0.190679043380391,"AIForg_precleft","Beauty"
"S265",0.258033961051335,0.0757941824045425,"ForgOri_precleft","Beauty"
"S265",0.263499664248211,-0.116983516426966,"AIOri_precleft","Beauty"
"S265",0.240863802250855,-0.183495706894839,"AIForg_precleft","Beauty"
"S266",0.382543162243874,0.264214567432677,"ForgOri_precleft","Beauty"
"S266",0.339526845523605,-0.00699411257345472,"AIOri_precleft","Beauty"
"S266",0.511562086340016,-0.304785422319973,"AIForg_precleft","Beauty"
"S268",0.265630232741161,0.153102669480443,"ForgOri_precleft","Beauty"
"S268",0.214808867099924,-0.0383504528254067,"AIOri_precleft","Beauty"
"S268",0.306382838828782,-0.223311854217409,"AIForg_precleft","Beauty"
"S270",0.243426437855904,0.268939870446862,"ForgOri_precleft","Beauty"
"S270",0.208041659367209,-0.0714254702444097,"AIOri_precleft","Beauty"
"S270",0.309391360844519,-0.393859708271797,"AIForg_precleft","Beauty"
"S271",0.250409351209424,0.144922900026937,"ForgOri_precleft","Beauty"
"S271",0.217795183746508,-0.158547295494264,"AIOri_precleft","Beauty"
"S271",0.274679281610469,-0.31589529001331,"AIForg_precleft","Beauty"
"S272",0.334207879527495,0.12154141010616,"ForgOri_precleft","Beauty"
"S272",0.345532626481795,-0.177726660539304,"AIOri_precleft","Beauty"
"S272",0.461431482524763,-0.317730269190156,"AIForg_precleft","Beauty"
"S273",0.385295100576711,0.165112344947954,"ForgOri_precleft","Beauty"
"S273",0.330171206282703,-0.0933180317919178,"AIOri_precleft","Beauty"
"S273",0.436227912671015,-0.241136434574511,"AIForg_precleft","Beauty"
"S274",0.273819989914961,0.381132436544491,"ForgOri_precleft","Beauty"
"S274",0.25596566998873,0.0435263545146969,"AIOri_precleft","Beauty"
"S274",0.316571556155987,-0.321141066229532,"AIForg_precleft","Beauty"
"S275",0.0359631043319412,0.459059235381201,"Baseline_resp","Beauty"
"S276",0.0162020048557759,0.517556247954207,"Baseline_resp","Beauty"
"S277",0.0155436500515306,0.466808105611586,"Baseline_resp","Beauty"
"S278",0.0327270028202404,0.560338764655256,"Baseline_resp","Beauty"
"S279",0.0377230085058079,0.450391302087934,"Baseline_resp","Beauty"
"S280",0.0192782471771006,0.443170301381927,"Baseline_resp","Beauty"
"S281",0.0291201049142049,0.482578433872659,"Baseline_resp","Beauty"
"S282",0.0196538653401173,0.607277887153688,"Baseline_resp","Beauty"
"S285",0.0279413051974495,0.602973899690908,"Baseline_resp","Beauty"
"S287",0.0196156224059394,0.558403215114442,"Baseline_resp","Beauty"
"S288",0.0316610786715954,0.640028464141279,"Baseline_resp","Beauty"
"S289",0.0320798614326994,0.609646705846509,"Baseline_resp","Beauty"
"S290",0.0265354703702251,0.535385866545574,"Baseline_resp","Beauty"
"S291",0.0239423276882225,0.461960021187974,"Baseline_resp","Beauty"
"S292",0.0145325627183082,0.504708316259779,"Baseline_resp","Beauty"
"S293",0.0171028991353746,0.46128125082398,"Baseline_resp","Beauty"
"S295",0.0171186928847192,0.502403855284523,"Baseline_resp","Beauty"
"S296",0.0217121535718921,0.402822506175064,"Baseline_resp","Beauty"
"S297",0.0296149107660526,0.508170217387484,"Baseline_resp","Beauty"
"S298",0.020071203161624,0.551205274779241,"Baseline_resp","Beauty"
"S299",0.019265160275859,0.627546533020103,"Baseline_resp","Beauty"
"S300",0.0274460974296689,0.488345650174663,"Baseline_resp","Beauty"
"S301",0.0172304700903898,0.502063809093718,"Baseline_resp","Beauty"
"S302",0.0198925057177239,0.469336531714898,"Baseline_resp","Beauty"
"S304",0.016229219321555,0.504483087678615,"Baseline_resp","Beauty"
"S305",0.0211907425294483,0.566162227578283,"Baseline_resp","Beauty"
"S308",0.0299817516244495,0.584326298277657,"Baseline_resp","Beauty"
"S309",0.0234023414002249,0.631486159569907,"Baseline_resp","Beauty"
"S310",0.0296468894292169,0.407979022080676,"Baseline_resp","Beauty"
"S311",0.0211506774102891,0.503602999737459,"Baseline_resp","Beauty"
"S313",0.0192978742196055,0.568432166000713,"Baseline_resp","Beauty"
"S314",0.0144636974137368,0.633451946525992,"Baseline_resp","Beauty"
"S315",0.0287033612006857,0.547846926168481,"Baseline_resp","Beauty"
"S316",0.0299203420022666,0.737203914228033,"Baseline_resp","Beauty"
"S317",0.0229517696985302,0.555537320776395,"Baseline_resp","Beauty"
"S318",0.0278765308623939,0.424647765542101,"Baseline_resp","Beauty"
"S319",0.0248612822726085,0.453365420774808,"Baseline_resp","Beauty"
"S321",0.0245062532567888,0.487188128896175,"Baseline_resp","Beauty"
"S322",0.0176441553839701,0.540971794675136,"Baseline_resp","Beauty"
"S323",0.023874119192842,0.480046107475453,"Baseline_resp","Beauty"
"S324",0.0384865106432893,0.468385168838266,"Baseline_resp","Beauty"
"S325",0.0221773613808766,0.484211807572134,"Baseline_resp","Beauty"
"S326",0.0478034020250391,0.476751245385846,"Baseline_resp","Beauty"
"S327",0.0277430563566366,0.514706653864816,"Baseline_resp","Beauty"
"S329",0.0288454775179511,0.43573004194552,"Baseline_resp","Beauty"
"S330",0.014648209886121,0.567611411630985,"Baseline_resp","Beauty"
"S331",0.0221185972395717,0.456230430389382,"Baseline_resp","Beauty"
"S332",0.0185713128116434,0.57098900841292,"Baseline_resp","Beauty"
"S334",0.0395644607972603,0.354606927899667,"Baseline_resp","Beauty"
"S335",0.0194685815844166,0.677476349996204,"Baseline_resp","Beauty"
"S275",0.0242254003994965,-0.0262829227646353,"ForgOri_resp","Beauty"
"S275",0.0327161735217989,-0.0460513864918498,"AIOri_resp","Beauty"
"S275",0.0296238389213259,-0.0210248867208027,"AIForg_resp","Beauty"
"S276",0.0122187639057653,-0.00161326969718717,"ForgOri_resp","Beauty"
"S276",0.0213184592740142,-0.0757533499677795,"AIOri_resp","Beauty"
"S276",0.0210092596345412,-0.0745182322747257,"AIForg_resp","Beauty"
"S277",0.0148752936370469,-0.0409447522163403,"ForgOri_resp","Beauty"
"S277",0.0142033115463398,-0.0396324859703051,"AIOri_resp","Beauty"
"S277",0.0194269802514557,0.00256398185520548,"AIForg_resp","Beauty"
"S278",0.0217838424897684,-0.122003871621009,"ForgOri_resp","Beauty"
"S278",0.0444036894899533,-0.167680480766884,"AIOri_resp","Beauty"
"S278",0.0356016824774811,-0.048548469935206,"AIForg_resp","Beauty"
"S279",0.0247866725964983,-0.000542063654475067,"ForgOri_resp","Beauty"
"S279",0.044219362252702,-0.0497211377177316,"AIOri_resp","Beauty"
"S279",0.0368652669212312,-0.05431895844914,"AIForg_resp","Beauty"
"S280",0.0189330331415591,-0.0521712430291518,"ForgOri_resp","Beauty"
"S280",0.0336572875930056,-0.0103510958375422,"AIOri_resp","Beauty"
"S280",0.038286104248505,0.0393533363743968,"AIForg_resp","Beauty"
"S281",0.0265317774649596,-0.142746618182668,"ForgOri_resp","Beauty"
"S281",0.0362167331913264,-0.124370680566438,"AIOri_resp","Beauty"
"S281",0.0376961866347532,0.0198922094307368,"AIForg_resp","Beauty"
"S282",0.0175777619069926,-0.0546483242227492,"ForgOri_resp","Beauty"
"S282",0.0214566941907497,-0.0682225007664718,"AIOri_resp","Beauty"
"S282",0.0228638634324385,-0.0176852618266691,"AIForg_resp","Beauty"
"S285",0.017250119921652,-0.0187800585766689,"ForgOri_resp","Beauty"
"S285",0.0211033495510012,-0.0802096260262717,"AIOri_resp","Beauty"
"S285",0.0263140267157566,-0.0584609208325145,"AIForg_resp","Beauty"
"S287",0.0146211760789861,-0.00868219887460259,"ForgOri_resp","Beauty"
"S287",0.0187283480969926,-0.0522291762377731,"AIOri_resp","Beauty"
"S287",0.019779289062201,-0.0442376335261077,"AIForg_resp","Beauty"
"S288",0.0280957906956883,-0.0297924033257777,"ForgOri_resp","Beauty"
"S288",0.0393518134776695,-0.0194329689675274,"AIOri_resp","Beauty"
"S288",0.047578268801072,0.0138630247369373,"AIForg_resp","Beauty"
"S289",0.0324374656072083,-0.0663585988587862,"ForgOri_resp","Beauty"
"S289",0.0322039824197823,-0.157210979524942,"AIOri_resp","Beauty"
"S289",0.0428465140231817,-0.0985067235655546,"AIForg_resp","Beauty"
"S290",0.0246008139455051,-0.144081425618556,"ForgOri_resp","Beauty"
"S290",0.0296584097358917,-0.094372215812347,"AIOri_resp","Beauty"
"S290",0.0328480162813338,0.0545633422789926,"AIForg_resp","Beauty"
"S291",0.0211573060666241,-0.0275225102745941,"ForgOri_resp","Beauty"
"S291",0.0283953960750687,-0.0727736857116278,"AIOri_resp","Beauty"
"S291",0.0223932480628352,-0.0461417142244761,"AIForg_resp","Beauty"
"S292",0.0140762615641978,-0.0212944749005554,"ForgOri_resp","Beauty"
"S292",0.0215483444343603,-0.0311145974100185,"AIOri_resp","Beauty"
"S292",0.0194972868517369,-0.0103094847742515,"AIForg_resp","Beauty"
"S293",0.0112283644116512,-0.00221864755262527,"ForgOri_resp","Beauty"
"S293",0.0162608378272124,0.00387060790746646,"AIOri_resp","Beauty"
"S293",0.0106520423101214,0.00722662190824239,"AIForg_resp","Beauty"
"S295",0.010248446908232,-0.0242242877809619,"ForgOri_resp","Beauty"
"S295",0.015639868405923,-0.04218087980596,"AIOri_resp","Beauty"
"S295",0.0176864892313248,-0.0173854350472518,"AIForg_resp","Beauty"
"S296",0.0134624260104367,-0.0328275974755192,"ForgOri_resp","Beauty"
"S296",0.0209677452683432,0.0283634074763339,"AIOri_resp","Beauty"
"S296",0.0204181412012693,0.0641971359275577,"AIForg_resp","Beauty"
"S297",0.0137946850759792,-0.137867729304065,"ForgOri_resp","Beauty"
"S297",0.0272785262511859,-0.143103395563809,"AIOri_resp","Beauty"
"S297",0.0302382559389618,-0.00528483200924273,"AIForg_resp","Beauty"
"S298",0.0197954297995826,-0.0483777582535812,"ForgOri_resp","Beauty"
"S298",0.0225037685877674,-0.0243700054698122,"AIOri_resp","Beauty"
"S298",0.0270306730004321,0.0261873972115503,"AIForg_resp","Beauty"
"S299",0.015450581306398,-0.0159447854908685,"ForgOri_resp","Beauty"
"S299",0.0217512743973773,-0.0692903664941331,"AIOri_resp","Beauty"
"S299",0.0230218425740542,-0.0525304188666899,"AIForg_resp","Beauty"
"S300",0.0205562567031242,0.0159371625992258,"ForgOri_resp","Beauty"
"S300",0.031221467012593,-0.0171579890682216,"AIOri_resp","Beauty"
"S300",0.0261469802756564,-0.040812113654882,"AIForg_resp","Beauty"
"S301",0.023261315727108,-0.0708117613169688,"ForgOri_resp","Beauty"
"S301",0.0196960727508524,-0.0553032629877081,"AIOri_resp","Beauty"
"S301",0.0211449317162919,0.0126594428592943,"AIForg_resp","Beauty"
"S302",0.0149045737644789,0.00484411098856699,"ForgOri_resp","Beauty"
"S302",0.0217389859163632,-0.0667872630771013,"AIOri_resp","Beauty"
"S302",0.0190821932346167,-0.0745188688580736,"AIForg_resp","Beauty"
"S304",0.0126470814861252,0.0015426429832896,"ForgOri_resp","Beauty"
"S304",0.0183023090910863,-0.0258217068207319,"AIOri_resp","Beauty"
"S304",0.0220865873974116,-0.0256099650913531,"AIForg_resp","Beauty"
"S305",0.0128278935461391,0.00224892449351177,"ForgOri_resp","Beauty"
"S305",0.0224874666514895,-0.047726922829024,"AIOri_resp","Beauty"
"S305",0.0224441569855505,-0.0506159986460675,"AIForg_resp","Beauty"
"S308",0.0174398689972092,0.0131353306677433,"ForgOri_resp","Beauty"
"S308",0.0274034873597947,0.0292856298528636,"AIOri_resp","Beauty"
"S308",0.026648748478403,0.0202281122912906,"AIForg_resp","Beauty"
"S309",0.0294143241249529,-0.107137457392582,"ForgOri_resp","Beauty"
"S309",0.0370544459090696,-0.0828818647553468,"AIOri_resp","Beauty"
"S309",0.0371576933946053,0.0225774584395305,"AIForg_resp","Beauty"
"S310",0.0191186669407389,-0.0699537403614283,"ForgOri_resp","Beauty"
"S310",0.0278396866802453,0.00821270744410066,"AIOri_resp","Beauty"
"S310",0.0279682042327625,0.0786021696619299,"AIForg_resp","Beauty"
"S311",0.0203972505092977,-0.0525041381935424,"ForgOri_resp","Beauty"
"S311",0.0229580765317827,-0.105875337368278,"AIOri_resp","Beauty"
"S311",0.0212035496904373,-0.0532328164188259,"AIForg_resp","Beauty"
"S313",0.014467864107575,-0.0115459327247554,"ForgOri_resp","Beauty"
"S313",0.0167673767756956,-0.0165612180407229,"AIOri_resp","Beauty"
"S313",0.0216347322807842,-0.00448968100029035,"AIForg_resp","Beauty"
"S314",0.0140587284568236,-0.0304822477636829,"ForgOri_resp","Beauty"
"S314",0.0160524222804917,-0.0483445559455963,"AIOri_resp","Beauty"
"S314",0.0160233719730604,-0.0182567946411799,"AIForg_resp","Beauty"
"S315",0.024543611504378,-0.0435085360248596,"ForgOri_resp","Beauty"
"S315",0.0477788886823567,-0.0620951235034178,"AIOri_resp","Beauty"
"S315",0.0386799845431024,-0.0179769262967444,"AIForg_resp","Beauty"
"S316",0.0296186294933488,-0.0902514863056447,"ForgOri_resp","Beauty"
"S316",0.0395333861365995,-0.0951938906793917,"AIOri_resp","Beauty"
"S316",0.0537038501422346,-0.0104936727436556,"AIForg_resp","Beauty"
"S317",0.0161120906775641,-0.0441833340399155,"ForgOri_resp","Beauty"
"S317",0.0212605226346838,-0.0310877273906776,"AIOri_resp","Beauty"
"S317",0.0256736129692207,0.0122697430723036,"AIForg_resp","Beauty"
"S318",0.0209560639234337,-0.0643194936610463,"ForgOri_resp","Beauty"
"S318",0.0296919289704118,-0.0833026121330312,"AIOri_resp","Beauty"
"S318",0.02277547400328,-0.0181050275193376,"AIForg_resp","Beauty"
"S319",0.0143832154071194,-0.0118920097254002,"ForgOri_resp","Beauty"
"S319",0.0264222511336719,-0.0485307166125865,"AIOri_resp","Beauty"
"S319",0.0231024069885072,-0.039411318114371,"AIForg_resp","Beauty"
"S321",0.0227695082416274,-0.0307587652750875,"ForgOri_resp","Beauty"
"S321",0.0416206905461548,-0.0175284693560982,"AIOri_resp","Beauty"
"S321",0.0443684834028841,0.0168800975631816,"AIForg_resp","Beauty"
"S322",0.0182191885040148,-0.0627162017268968,"ForgOri_resp","Beauty"
"S322",0.0238702396490312,-0.0478467431541355,"AIOri_resp","Beauty"
"S322",0.029666328161724,0.0131913681053513,"AIForg_resp","Beauty"
"S323",0.0207723528121107,0.0210993255002184,"ForgOri_resp","Beauty"
"S323",0.0259428723638025,0.0158393031831745,"AIOri_resp","Beauty"
"S323",0.0215036464734667,-4.71825502944556e-05,"AIForg_resp","Beauty"
"S324",0.0234292474441046,-0.151970588909711,"ForgOri_resp","Beauty"
"S324",0.0300774532826455,-0.13395601614365,"AIOri_resp","Beauty"
"S324",0.0318333125894075,0.0164313133840169,"AIForg_resp","Beauty"
"S325",0.0174038995491746,0.00642137290113043,"ForgOri_resp","Beauty"
"S325",0.0263560917210501,-0.0285865474130622,"AIOri_resp","Beauty"
"S325",0.0268835255578744,-0.0340611668076422,"AIForg_resp","Beauty"
"S326",0.0405700873530172,0.0144687894189831,"ForgOri_resp","Beauty"
"S326",0.0591189114763778,-0.0748558034845742,"AIOri_resp","Beauty"
"S326",0.0529980739450903,-0.082030033727558,"AIForg_resp","Beauty"
"S327",0.0214308998805495,-0.0121700591007469,"ForgOri_resp","Beauty"
"S327",0.0274783456272312,-0.0761631790039961,"AIOri_resp","Beauty"
"S327",0.0292061990110602,-0.0666283609261568,"AIForg_resp","Beauty"
"S329",0.0142609521619512,-0.0499682388209445,"ForgOri_resp","Beauty"
"S329",0.0209425142740684,-0.0563464221950827,"AIOri_resp","Beauty"
"S329",0.0228928659473651,-0.000786384136040957,"AIForg_resp","Beauty"
"S330",0.0164246838192507,-0.0312882101057583,"ForgOri_resp","Beauty"
"S330",0.0212750509506148,-0.0371140574148426,"AIOri_resp","Beauty"
"S330",0.0171012290813084,-0.00563817008065332,"AIForg_resp","Beauty"
"S331",0.0164207528086237,-0.0205190526391047,"ForgOri_resp","Beauty"
"S331",0.0281997256140692,-0.0435571421851207,"AIOri_resp","Beauty"
"S331",0.0296338720952112,-0.0235109974587478,"AIForg_resp","Beauty"
"S332",0.0156851914054502,-0.0625854605802453,"ForgOri_resp","Beauty"
"S332",0.0292800011198569,-0.0900310193126071,"AIOri_resp","Beauty"
"S332",0.0260362704717531,-0.0257635491772269,"AIForg_resp","Beauty"
"S334",0.0179357318379075,-0.0121189367457717,"ForgOri_resp","Beauty"
"S334",0.0356616105698335,-0.0215506109738078,"AIOri_resp","Beauty"
"S334",0.0334429134755927,-0.00296404990604257,"AIForg_resp","Beauty"
"S335",0.028876820302217,-0.0735951005051508,"ForgOri_resp","Beauty"
"S335",0.0293994565888272,-0.0576943744786255,"AIOri_resp","Beauty"
"S335",0.0383517298628959,0.0187790754741242,"AIForg_resp","Beauty"
"S275",0.0737153515201837,0.471887956694742,"Baseline_mu","Beauty"
"S276",0.0499885248044872,0.657907972991974,"Baseline_mu","Beauty"
"S277",0.0645728902671457,0.364481995593781,"Baseline_mu","Beauty"
"S278",0.0529669660651961,0.652675771438125,"Baseline_mu","Beauty"
"S279",0.0744621868866263,0.437575378171015,"Baseline_mu","Beauty"
"S280",0.0597028732454642,0.486215095478139,"Baseline_mu","Beauty"
"S281",0.074433091539697,0.584892544665407,"Baseline_mu","Beauty"
"S282",0.0690843387022041,0.85627784935488,"Baseline_mu","Beauty"
"S285",0.0657154559242618,0.779022886648577,"Baseline_mu","Beauty"
"S287",0.0682004111724559,0.691939360213695,"Baseline_mu","Beauty"
"S288",0.0612844210485247,0.782994657080928,"Baseline_mu","Beauty"
"S289",0.0694521132743997,0.745911587643863,"Baseline_mu","Beauty"
"S290",0.0672011192320515,0.605564041706873,"Baseline_mu","Beauty"
"S291",0.0617322408111094,0.53412357806682,"Baseline_mu","Beauty"
"S292",0.083268584861226,0.584330322893977,"Baseline_mu","Beauty"
"S293",0.0866250143606455,0.487161682609509,"Baseline_mu","Beauty"
"S295",0.0655835895807106,0.546645008829297,"Baseline_mu","Beauty"
"S296",0.0770785542632214,0.224045463579297,"Baseline_mu","Beauty"
"S297",0.0602849014932516,0.680689845539825,"Baseline_mu","Beauty"
"S298",0.0597858646383552,0.66396353762805,"Baseline_mu","Beauty"
"S299",0.051792367739322,0.781144482070052,"Baseline_mu","Beauty"
"S300",0.0813410071644013,0.535728751382687,"Baseline_mu","Beauty"
"S301",0.0834862022138331,0.582237031466621,"Baseline_mu","Beauty"
"S302",0.0831960715144366,0.386453069353139,"Baseline_mu","Beauty"
"S304",0.0804313326492873,0.550142745633864,"Baseline_mu","Beauty"
"S305",0.0692115562867794,0.757767237209268,"Baseline_mu","Beauty"
"S308",0.0663148350559812,0.692794304212293,"Baseline_mu","Beauty"
"S309",0.0473590212067512,0.782405631214069,"Baseline_mu","Beauty"
"S310",0.0796688162719098,0.280175826667666,"Baseline_mu","Beauty"
"S311",0.0821232129855624,0.562768127879491,"Baseline_mu","Beauty"
"S313",0.0532831563614266,0.824912228069514,"Baseline_mu","Beauty"
"S314",0.0362538494974084,0.93339947182882,"Baseline_mu","Beauty"
"S315",0.0690075247035296,0.731821314702856,"Baseline_mu","Beauty"
"S316",0.0394328475167156,0.855232233932708,"Baseline_mu","Beauty"
"S317",0.0530166000771913,0.638975324952717,"Baseline_mu","Beauty"
"S318",0.0731909702615693,0.426699802991686,"Baseline_mu","Beauty"
"S319",0.100691566034895,0.421325648754481,"Baseline_mu","Beauty"
"S321",0.0459359531833093,0.456201371083726,"Baseline_mu","Beauty"
"S322",0.0710672260895574,0.735376228728116,"Baseline_mu","Beauty"
"S323",0.0745346684677839,0.474105731035691,"Baseline_mu","Beauty"
"S324",0.0922861717438828,0.519843058130946,"Baseline_mu","Beauty"
"S325",0.0633649359430041,0.40415388133146,"Baseline_mu","Beauty"
"S326",0.0796996828537781,0.574446069471947,"Baseline_mu","Beauty"
"S327",0.070549162594984,0.60024252087107,"Baseline_mu","Beauty"
"S329",0.069334654536726,0.463200183661085,"Baseline_mu","Beauty"
"S330",0.0609948606455157,0.778251469176628,"Baseline_mu","Beauty"
"S331",0.0852594248163556,0.418031305610872,"Baseline_mu","Beauty"
"S332",0.0546720165410901,0.845802434171389,"Baseline_mu","Beauty"
"S334",0.060058157845867,0.264445404230267,"Baseline_mu","Beauty"
"S335",0.0422828410720804,0.779039216272925,"Baseline_mu","Beauty"
"S275",0.0474479527558453,-0.0603086755106956,"ForgOri_mu","Beauty"
"S275",0.0988850404890074,-0.0593955667821596,"AIOri_mu","Beauty"
"S275",0.0697145599743109,-0.00664025250238043,"AIForg_mu","Beauty"
"S276",0.0436742062946666,0.0122077577320993,"ForgOri_mu","Beauty"
"S276",0.0941941480070792,-0.24375169642843,"AIOri_mu","Beauty"
"S276",0.0845175850098031,-0.255613284287239,"AIForg_mu","Beauty"
"S277",0.0523635050572008,-0.126439865907303,"ForgOri_mu","Beauty"
"S277",0.0984699152136466,-0.116417257591292,"AIOri_mu","Beauty"
"S277",0.0819080938738154,0.0231868062397885,"AIForg_mu","Beauty"
"S278",0.044417782515208,-0.203409531258561,"ForgOri_mu","Beauty"
"S278",0.0636843977869992,-0.276048360144072,"AIOri_mu","Beauty"
"S278",0.0676211642727046,-0.0636101505649396,"AIForg_mu","Beauty"
"S279",0.0702696031497629,-0.00239763250814456,"ForgOri_mu","Beauty"
"S279",0.0867096772981622,-0.0872447816612054,"AIOri_mu","Beauty"
"S279",0.0939548268898797,-0.0838614629036966,"AIForg_mu","Beauty"
"S280",0.0610695662669453,-0.0735090933097516,"ForgOri_mu","Beauty"
"S280",0.0762290802509043,-0.0518381376553622,"AIOri_mu","Beauty"
"S280",0.0887188450247207,0.0105313747149783,"AIForg_mu","Beauty"
"S281",0.0494813460328255,-0.206980127367207,"ForgOri_mu","Beauty"
"S281",0.0697329477952076,-0.217215595215827,"AIOri_mu","Beauty"
"S281",0.0670975240557688,0.00749033463082596,"AIForg_mu","Beauty"
"S282",0.0424700099954433,-0.120341026740655,"ForgOri_mu","Beauty"
"S282",0.0985008554822891,-0.157414881801685,"AIOri_mu","Beauty"
"S282",0.0914024773312288,-0.0443071864434516,"AIForg_mu","Beauty"
"S285",0.0473018722474453,-0.0554266716667891,"ForgOri_mu","Beauty"
"S285",0.0694514095365312,-0.1507373696203,"AIOri_mu","Beauty"
"S285",0.0718168378961945,-0.0734951174741629,"AIForg_mu","Beauty"
"S287",0.0479295029521222,0.00850395875085319,"ForgOri_mu","Beauty"
"S287",0.112743203389355,-0.151096164851904,"AIOri_mu","Beauty"
"S287",0.0974534538987626,-0.165246848894032,"AIForg_mu","Beauty"
"S288",0.05427315496897,-0.0405597860287256,"ForgOri_mu","Beauty"
"S288",0.0651317177247743,0.0102354274034154,"AIOri_mu","Beauty"
"S288",0.0779103079569839,0.0517822605078009,"AIForg_mu","Beauty"
"S289",0.06146229934212,-0.129319703636726,"ForgOri_mu","Beauty"
"S289",0.0933546306933795,-0.270415885877081,"AIOri_mu","Beauty"
"S289",0.0934050901309169,-0.14056166072623,"AIForg_mu","Beauty"
"S290",0.046931968111974,-0.255250727038804,"ForgOri_mu","Beauty"
"S290",0.0705321468197973,-0.1770268712518,"AIOri_mu","Beauty"
"S290",0.0697654693088401,0.0839572598081327,"AIForg_mu","Beauty"
"S291",0.0580392674943422,-0.0430578701005784,"ForgOri_mu","Beauty"
"S291",0.0796584005283172,-0.146895587509021,"AIOri_mu","Beauty"
"S291",0.0848575933373274,-0.109700892359288,"AIForg_mu","Beauty"
"S292",0.045239189617846,-0.0647622330007303,"ForgOri_mu","Beauty"
"S292",0.0986597550567269,-0.103666095811618,"AIOri_mu","Beauty"
"S292",0.0984410353437951,-0.043125798668966,"AIForg_mu","Beauty"
"S293",0.098240774473197,0.0053883976136257,"ForgOri_mu","Beauty"
"S293",0.0977096614747715,7.13192381024408e-06,"AIOri_mu","Beauty"
"S293",0.0980079327001852,0.00284158142571989,"AIForg_mu","Beauty"
"S295",0.0437238599552166,-0.0886859370173814,"ForgOri_mu","Beauty"
"S295",0.0788828858741477,-0.0790269341341283,"AIOri_mu","Beauty"
"S295",0.0634931841904118,0.0130161996708434,"AIForg_mu","Beauty"
"S296",0.0532933489459016,0.0207512206859543,"ForgOri_mu","Beauty"
"S296",0.0804824714750357,0.0870508243853779,"AIOri_mu","Beauty"
"S296",0.0639621340505656,0.0616640614767536,"AIForg_mu","Beauty"
"S297",0.0474545959139969,-0.262628392375428,"ForgOri_mu","Beauty"
"S297",0.0760142237467759,-0.286870405259511,"AIOri_mu","Beauty"
"S297",0.0732574723253877,-0.018310198748321,"AIForg_mu","Beauty"
"S298",0.0587647582041233,-0.136072239393885,"ForgOri_mu","Beauty"
"S298",0.0835872189469462,-0.0309629773207613,"AIOri_mu","Beauty"
"S298",0.0833497559115173,0.129867639893265,"AIForg_mu","Beauty"
"S299",0.0462604950460274,-0.024385743976008,"ForgOri_mu","Beauty"
"S299",0.0714939035898774,-0.131084004404862,"AIOri_mu","Beauty"
"S299",0.0754010711782323,-0.120729194771463,"AIForg_mu","Beauty"
"S300",0.0634808466842562,0.0686521397905035,"ForgOri_mu","Beauty"
"S300",0.105829986292486,-0.00211919735291166,"AIOri_mu","Beauty"
"S300",0.0930090781990438,-0.0656696437521391,"AIForg_mu","Beauty"
"S301",0.0643612681910367,-0.181589542087549,"ForgOri_mu","Beauty"
"S301",0.101695474367773,-0.136312562163915,"AIOri_mu","Beauty"
"S301",0.0767124827847568,0.0359466073854795,"AIForg_mu","Beauty"
"S302",0.0603788235402445,0.035472515607539,"ForgOri_mu","Beauty"
"S302",0.075635684477281,-0.208186802319128,"AIOri_mu","Beauty"
"S302",0.0592042972902185,-0.250340194857596,"AIForg_mu","Beauty"
"S304",0.0579136614540459,0.0503722948773296,"ForgOri_mu","Beauty"
"S304",0.112541508552695,-0.0334850256828942,"AIOri_mu","Beauty"
"S304",0.0955560145985551,-0.0860872778128379,"AIForg_mu","Beauty"
"S305",0.0395062572150511,0.0163717124934408,"ForgOri_mu","Beauty"
"S305",0.0916073042966167,-0.103984761622135,"AIOri_mu","Beauty"
"S305",0.0937329329933087,-0.108046750388191,"AIForg_mu","Beauty"
"S308",0.0382908508158778,0.0539488267143711,"ForgOri_mu","Beauty"
"S308",0.0873564357715785,0.11180422328827,"AIOri_mu","Beauty"
"S308",0.0761611114140406,0.0484039500222223,"AIForg_mu","Beauty"
"S309",0.0458329102096391,-0.15250588126372,"ForgOri_mu","Beauty"
"S309",0.079105928592334,-0.0884619278470604,"AIOri_mu","Beauty"
"S309",0.0973318714935181,0.0534733365544338,"AIForg_mu","Beauty"
"S310",0.0444549928829424,-0.112273230439222,"ForgOri_mu","Beauty"
"S310",0.0868175423375977,0.0457176078095246,"AIOri_mu","Beauty"
"S310",0.0795755474217529,0.150866958565549,"AIForg_mu","Beauty"
"S311",0.0534299636966761,-0.165154886511503,"ForgOri_mu","Beauty"
"S311",0.0869379611578209,-0.292370220342357,"AIOri_mu","Beauty"
"S311",0.0814627505257942,-0.137816583753176,"AIForg_mu","Beauty"
"S313",0.0346865627603133,-0.020157555259137,"ForgOri_mu","Beauty"
"S313",0.0584327622366358,0.0116376260514795,"AIOri_mu","Beauty"
"S313",0.0564181762819189,0.0227481805529531,"AIForg_mu","Beauty"
"S314",0.0279744655068311,-0.0443343049638289,"ForgOri_mu","Beauty"
"S314",0.0350670593830419,-0.0264207096246366,"AIOri_mu","Beauty"
"S314",0.0435323253627039,0.0196400285475057,"AIForg_mu","Beauty"
"S315",0.0558890279416786,-0.059682277674427,"ForgOri_mu","Beauty"
"S315",0.0771503706152578,-0.106645883679564,"AIOri_mu","Beauty"
"S315",0.0772021805718824,-0.0498519103182702,"AIForg_mu","Beauty"
"S316",0.0430076969340947,-0.107230110127937,"ForgOri_mu","Beauty"
"S316",0.0771647810461098,-0.104104898620585,"AIOri_mu","Beauty"
"S316",0.0920200418048185,-0.0143646616672895,"AIForg_mu","Beauty"
"S317",0.0283268319849227,-0.0538656471083162,"ForgOri_mu","Beauty"
"S317",0.0570209529717328,-0.029585917168817,"AIOri_mu","Beauty"
"S317",0.0559464659450373,0.0220879047848428,"AIForg_mu","Beauty"
"S318",0.0605782167534268,-0.117012467504978,"ForgOri_mu","Beauty"
"S318",0.0937091248868615,-0.189973882905961,"AIOri_mu","Beauty"
"S318",0.0854520873385635,-0.0594820498367754,"AIForg_mu","Beauty"
"S319",0.0557106054776877,-0.000498737450835146,"ForgOri_mu","Beauty"
"S319",0.0923621596104096,-0.101198044939322,"AIOri_mu","Beauty"
"S319",0.0757438928427326,-0.12262550881454,"AIForg_mu","Beauty"
"S321",0.0423462321544718,-0.0380273545754186,"ForgOri_mu","Beauty"
"S321",0.0713225347497213,-0.00904962983652605,"AIOri_mu","Beauty"
"S321",0.0951825248155699,0.0448374730838838,"AIForg_mu","Beauty"
"S322",0.0497742208856017,-0.160865116230477,"ForgOri_mu","Beauty"
"S322",0.107832066983618,-0.110133857908223,"AIOri_mu","Beauty"
"S322",0.0998312972781674,0.0474140740849111,"AIForg_mu","Beauty"
"S323",0.0549096539349566,0.0863614817184195,"ForgOri_mu","Beauty"
"S323",0.108925834493305,0.0621707688665831,"AIOri_mu","Beauty"
"S323",0.0945494338212855,-0.0300535832916556,"AIForg_mu","Beauty"
"S324",0.050991749856897,-0.262552627812442,"ForgOri_mu","Beauty"
"S324",0.0670385399483349,-0.268428467988457,"AIOri_mu","Beauty"
"S324",0.0603604839831919,-0.014171167278319,"AIForg_mu","Beauty"
"S325",0.0453032414334623,0.0241089870908168,"ForgOri_mu","Beauty"
"S325",0.0742609112397011,-0.0431178359148285,"AIOri_mu","Beauty"
"S325",0.0641680763574184,-0.074817359585391,"AIForg_mu","Beauty"
"S326",0.0594519722003678,0.043583658909275,"ForgOri_mu","Beauty"
"S326",0.0738950934377853,-0.101397998777754,"AIOri_mu","Beauty"
"S326",0.0874268646804384,-0.151038739047222,"AIForg_mu","Beauty"
"S327",0.060529947252288,-0.00463911824342184,"ForgOri_mu","Beauty"
"S327",0.070577319552528,-0.119261570309874,"AIOri_mu","Beauty"
"S327",0.0730040728334208,-0.131741014637177,"AIForg_mu","Beauty"
"S329",0.0470527308662967,-0.050092580325262,"ForgOri_mu","Beauty"
"S329",0.0749566394173213,-0.0984890343615547,"AIOri_mu","Beauty"
"S329",0.0734340322810144,-0.0531084293954556,"AIForg_mu","Beauty"
"S330",0.0755091599434252,-0.0983348606974395,"ForgOri_mu","Beauty"
"S330",0.0785800074997815,-0.115325973020196,"AIOri_mu","Beauty"
"S330",0.0681855233607821,-0.00474379798427038,"AIForg_mu","Beauty"
"S331",0.0424776479337784,-0.002045829680723,"ForgOri_mu","Beauty"
"S331",0.0719619261157617,-0.0547417815986069,"AIOri_mu","Beauty"
"S331",0.0616532126368615,-0.0543413024100906,"AIForg_mu","Beauty"
"S332",0.0497647902642865,-0.164014360382481,"ForgOri_mu","Beauty"
"S332",0.0771880884888592,-0.19806795651429,"AIOri_mu","Beauty"
"S332",0.0654622314451002,-0.0311577164640134,"AIForg_mu","Beauty"
"S334",0.0443815433166972,-0.00903231236698612,"ForgOri_mu","Beauty"
"S334",0.0777159159399065,-0.0389992300044012,"AIOri_mu","Beauty"
"S334",0.0650669964566169,-0.037242185249514,"AIForg_mu","Beauty"
"S335",0.042392378731045,-0.0618714070025789,"ForgOri_mu","Beauty"
"S335",0.0587580882082005,-0.0505642705452342,"AIOri_mu","Beauty"
"S335",0.0754972097400138,0.0221574571318796,"AIForg_mu","Beauty"
"S275",0.0459620343078696,0.288742326540588,"Baseline_confright","Beauty"
"S276",0.0178253241761252,0.195633558408449,"Baseline_confright","Beauty"
"S277",0.0289774484265965,0.169254933062922,"Baseline_confright","Beauty"
"S278",0.0524787276630428,0.438965339817085,"Baseline_confright","Beauty"
"S279",0.0338377134699882,0.367542002226447,"Baseline_confright","Beauty"
"S280",0.0320802613887412,0.253040283773845,"Baseline_confright","Beauty"
"S281",0.0352863463323873,0.353914437816808,"Baseline_confright","Beauty"
"S282",0.0484060469931027,0.431524996847831,"Baseline_confright","Beauty"
"S285",0.029008560337295,0.348155425156687,"Baseline_confright","Beauty"
"S287",0.0305581047168804,0.266176228972845,"Baseline_confright","Beauty"
"S288",0.0377614273161787,0.421890844823304,"Baseline_confright","Beauty"
"S289",0.0476104734253822,0.440488625445562,"Baseline_confright","Beauty"
"S290",0.0468379358346905,0.371762178676857,"Baseline_confright","Beauty"
"S291",0.0381981418889209,0.295901628208733,"Baseline_confright","Beauty"
"S292",0.0415283944858692,0.284703514109127,"Baseline_confright","Beauty"
"S293",0.0321193743525013,0.160372040852617,"Baseline_confright","Beauty"
"S295",0.0258427399830857,0.211421947677433,"Baseline_confright","Beauty"
"S296",0.0375930098357737,0.216083379165165,"Baseline_confright","Beauty"
"S297",0.0284975176028701,0.225260455623468,"Baseline_confright","Beauty"
"S298",0.0379514522874344,0.30293833055344,"Baseline_confright","Beauty"
"S299",0.0303579874083003,0.389401166303717,"Baseline_confright","Beauty"
"S300",0.0483046554716634,0.322790856394417,"Baseline_confright","Beauty"
"S301",0.0276755272112547,0.220098039893836,"Baseline_confright","Beauty"
"S302",0.0389270358403018,0.308820745688769,"Baseline_confright","Beauty"
"S304",0.0195617335819351,0.168380179045627,"Baseline_confright","Beauty"
"S305",0.0239768205474262,0.280968297233806,"Baseline_confright","Beauty"
"S308",0.0414340502050452,0.394547535889704,"Baseline_confright","Beauty"
"S309",0.0416942930346876,0.509168166486662,"Baseline_confright","Beauty"
"S310",0.0545358750552899,0.359458723092538,"Baseline_confright","Beauty"
"S311",0.029934902481057,0.247188567641112,"Baseline_confright","Beauty"
"S313",0.0304971351899424,0.343146482164743,"Baseline_confright","Beauty"
"S314",0.0193278081052086,0.305330219347489,"Baseline_confright","Beauty"
"S315",0.0229925074109824,0.333275575683595,"Baseline_confright","Beauty"
"S316",0.0397050038212731,0.632921249225159,"Baseline_confright","Beauty"
"S317",0.0418363237599487,0.381525641597317,"Baseline_confright","Beauty"
"S318",0.0276582422111492,0.16989857927797,"Baseline_confright","Beauty"
"S319",0.0346053436230359,0.190550089681991,"Baseline_confright","Beauty"
"S321",0.0442575380220853,0.461504874238775,"Baseline_confright","Beauty"
"S322",0.0301614990999189,0.264349194388267,"Baseline_confright","Beauty"
"S323",0.0308958223783767,0.28517569608694,"Baseline_confright","Beauty"
"S324",0.0477572027159963,0.444751284700849,"Baseline_confright","Beauty"
"S325",0.0479310750013119,0.391257952186118,"Baseline_confright","Beauty"
"S326",0.0521201659176364,0.450279185118954,"Baseline_confright","Beauty"
"S327",0.0378021541018135,0.301684121587857,"Baseline_confright","Beauty"
"S329",0.0271925736829872,0.225186465795887,"Baseline_confright","Beauty"
"S330",0.0245212084263853,0.218999341628974,"Baseline_confright","Beauty"
"S331",0.0381465804849423,0.292307973793235,"Baseline_confright","Beauty"
"S332",0.0244628420317549,0.237987560886597,"Baseline_confright","Beauty"
"S334",0.0877997650564669,0.453930863557093,"Baseline_confright","Beauty"
"S335",0.0403909593139313,0.588868221992593,"Baseline_confright","Beauty"
"S275",0.0190758321697077,-0.0347401501173344,"ForgOri_confright","Beauty"
"S275",0.0240426228399815,-0.0443414859420045,"AIOri_confright","Beauty"
"S275",0.023938676593218,-0.0129006648603278,"AIForg_confright","Beauty"
"S276",0.0142614475092431,-0.0238024194077663,"ForgOri_confright","Beauty"
"S276",0.020102358399898,-0.0319222112423369,"AIOri_confright","Beauty"
"S276",0.0201961866134581,-0.00813507215127179,"AIForg_confright","Beauty"
"S277",0.0215020443802314,-0.0309541417811539,"ForgOri_confright","Beauty"
"S277",0.0201431169180166,-0.0302679652203339,"AIOri_confright","Beauty"
"S277",0.0141741938699256,0.00444899932168236,"AIForg_confright","Beauty"
"S278",0.0285980177341027,-0.0750566324149622,"ForgOri_confright","Beauty"
"S278",0.0382289365983729,-0.129265411399049,"AIOri_confright","Beauty"
"S278",0.0350998646763405,-0.0532718831491431,"AIForg_confright","Beauty"
"S279",0.0270891179226111,-0.0242773416358117,"ForgOri_confright","Beauty"
"S279",0.0291440640654645,-0.0564467128585635,"AIOri_confright","Beauty"
"S279",0.0328791485176712,-0.0293211279050985,"AIForg_confright","Beauty"
"S280",0.0183157863297043,-0.0502321675211929,"ForgOri_confright","Beauty"
"S280",0.0302734428808559,-0.0353946191099806,"AIOri_confright","Beauty"
"S280",0.0168825247325884,0.0126559263857917,"AIForg_confright","Beauty"
"S281",0.0311771218895551,-0.0425515275617821,"ForgOri_confright","Beauty"
"S281",0.0302882608167757,-0.0932593979186509,"AIOri_confright","Beauty"
"S281",0.0268716485929311,-0.054760025434955,"AIForg_confright","Beauty"
"S282",0.0288943465775278,-0.0619901217656942,"ForgOri_confright","Beauty"
"S282",0.0272070182257957,-0.0949327371023746,"AIOri_confright","Beauty"
"S282",0.0301744533346476,-0.0363205573780026,"AIForg_confright","Beauty"
"S285",0.02774460730707,-0.0127835212691398,"ForgOri_confright","Beauty"
"S285",0.0311940614882744,-0.0617953794965077,"AIOri_confright","Beauty"
"S285",0.0294682700020419,-0.0460835652978143,"AIForg_confright","Beauty"
"S287",0.0220984789704503,-0.0416606402366267,"ForgOri_confright","Beauty"
"S287",0.019050510980595,-0.0689345504656812,"AIOri_confright","Beauty"
"S287",0.0188116465903912,-0.0320033732022397,"AIForg_confright","Beauty"
"S288",0.0262826471078129,-0.0129145441334776,"ForgOri_confright","Beauty"
"S288",0.0285318049154066,-0.0313967743205568,"AIOri_confright","Beauty"
"S288",0.0346434147687393,-0.0244191377580039,"AIForg_confright","Beauty"
"S289",0.0318946269239608,-0.0280965892486735,"ForgOri_confright","Beauty"
"S289",0.0349184173789781,-0.0716624807338468,"AIOri_confright","Beauty"
"S289",0.0324372697674467,-0.0431227081169182,"AIForg_confright","Beauty"
"S290",0.0292508774033503,-0.0791389580578801,"ForgOri_confright","Beauty"
"S290",0.0259628974775183,-0.0777750169116246,"AIOri_confright","Beauty"
"S290",0.0293042514175511,0.000699556180038072,"AIForg_confright","Beauty"
"S291",0.023024285463916,-0.0703806639824777,"ForgOri_confright","Beauty"
"S291",0.0216189814509942,-0.092512195884901,"AIOri_confright","Beauty"
"S291",0.0238640971370768,-0.0213385139608858,"AIForg_confright","Beauty"
"S292",0.0165105932328925,-0.0240420098333873,"ForgOri_confright","Beauty"
"S292",0.0248908811911241,-0.0444505976191983,"AIOri_confright","Beauty"
"S292",0.0223590116939876,-0.0215240292855508,"AIForg_confright","Beauty"
"S293",0.0158052612213362,-0.0269523164057496,"ForgOri_confright","Beauty"
"S293",0.0198040470504566,-0.025913933629574,"AIOri_confright","Beauty"
"S293",0.0138338108977584,0.00195167924875229,"AIForg_confright","Beauty"
"S295",0.0137830714716419,-0.0325259030581057,"ForgOri_confright","Beauty"
"S295",0.018635920612499,-0.0488049340232528,"AIOri_confright","Beauty"
"S295",0.0197111436848345,-0.0184221956724509,"AIForg_confright","Beauty"
"S296",0.0263949442367929,-0.0317834315304482,"ForgOri_confright","Beauty"
"S296",0.0263855004824114,-0.029058057573987,"AIOri_confright","Beauty"
"S296",0.023463012697604,0.004151715949314,"AIForg_confright","Beauty"
"S297",0.0166250880577012,-0.0590886978302068,"ForgOri_confright","Beauty"
"S297",0.0210427613568684,-0.06049515012553,"AIOri_confright","Beauty"
"S297",0.0225292586628214,-0.00466605271666387,"AIForg_confright","Beauty"
"S298",0.0205524658730492,-0.0113814602087747,"ForgOri_confright","Beauty"
"S298",0.0270428853729644,-0.0461225803788689,"AIOri_confright","Beauty"
"S298",0.0365024705056709,-0.0329953510106581,"AIForg_confright","Beauty"
"S299",0.0287591163484118,-0.016970802491526,"ForgOri_confright","Beauty"
"S299",0.0288788915709026,-0.0656029151769464,"AIOri_confright","Beauty"
"S299",0.0329780636189678,-0.0510321834895404,"AIForg_confright","Beauty"
"S300",0.0269080110090052,-0.0166452412760402,"ForgOri_confright","Beauty"
"S300",0.0268975381504622,-0.0567187483905668,"AIOri_confright","Beauty"
"S300",0.0264502948661709,-0.0420327074043764,"AIForg_confright","Beauty"
"S301",0.0185181143480356,-0.0433755978567864,"ForgOri_confright","Beauty"
"S301",0.0215931066519705,-0.0455749972247134,"AIOri_confright","Beauty"
"S301",0.0196290135575294,-0.00735567298992626,"AIForg_confright","Beauty"
"S302",0.0232717556739428,-0.0306498528191611,"ForgOri_confright","Beauty"
"S302",0.029955807703764,-0.0682620422656254,"AIOri_confright","Beauty"
"S302",0.0299956883711029,-0.0387958558579047,"AIForg_confright","Beauty"
"S304",0.0114838920260154,-0.0154860729201123,"ForgOri_confright","Beauty"
"S304",0.0184552947836491,-0.0225327719325262,"AIOri_confright","Beauty"
"S304",0.0220346206506635,-0.00863487836006779,"AIForg_confright","Beauty"
"S305",0.0181783636016714,-0.00653117497011435,"ForgOri_confright","Beauty"
"S305",0.023354297646388,-0.0413738280259426,"AIOri_confright","Beauty"
"S305",0.0214667117152399,-0.0332588910675393,"AIForg_confright","Beauty"
"S308",0.0278438387664146,-0.0378993318026061,"ForgOri_confright","Beauty"
"S308",0.031439190070372,-0.0296679393047092,"AIOri_confright","Beauty"
"S308",0.0281295227579819,0.0105900224027251,"AIForg_confright","Beauty"
"S309",0.0247031930363053,-0.0941175778399321,"ForgOri_confright","Beauty"
"S309",0.0275795289277981,-0.108512692636058,"AIOri_confright","Beauty"
"S309",0.0386965471230463,-0.0163898217558295,"AIForg_confright","Beauty"
"S310",0.0208692277507478,-0.0645749902433086,"ForgOri_confright","Beauty"
"S310",0.0249015187219501,-0.0142294550419071,"AIOri_confright","Beauty"
"S310",0.0340723886657418,0.0526265472380879,"AIForg_confright","Beauty"
"S311",0.0190955551686618,-0.0684128202066231,"ForgOri_confright","Beauty"
"S311",0.0265082169990221,-0.0946653334802107,"AIOri_confright","Beauty"
"S311",0.0192670998235795,-0.025580019160692,"AIForg_confright","Beauty"
"S313",0.0255346729709671,-0.0315898466863367,"ForgOri_confright","Beauty"
"S313",0.0316436963329077,-0.0528935678160394,"AIOri_confright","Beauty"
"S313",0.0308952974865043,-0.0189290970563211,"AIForg_confright","Beauty"
"S314",0.0186930258416162,-0.0397595895120567,"ForgOri_confright","Beauty"
"S314",0.0157979834470353,-0.083219601335857,"AIOri_confright","Beauty"
"S314",0.0164029995492483,-0.0431466356144456,"AIForg_confright","Beauty"
"S315",0.0218637297641167,-0.0378609769263604,"ForgOri_confright","Beauty"
"S315",0.0262157803612677,-0.0488436919585805,"AIOri_confright","Beauty"
"S315",0.02888789522364,-0.0138877440111701,"AIForg_confright","Beauty"
"S316",0.029656999582088,-0.0577117694710697,"ForgOri_confright","Beauty"
"S316",0.0323870935232301,-0.0829420084158939,"AIOri_confright","Beauty"
"S316",0.0430242922863348,-0.025702099219201,"AIForg_confright","Beauty"
"S317",0.0199569161786393,-0.0614505135888206,"ForgOri_confright","Beauty"
"S317",0.0250051948188303,-0.0446971146447075,"AIOri_confright","Beauty"
"S317",0.0347202187638382,0.0160645288015918,"AIForg_confright","Beauty"
"S318",0.016496632934648,-0.0462206653776725,"ForgOri_confright","Beauty"
"S318",0.0186405609604777,-0.0402109662658782,"AIOri_confright","Beauty"
"S318",0.0170042998222176,0.00471579307297773,"AIForg_confright","Beauty"
"S319",0.0151340476523658,-0.0198546932073138,"ForgOri_confright","Beauty"
"S319",0.0198798328427091,-0.0342800554071456,"AIOri_confright","Beauty"
"S319",0.0200803234335255,-0.0134571171614632,"AIForg_confright","Beauty"
"S321",0.0267170378791804,-0.061206198554221,"ForgOri_confright","Beauty"
"S321",0.0327319212609105,-0.0828949777985778,"AIOri_confright","Beauty"
"S321",0.0332131987026957,-0.0182249961802703,"AIForg_confright","Beauty"
"S322",0.019482185091869,-0.0360800343012628,"ForgOri_confright","Beauty"
"S322",0.0245660868697053,-0.0427356330192408,"AIOri_confright","Beauty"
"S322",0.0210456370496479,-0.0100887925185338,"AIForg_confright","Beauty"
"S323",0.0314220060342678,-0.0389639077198887,"ForgOri_confright","Beauty"
"S323",0.0352106797121736,-0.00286153446034704,"AIOri_confright","Beauty"
"S323",0.0200904618741269,0.0322223069999729,"AIForg_confright","Beauty"
"S324",0.0300801290098498,-0.0942462587118991,"ForgOri_confright","Beauty"
"S324",0.036330038539201,-0.089007235532153,"AIOri_confright","Beauty"
"S324",0.0368604585606495,0.0100402040139784,"AIForg_confright","Beauty"
"S325",0.026913682451461,-0.042430921312339,"ForgOri_confright","Beauty"
"S325",0.0329080076467918,-0.0428410567580119,"AIOri_confright","Beauty"
"S325",0.0321806880811772,0.00363645137929403,"AIForg_confright","Beauty"
"S326",0.0254183283840035,-0.0338546603384694,"ForgOri_confright","Beauty"
"S326",0.0263150498675967,-0.0401146806463838,"AIOri_confright","Beauty"
"S326",0.0304497063509103,-0.00631657309561723,"AIForg_confright","Beauty"
"S327",0.0230041537233519,-0.0225953313583125,"ForgOri_confright","Beauty"
"S327",0.0302900804006855,-0.0676325631572412,"AIOri_confright","Beauty"
"S327",0.0322114850092586,-0.0509950894449101,"AIForg_confright","Beauty"
"S329",0.0158704224140963,-0.0260776951634537,"ForgOri_confright","Beauty"
"S329",0.0291986055004126,-0.0327985193803823,"AIOri_confright","Beauty"
"S329",0.0268630009935763,-0.00709404952477444,"AIForg_confright","Beauty"
"S330",0.0159845604744992,-0.0453993749621491,"ForgOri_confright","Beauty"
"S330",0.0144998850153865,-0.0597213867240314,"AIOri_confright","Beauty"
"S330",0.0157716555571784,-0.0123748319278581,"AIForg_confright","Beauty"
"S331",0.0185699388214843,-0.0313553127377455,"ForgOri_confright","Beauty"
"S331",0.0212800432427706,-0.0444471411798072,"AIOri_confright","Beauty"
"S331",0.0238947868181076,-0.011173697212416,"AIForg_confright","Beauty"
"S332",0.0160512705757673,-0.0487238280810668,"ForgOri_confright","Beauty"
"S332",0.022239567720182,-0.0635792548331334,"AIOri_confright","Beauty"
"S332",0.0217487629298593,-0.0139209835784399,"AIForg_confright","Beauty"
"S334",0.0252442561870527,-0.0282252290910223,"ForgOri_confright","Beauty"
"S334",0.026342564109345,-0.0366647773896728,"AIOri_confright","Beauty"
"S334",0.0341109774780385,-0.00918793810858531,"AIForg_confright","Beauty"
"S335",0.0249251131954805,-0.0677509371779018,"ForgOri_confright","Beauty"
"S335",0.034985674994904,-0.0718340138996509,"AIOri_confright","Beauty"
"S335",0.0396805546650231,-0.00417775021751596,"AIForg_confright","Beauty"
"S275",0.0379752955033438,0.417610171753706,"Baseline_confleft","Beauty"
"S276",0.0304592214300464,0.234875788357662,"Baseline_confleft","Beauty"
"S277",0.0159774637737663,0.199956700648191,"Baseline_confleft","Beauty"
"S278",0.0501383864594663,0.428235433579207,"Baseline_confleft","Beauty"
"S279",0.0436754749582271,0.485747656793654,"Baseline_confleft","Beauty"
"S280",0.0325917333670266,0.394740765386465,"Baseline_confleft","Beauty"
"S281",0.0404722686011921,0.565086993601237,"Baseline_confleft","Beauty"
"S282",0.0606855669953007,0.297756683974881,"Baseline_confleft","Beauty"
"S285",0.0433365617485037,0.326475811951132,"Baseline_confleft","Beauty"
"S287",0.038303330383728,0.204393765025179,"Baseline_confleft","Beauty"
"S288",0.0418948123328198,0.328796722176371,"Baseline_confleft","Beauty"
"S289",0.0407661613064429,0.400090725879321,"Baseline_confleft","Beauty"
"S290",0.0476569658684526,0.400318082131264,"Baseline_confleft","Beauty"
"S291",0.0382738807403687,0.480675750880299,"Baseline_confleft","Beauty"
"S292",0.0529768404378175,0.364582966887093,"Baseline_confleft","Beauty"
"S293",0.0582947494216804,0.42266639001741,"Baseline_confleft","Beauty"
"S295",0.0360204215276647,0.236058925291236,"Baseline_confleft","Beauty"
"S296",0.0375836243649777,0.376657456637516,"Baseline_confleft","Beauty"
"S297",0.0468226984692304,0.402987488900784,"Baseline_confleft","Beauty"
"S298",0.0338523501644327,0.214833237982017,"Baseline_confleft","Beauty"
"S299",0.0384076338389795,0.22358292950216,"Baseline_confleft","Beauty"
"S300",0.0456695349787285,0.387671755501248,"Baseline_confleft","Beauty"
"S301",0.0284798755979369,0.278067083025231,"Baseline_confleft","Beauty"
"S302",0.0338115330397261,0.31122599430473,"Baseline_confleft","Beauty"
"S304",0.0259332140008318,0.174957741093749,"Baseline_confleft","Beauty"
"S305",0.0340029085244138,0.253988516564775,"Baseline_confleft","Beauty"
"S308",0.0452723797063073,0.358054812839685,"Baseline_confleft","Beauty"
"S309",0.0602200075432765,0.275428354369008,"Baseline_confleft","Beauty"
"S310",0.0494794013199046,0.443038876810466,"Baseline_confleft","Beauty"
"S311",0.0386317627619001,0.302506668406806,"Baseline_confleft","Beauty"
"S313",0.0734906911105932,0.322599268661497,"Baseline_confleft","Beauty"
"S314",0.0802793034097737,0.271070461143698,"Baseline_confleft","Beauty"
"S315",0.0771396851576742,0.560465138510396,"Baseline_confleft","Beauty"
"S316",0.05140692562324,0.367199029302745,"Baseline_confleft","Beauty"
"S317",0.0519248647042234,0.342433921147049,"Baseline_confleft","Beauty"
"S318",0.0372861615024309,0.423275664459631,"Baseline_confleft","Beauty"
"S319",0.0429955230137252,0.35460824877493,"Baseline_confleft","Beauty"
"S321",0.0314043696341731,0.431170605399585,"Baseline_confleft","Beauty"
"S322",0.0474993427751518,0.302117452916205,"Baseline_confleft","Beauty"
"S323",0.0350211240414528,0.302747811579287,"Baseline_confleft","Beauty"
"S324",0.0482289198538946,0.487493573996118,"Baseline_confleft","Beauty"
"S325",0.0270794090435294,0.271474919187023,"Baseline_confleft","Beauty"
"S326",0.0751074368813801,0.635461434202742,"Baseline_confleft","Beauty"
"S327",0.0410043149176629,0.346866383165624,"Baseline_confleft","Beauty"
"S329",0.0303733237887071,0.389459365074132,"Baseline_confleft","Beauty"
"S330",0.0376356176672078,0.169922340735542,"Baseline_confleft","Beauty"
"S331",0.0325097978025261,0.339946233057693,"Baseline_confleft","Beauty"
"S332",0.0575940841909598,0.340806683730309,"Baseline_confleft","Beauty"
"S334",0.0411542854147986,0.632707402975062,"Baseline_confleft","Beauty"
"S335",0.0492985452230823,0.34822589229907,"Baseline_confleft","Beauty"
"S275",0.0226487863318881,0.0197413414802744,"ForgOri_confleft","Beauty"
"S275",0.0268335995064529,0.059532698571949,"AIOri_confleft","Beauty"
"S275",0.0391134415111166,0.0386487935457024,"AIForg_confleft","Beauty"
"S276",0.0173730690458636,-0.0185152393855639,"ForgOri_confleft","Beauty"
"S276",0.0222043139918362,0.0558227565872527,"AIOri_confleft","Beauty"
"S276",0.0236019655938281,0.0734550894583353,"AIForg_confleft","Beauty"
"S277",0.0232591904236766,0.0295664256070788,"ForgOri_confleft","Beauty"
"S277",0.0246387600911639,0.0309284335381994,"AIOri_confleft","Beauty"
"S277",0.0249555480350033,0.00853396564046,"AIForg_confleft","Beauty"
"S278",0.0325013401938811,0.0705920289356214,"ForgOri_confleft","Beauty"
"S278",0.0362654585373071,0.094234902866309,"AIOri_confleft","Beauty"
"S278",0.0388285942107727,0.0268545790179262,"AIForg_confleft","Beauty"
"S279",0.0306746929535136,0.0113093570720735,"ForgOri_confleft","Beauty"
"S279",0.0242448085011367,0.0588075784426086,"AIOri_confleft","Beauty"
"S279",0.0379410308282793,0.0455649882132241,"AIForg_confleft","Beauty"
"S280",0.0248478747566845,0.0487024312482146,"ForgOri_confleft","Beauty"
"S280",0.0283620997205372,-0.0201704631392451,"AIOri_confleft","Beauty"
"S280",0.0359029718647108,-0.0654116837309741,"AIForg_confleft","Beauty"
"S281",0.0320800681457837,0.128503713893022,"ForgOri_confleft","Beauty"
"S281",0.0293502845371011,0.0748891669521453,"AIOri_confleft","Beauty"
"S281",0.0433496322229902,-0.0506058677940056,"AIForg_confleft","Beauty"
"S282",0.0314824963871094,0.0638465438794794,"ForgOri_confleft","Beauty"
"S282",0.0321760364940472,0.0634601179140391,"AIOri_confleft","Beauty"
"S282",0.0361089587745691,-0.00359738954152319,"AIForg_confleft","Beauty"
"S285",0.0274920405941731,0.0168073261515445,"ForgOri_confleft","Beauty"
"S285",0.0297680117016324,0.0588158983112279,"AIOri_confleft","Beauty"
"S285",0.0321625059084298,0.0465007477001692,"AIForg_confleft","Beauty"
"S287",0.0186324293613196,-0.00772332303558967,"ForgOri_confleft","Beauty"
"S287",0.0279344728961837,0.000442312789642768,"AIOri_confleft","Beauty"
"S287",0.0246105429582662,0.00621059141853131,"AIForg_confleft","Beauty"
"S288",0.0385045269214412,0.0580268509453201,"ForgOri_confleft","Beauty"
"S288",0.0317903139727394,0.0495353136649722,"AIOri_confleft","Beauty"
"S288",0.0465952058594115,-0.0143114011976561,"AIForg_confleft","Beauty"
"S289",0.0351524203146198,0.0424653100218666,"ForgOri_confleft","Beauty"
"S289",0.0267113801008535,0.0688880580246027,"AIOri_confleft","Beauty"
"S289",0.0492693686918854,0.0242301396354346,"AIForg_confleft","Beauty"
"S290",0.0280820379434349,0.112003259999918,"ForgOri_confleft","Beauty"
"S290",0.0304922880218807,0.0685681133266381,"AIOri_confleft","Beauty"
"S290",0.03138835163752,-0.0440116064558038,"AIForg_confleft","Beauty"
"S291",0.031572927750951,0.0119353539586239,"ForgOri_confleft","Beauty"
"S291",0.0337497389495445,0.0658377391115502,"AIOri_confleft","Beauty"
"S291",0.0330712824207554,0.0468109777377173,"AIForg_confleft","Beauty"
"S292",0.0233199705607737,0.0171967057602045,"ForgOri_confleft","Beauty"
"S292",0.0251081554718491,0.0318818805392844,"AIOri_confleft","Beauty"
"S292",0.0281757045582231,0.0127120492798539,"AIForg_confleft","Beauty"
"S293",0.0309482705444318,0.00184042387756661,"ForgOri_confleft","Beauty"
"S293",0.0358400779030073,-0.0191629361940845,"AIOri_confleft","Beauty"
"S293",0.0375076694681822,-0.0174915631325222,"AIForg_confleft","Beauty"
"S295",0.0220574986795988,0.0019735721386976,"ForgOri_confleft","Beauty"
"S295",0.0238991049517219,0.0450355197229498,"AIOri_confleft","Beauty"
"S295",0.0296933959518855,0.0455344870071205,"AIForg_confleft","Beauty"
"S296",0.0310464491684658,0.0864173365739187,"ForgOri_confleft","Beauty"
"S296",0.0282136905486482,-0.0312928884248197,"AIOri_confleft","Beauty"
"S296",0.0341144956688292,-0.119124752290742,"AIForg_confleft","Beauty"
"S297",0.0332676898100188,0.132662986812865,"ForgOri_confleft","Beauty"
"S297",0.0285991939015997,0.15123204692456,"AIOri_confleft","Beauty"
"S297",0.0394136300990294,0.0171303129972962,"AIForg_confleft","Beauty"
"S298",0.0321456295618901,0.0407628303559646,"ForgOri_confleft","Beauty"
"S298",0.0234845175705678,0.0162483317542112,"AIOri_confleft","Beauty"
"S298",0.0385219904748263,-0.0204609262712925,"AIForg_confleft","Beauty"
"S299",0.0219598087681655,0.0231805164672483,"ForgOri_confleft","Beauty"
"S299",0.0264696713342645,0.0297436373127501,"AIOri_confleft","Beauty"
"S299",0.0319700056653065,0.00958900756404603,"AIForg_confleft","Beauty"
"S300",0.0305077886252619,0.01683049215093,"ForgOri_confleft","Beauty"
"S300",0.0354301260198459,0.0360581811130705,"AIOri_confleft","Beauty"
"S300",0.0343041509417954,0.0261233627607762,"AIForg_confleft","Beauty"
"S301",0.0268632161783019,0.0765474796077657,"ForgOri_confleft","Beauty"
"S301",0.0254583697094294,0.0388312292107509,"AIOri_confleft","Beauty"
"S301",0.0319068496122948,-0.0386393201032996,"AIForg_confleft","Beauty"
"S302",0.0206261309775577,0.00762800903939048,"ForgOri_confleft","Beauty"
"S302",0.0263548006321136,0.0455671000717687,"AIOri_confleft","Beauty"
"S302",0.0299832955893468,0.0381817524131507,"AIForg_confleft","Beauty"
"S304",0.0157874714528339,0.0136607073122888,"ForgOri_confleft","Beauty"
"S304",0.018061222807278,0.0402749110777627,"AIOri_confleft","Beauty"
"S304",0.0274885033697061,0.0280010604761412,"AIForg_confleft","Beauty"
"S305",0.0243417965363573,-0.00890483479165689,"ForgOri_confleft","Beauty"
"S305",0.024131069852024,0.0282374629488446,"AIOri_confleft","Beauty"
"S305",0.029844466646498,0.0380648285466233,"AIForg_confleft","Beauty"
"S308",0.0270932351729841,-0.0225287162144055,"ForgOri_confleft","Beauty"
"S308",0.0279935705583201,-0.0174949511555845,"AIOri_confleft","Beauty"
"S308",0.0401491195721205,0.0125416655203259,"AIForg_confleft","Beauty"
"S309",0.0355637114188201,0.0901028951448424,"ForgOri_confleft","Beauty"
"S309",0.0308962395124572,0.0498540352407949,"AIOri_confleft","Beauty"
"S309",0.0412936888994705,-0.0364862843163696,"AIForg_confleft","Beauty"
"S310",0.0312290983149896,0.0734349889956362,"ForgOri_confleft","Beauty"
"S310",0.035647007371233,0.0107058456336012,"AIOri_confleft","Beauty"
"S310",0.0356406526008738,-0.0618613285267027,"AIForg_confleft","Beauty"
"S311",0.0284278561383764,0.00276605138052502,"ForgOri_confleft","Beauty"
"S311",0.0307858050012023,0.0451495370277396,"AIOri_confleft","Beauty"
"S311",0.0303689402976616,0.0486982612313699,"AIForg_confleft","Beauty"
"S313",0.0283007314157503,-0.00200014931587419,"ForgOri_confleft","Beauty"
"S313",0.0357554842518656,-0.0150434159791723,"AIOri_confleft","Beauty"
"S313",0.0396676425001473,-0.0120681752234994,"AIForg_confleft","Beauty"
"S314",0.0219924155701366,0.0119032155113171,"ForgOri_confleft","Beauty"
"S314",0.0268542334242061,0.0125877941763222,"AIOri_confleft","Beauty"
"S314",0.030827881104592,0.0035982763625893,"AIForg_confleft","Beauty"
"S315",0.0419014248567482,0.0308798188113594,"ForgOri_confleft","Beauty"
"S315",0.0366699795021038,0.067890741322402,"AIOri_confleft","Beauty"
"S315",0.0441385938580986,0.0351426883919589,"AIForg_confleft","Beauty"
"S316",0.032187085457263,0.0799180244821449,"ForgOri_confleft","Beauty"
"S316",0.0345365368280753,0.0659640199488482,"AIOri_confleft","Beauty"
"S316",0.0473994977303277,-0.0177702028634748,"AIForg_confleft","Beauty"
"S317",0.0247488154249564,0.0115860531851099,"ForgOri_confleft","Beauty"
"S317",0.0201270996642975,0.0242858010056735,"AIOri_confleft","Beauty"
"S317",0.0401172007686612,0.0108592010192992,"AIForg_confleft","Beauty"
"S318",0.0233219303623104,0.0555227362026827,"ForgOri_confleft","Beauty"
"S318",0.0281382831069827,0.0753548412911215,"AIOri_confleft","Beauty"
"S318",0.0292480506056263,0.0225240519643077,"AIForg_confleft","Beauty"
"S319",0.0249759288812116,0.0387196991140426,"ForgOri_confleft","Beauty"
"S319",0.0270725435217975,0.0894714178930756,"AIOri_confleft","Beauty"
"S319",0.0348962901128626,0.0497023997985492,"AIForg_confleft","Beauty"
"S321",0.0285231678318151,-0.000442629287897928,"ForgOri_confleft","Beauty"
"S321",0.0287465959687458,0.00454121621757095,"AIOri_confleft","Beauty"
"S321",0.02607668933978,0.0110535766944671,"AIForg_confleft","Beauty"
"S322",0.026120109961791,0.0896684696093161,"ForgOri_confleft","Beauty"
"S322",0.0286610397035196,0.0707302927772275,"AIOri_confleft","Beauty"
"S322",0.0353827773210718,-0.0170350146386671,"AIForg_confleft","Beauty"
"S323",0.025450153322564,-0.0211615497587009,"ForgOri_confleft","Beauty"
"S323",0.0297310241335141,-0.0226409300074426,"AIOri_confleft","Beauty"
"S323",0.0295180020561524,-0.00660374864899704,"AIForg_confleft","Beauty"
"S324",0.0372814228716909,0.116426930717637,"ForgOri_confleft","Beauty"
"S324",0.0266103380839028,0.0868470267895996,"AIOri_confleft","Beauty"
"S324",0.0315584414241143,-0.0299298333245661,"AIForg_confleft","Beauty"
"S325",0.0236336040536536,-0.0131035838144788,"ForgOri_confleft","Beauty"
"S325",0.0223857470659095,0.0200418215767718,"AIOri_confleft","Beauty"
"S325",0.0203958234931768,0.0355342110947346,"AIForg_confleft","Beauty"
"S326",0.0275803158554781,0.020349452879612,"ForgOri_confleft","Beauty"
"S326",0.0320859438384103,0.0392884039070057,"AIOri_confleft","Beauty"
"S326",0.0374585128198593,0.0175465164848121,"AIForg_confleft","Beauty"
"S327",0.0262777608378955,0.0430113756032242,"ForgOri_confleft","Beauty"
"S327",0.0313463005002198,0.0505784140206793,"AIOri_confleft","Beauty"
"S327",0.0301023402038416,0.00816048743955419,"AIForg_confleft","Beauty"
"S329",0.0248647150208632,0.0656926971649706,"ForgOri_confleft","Beauty"
"S329",0.0292532488594129,0.059835824519747,"AIOri_confleft","Beauty"
"S329",0.0296580979066272,0.00246472437736875,"AIForg_confleft","Beauty"
"S330",0.0185172931028924,-0.000528701841750759,"ForgOri_confleft","Beauty"
"S330",0.021108327295403,0.00308517147647494,"AIOri_confleft","Beauty"
"S330",0.0197687155099454,0.00104932057277733,"AIForg_confleft","Beauty"
"S331",0.0230334327655242,0.0430667564163981,"ForgOri_confleft","Beauty"
"S331",0.032536514850306,0.0385623070590493,"AIOri_confleft","Beauty"
"S331",0.033601249019616,-0.003422073905857,"AIForg_confleft","Beauty"
"S332",0.0221029981893669,0.0111069192505261,"ForgOri_confleft","Beauty"
"S332",0.029402570765384,0.0693048727356363,"AIOri_confleft","Beauty"
"S332",0.0319844753193649,0.0603907432534995,"AIForg_confleft","Beauty"
"S334",0.0284343499162266,0.0205765182944391,"ForgOri_confleft","Beauty"
"S334",0.0283242864670297,0.0164453029522096,"AIOri_confleft","Beauty"
"S334",0.0376335781156105,-0.00397507083639426,"AIForg_confleft","Beauty"
"S335",0.0351498028066628,0.0745104053567714,"ForgOri_confleft","Beauty"
"S335",0.0379632897706066,0.0491551062848679,"AIOri_confleft","Beauty"
"S335",0.0363607918045212,-0.0294740732940855,"AIForg_confleft","Beauty"
"S275",1.23422271246411,4.39791120249776,"Baseline_precright","Beauty"
"S276",1.56364518674876,7.52180181542851,"Baseline_precright","Beauty"
"S277",1.40860552997647,6.05146342949044,"Baseline_precright","Beauty"
"S278",0.261226161354875,1.28719074296861,"Baseline_precright","Beauty"
"S279",0.819357119935572,4.23012227220645,"Baseline_precright","Beauty"
"S280",1.15551672357628,3.8547806805602,"Baseline_precright","Beauty"
"S281",1.26544570036623,4.25605263826648,"Baseline_precright","Beauty"
"S282",0.458486397173067,1.90750212402808,"Baseline_precright","Beauty"
"S285",0.815571190560919,3.20393032803949,"Baseline_precright","Beauty"
"S287",1.02150188056146,4.28505972113841,"Baseline_precright","Beauty"
"S288",0.605179203570793,2.64492907017533,"Baseline_precright","Beauty"
"S289",0.586226178475655,2.4959698639635,"Baseline_precright","Beauty"
"S290",0.300588862330072,1.5593079189053,"Baseline_precright","Beauty"
"S291",1.19991071787484,4.4989384442567,"Baseline_precright","Beauty"
"S292",1.01000874357479,3.48756113472186,"Baseline_precright","Beauty"
"S293",1.62429425477131,5.21075039055994,"Baseline_precright","Beauty"
"S295",1.24733257050559,4.51550793690066,"Baseline_precright","Beauty"
"S296",1.2177499673827,5.02990090207769,"Baseline_precright","Beauty"
"S297",1.19034520841247,4.52845315207055,"Baseline_precright","Beauty"
"S298",0.988491254050041,3.98313954951242,"Baseline_precright","Beauty"
"S299",0.65618332566828,3.19749235670217,"Baseline_precright","Beauty"
"S300",0.55061051173172,2.12017631463954,"Baseline_precright","Beauty"
"S301",1.57642986676204,5.2017340476731,"Baseline_precright","Beauty"
"S302",1.54071762137957,5.40137847129338,"Baseline_precright","Beauty"
"S304",1.42869726348357,7.47297870346934,"Baseline_precright","Beauty"
"S305",1.39239915269893,4.72001946684537,"Baseline_precright","Beauty"
"S308",0.709764349707288,2.82336696957383,"Baseline_precright","Beauty"
"S309",0.474065144358677,2.04507133337695,"Baseline_precright","Beauty"
"S310",0.640334754618639,1.95369954583811,"Baseline_precright","Beauty"
"S311",1.1762118690943,5.18881961626173,"Baseline_precright","Beauty"
"S313",0.778218932228942,2.82092353980835,"Baseline_precright","Beauty"
"S314",1.08546375408617,5.14736219871075,"Baseline_precright","Beauty"
"S315",1.06574996752215,5.36936179395676,"Baseline_precright","Beauty"
"S316",0.303823923113098,1.76797293128598,"Baseline_precright","Beauty"
"S317",0.542679243581579,2.26047713725838,"Baseline_precright","Beauty"
"S318",1.29756237997039,6.24353146113161,"Baseline_precright","Beauty"
"S319",1.61328535045591,3.74146464005419,"Baseline_precright","Beauty"
"S321",1.0305688066856,4.61119009483847,"Baseline_precright","Beauty"
"S322",1.41349210772295,6.47115669720746,"Baseline_precright","Beauty"
"S323",1.18902247788,5.31869131611193,"Baseline_precright","Beauty"
"S324",0.969925183637154,2.90343638466472,"Baseline_precright","Beauty"
"S325",1.20472928129086,5.29540618807584,"Baseline_precright","Beauty"
"S326",0.593258915961611,2.02627385905339,"Baseline_precright","Beauty"
"S327",0.713057046949407,3.00409622640049,"Baseline_precright","Beauty"
"S329",1.73649730999189,6.07193565627094,"Baseline_precright","Beauty"
"S330",1.21061524583629,6.20010723637653,"Baseline_precright","Beauty"
"S331",0.579083192051019,2.18006865874731,"Baseline_precright","Beauty"
"S332",1.14649569389329,4.34448286742712,"Baseline_precright","Beauty"
"S334",0.726548427739388,2.02152002208453,"Baseline_precright","Beauty"
"S335",0.730516332305411,2.82389017789076,"Baseline_precright","Beauty"
"S275",0.6223882898867,1.08991866682399,"ForgOri_precright","Beauty"
"S275",0.480954886194947,0.881538177484908,"AIOri_precright","Beauty"
"S275",0.66633292924263,-0.238607874689021,"AIForg_precright","Beauty"
"S276",0.804224857153666,1.82365895468628,"ForgOri_precright","Beauty"
"S276",0.594527664005145,1.13541374573146,"AIOri_precright","Beauty"
"S276",1.05002855482218,-0.579232743022772,"AIForg_precright","Beauty"
"S277",0.809585599936667,1.65010265516763,"ForgOri_precright","Beauty"
"S277",0.604582133722488,1.01925056688721,"AIOri_precright","Beauty"
"S277",0.882288725263239,-0.685004957472265,"AIForg_precright","Beauty"
"S278",0.568086243434077,0.590493263066325,"ForgOri_precright","Beauty"
"S278",0.684010108538267,1.06092412939174,"AIOri_precright","Beauty"
"S278",0.771500833892331,0.452896229105668,"AIForg_precright","Beauty"
"S279",0.680754311816189,0.823186562777582,"ForgOri_precright","Beauty"
"S279",0.598279441027014,0.767861444478423,"AIOri_precright","Beauty"
"S279",0.885031666103562,0.0445167382068101,"AIForg_precright","Beauty"
"S280",0.738034488460103,1.11155307630609,"ForgOri_precright","Beauty"
"S280",0.52118861001631,0.85748210082877,"AIOri_precright","Beauty"
"S280",0.789762970584488,-0.279473169107965,"AIForg_precright","Beauty"
"S281",0.525607893127133,1.06755633379178,"ForgOri_precright","Beauty"
"S281",0.510099807270865,0.928363178162302,"AIOri_precright","Beauty"
"S281",0.908625788619264,-0.0632159039227544,"AIForg_precright","Beauty"
"S282",0.523087604381078,0.795302137859905,"ForgOri_precright","Beauty"
"S282",0.326411138584735,0.678336289634892,"AIOri_precright","Beauty"
"S282",0.745158550720163,-0.116081781953005,"AIForg_precright","Beauty"
"S285",0.572099132624279,0.8004118277335,"ForgOri_precright","Beauty"
"S285",0.465743348006657,0.788043307107709,"AIOri_precright","Beauty"
"S285",0.603511105668918,0.0285215522589675,"AIForg_precright","Beauty"
"S287",0.586513812428856,1.30847241993745,"ForgOri_precright","Beauty"
"S287",0.530850662565015,0.997145391197118,"AIOri_precright","Beauty"
"S287",0.730210362530419,-0.224115459661104,"AIForg_precright","Beauty"
"S288",0.585174337503052,0.185383067190976,"ForgOri_precright","Beauty"
"S288",0.402938289433256,0.77097471072562,"AIOri_precright","Beauty"
"S288",0.61865098395822,0.640319841027584,"AIForg_precright","Beauty"
"S289",0.518018508896845,0.470765336074839,"ForgOri_precright","Beauty"
"S289",0.570968922953495,0.957418028484406,"AIOri_precright","Beauty"
"S289",0.659808021256533,0.612097365854795,"AIForg_precright","Beauty"
"S290",0.662888951467408,0.527697819503153,"ForgOri_precright","Beauty"
"S290",0.34868395360155,0.848721979892958,"AIOri_precright","Beauty"
"S290",0.591400272585747,0.413030916929453,"AIForg_precright","Beauty"
"S291",0.772649137056577,1.15398794076478,"ForgOri_precright","Beauty"
"S291",0.612289324882075,1.19262941494666,"AIOri_precright","Beauty"
"S291",0.924559721675361,0.0168866284834146,"AIForg_precright","Beauty"
"S292",0.52714792089262,0.580739718502013,"ForgOri_precright","Beauty"
"S292",0.576185714853103,0.794178481404336,"AIOri_precright","Beauty"
"S292",0.675644178489022,0.156839890406593,"AIForg_precright","Beauty"
"S293",0.909393010417442,1.31406108271979,"ForgOri_precright","Beauty"
"S293",0.567900369901556,0.823998817356089,"AIOri_precright","Beauty"
"S293",0.9123467598391,-0.44906057879267,"AIForg_precright","Beauty"
"S295",0.591316240163659,0.864307473481217,"ForgOri_precright","Beauty"
"S295",0.427410922907891,0.971650400775808,"AIOri_precright","Beauty"
"S295",0.699356988510841,-0.00956864405953928,"AIForg_precright","Beauty"
"S296",0.856033507771756,0.879970804426471,"ForgOri_precright","Beauty"
"S296",0.464217251007965,0.700231731798874,"AIOri_precright","Beauty"
"S296",0.907253450779536,-0.278605440792465,"AIForg_precright","Beauty"
"S297",0.783120277515374,1.34151778207645,"ForgOri_precright","Beauty"
"S297",0.48908840066066,0.830129562426917,"AIOri_precright","Beauty"
"S297",0.614963760856875,-0.400707939622738,"AIForg_precright","Beauty"
"S298",0.685909947909246,0.876628590165,"ForgOri_precright","Beauty"
"S298",0.359417907309449,0.723268020647711,"AIOri_precright","Beauty"
"S298",0.922902379974748,-0.245223124075453,"AIForg_precright","Beauty"
"S299",0.514678997965731,0.535677566071645,"ForgOri_precright","Beauty"
"S299",0.539982586716663,1.11270741446552,"AIOri_precright","Beauty"
"S299",0.757023946629019,0.516394922006585,"AIForg_precright","Beauty"
"S300",0.583925662614081,0.363055746903542,"ForgOri_precright","Beauty"
"S300",0.355178778565283,0.537838884644085,"AIOri_precright","Beauty"
"S300",0.599095379887976,0.135828678542614,"AIForg_precright","Beauty"
"S301",0.765703531067003,0.980746801459588,"ForgOri_precright","Beauty"
"S301",0.4626607473356,0.967845629008871,"AIOri_precright","Beauty"
"S301",0.897769771290232,0.0105818843118728,"AIForg_precright","Beauty"
"S302",0.589753811177741,1.05223362507472,"ForgOri_precright","Beauty"
"S302",0.653292470735554,1.05076697154565,"AIOri_precright","Beauty"
"S302",0.793343817127204,0.0366363805988867,"AIForg_precright","Beauty"
"S304",1.15316280587594,1.59735255954256,"ForgOri_precright","Beauty"
"S304",0.925911685469866,1.42993842193791,"AIOri_precright","Beauty"
"S304",1.08132598264171,-0.0772790810580997,"AIForg_precright","Beauty"
"S305",0.802084171978818,1.01090224093686,"ForgOri_precright","Beauty"
"S305",0.495304698519248,0.976829183036605,"AIOri_precright","Beauty"
"S305",0.780048697673797,0.014990029016781,"AIForg_precright","Beauty"
"S308",0.658694602481128,0.79386978515786,"ForgOri_precright","Beauty"
"S308",0.455353329784736,0.887452117125553,"AIOri_precright","Beauty"
"S308",0.750472580223232,0.0779301201021709,"AIForg_precright","Beauty"
"S309",0.450813270637624,0.682949680652224,"ForgOri_precright","Beauty"
"S309",0.399242043133278,0.50008761207607,"AIOri_precright","Beauty"
"S309",0.626790178599903,-0.142467764663441,"AIForg_precright","Beauty"
"S310",0.596536909082647,0.63415415593733,"ForgOri_precright","Beauty"
"S310",0.333113635613579,0.629207517480785,"AIOri_precright","Beauty"
"S310",0.718990714638691,0.0763341190539437,"AIForg_precright","Beauty"
"S311",0.596563395043786,1.21370609688138,"ForgOri_precright","Beauty"
"S311",0.64840280656324,1.17529288966215,"AIOri_precright","Beauty"
"S311",0.858243432538755,-0.143195459182072,"AIForg_precright","Beauty"
"S313",0.511967901943008,0.554944043207325,"ForgOri_precright","Beauty"
"S313",0.409111958077317,0.892002319052808,"AIOri_precright","Beauty"
"S313",0.759500601885832,0.357296564315201,"AIForg_precright","Beauty"
"S314",0.709977363945852,1.09962621337245,"ForgOri_precright","Beauty"
"S314",0.427778145377964,1.02857939495669,"AIOri_precright","Beauty"
"S314",0.787039220106874,0.0429347815169807,"AIForg_precright","Beauty"
"S315",0.786808932424565,1.44219852911062,"ForgOri_precright","Beauty"
"S315",0.431539965814063,0.952082501258609,"AIOri_precright","Beauty"
"S315",1.0289569116234,-0.358813766669598,"AIForg_precright","Beauty"
"S316",0.460966601279924,0.397284333864019,"ForgOri_precright","Beauty"
"S316",0.333802044706968,0.491353169619095,"AIOri_precright","Beauty"
"S316",0.550151588341305,0.0824400217842622,"AIForg_precright","Beauty"
"S317",0.552395776431107,0.420257847520842,"ForgOri_precright","Beauty"
"S317",0.409864696679715,0.730473174265329,"AIOri_precright","Beauty"
"S317",0.57127182098881,0.330307123705599,"AIForg_precright","Beauty"
"S318",0.765578047284045,1.32291495779438,"ForgOri_precright","Beauty"
"S318",0.498885237456223,1.24221962449791,"AIOri_precright","Beauty"
"S318",0.988097031575032,-0.0909435415985969,"AIForg_precright","Beauty"
"S319",0.813462576981473,0.681594577290927,"ForgOri_precright","Beauty"
"S319",0.583155831099598,1.0460431282314,"AIOri_precright","Beauty"
"S319",0.767558088608968,0.330007153221222,"AIForg_precright","Beauty"
"S321",0.822245460637844,1.19887563305943,"ForgOri_precright","Beauty"
"S321",0.368818762054673,0.834454597534343,"AIOri_precright","Beauty"
"S321",0.845966677018155,-0.307417428947672,"AIForg_precright","Beauty"
"S322",0.729654517017479,1.47945472481402,"ForgOri_precright","Beauty"
"S322",0.537004602947,0.840264715078387,"AIOri_precright","Beauty"
"S322",0.869836158307056,-0.647380489333676,"AIForg_precright","Beauty"
"S323",0.719642962554827,0.928371715854403,"ForgOri_precright","Beauty"
"S323",0.524182908440925,0.882959688972023,"AIOri_precright","Beauty"
"S323",0.763029925151785,-0.0632004029740671,"AIForg_precright","Beauty"
"S324",0.685829589276473,0.952226276599115,"ForgOri_precright","Beauty"
"S324",0.506893393588403,0.776072443870016,"AIOri_precright","Beauty"
"S324",0.758585317567009,-0.0962523554726871,"AIForg_precright","Beauty"
"S325",0.825056710083587,1.11572661507871,"ForgOri_precright","Beauty"
"S325",0.509328219630922,0.755101661886072,"AIOri_precright","Beauty"
"S325",0.89784234072798,-0.30854223993536,"AIForg_precright","Beauty"
"S326",0.682652644576254,0.836499179254443,"ForgOri_precright","Beauty"
"S326",0.447263946605515,0.527444436296985,"AIOri_precright","Beauty"
"S326",0.756976155499575,-0.410131845418046,"AIForg_precright","Beauty"
"S327",0.5525201029898,0.614108854866481,"ForgOri_precright","Beauty"
"S327",0.526406895029151,1.0002261049899,"AIOri_precright","Beauty"
"S327",0.661759387036372,0.398815898035377,"AIForg_precright","Beauty"
"S329",0.742014836222604,1.13758183099826,"ForgOri_precright","Beauty"
"S329",0.492164743368713,1.06921386977534,"AIOri_precright","Beauty"
"S329",0.978762427888926,-0.00253772354449833,"AIForg_precright","Beauty"
"S330",1.00021841929902,1.47641680238659,"ForgOri_precright","Beauty"
"S330",0.820949980811433,1.21737452706539,"AIOri_precright","Beauty"
"S330",0.988705149065403,-0.102627141925629,"AIForg_precright","Beauty"
"S331",0.469657924931803,0.589449021648507,"ForgOri_precright","Beauty"
"S331",0.439063144308881,0.768679016255291,"AIOri_precright","Beauty"
"S331",0.649028329441713,0.228232337708112,"AIForg_precright","Beauty"
"S332",0.673420799186029,0.987588734294657,"ForgOri_precright","Beauty"
"S332",0.566101828404098,1.22257670563103,"AIOri_precright","Beauty"
"S332",0.769526242513721,0.320541340229524,"AIForg_precright","Beauty"
"S334",0.433402342835881,0.253641382421657,"ForgOri_precright","Beauty"
"S334",0.407505244547611,0.590114220295652,"AIOri_precright","Beauty"
"S334",0.701171047782418,0.352498028519723,"AIForg_precright","Beauty"
"S335",0.513660244839202,0.691392446601326,"ForgOri_precright","Beauty"
"S335",0.358814746128054,0.71544443096291,"AIOri_precright","Beauty"
"S335",0.604263353288789,0.0600064425088209,"AIForg_precright","Beauty"
"S275",0.596372075804119,2.69402197697547,"Baseline_precleft","Beauty"
"S276",0.961564792483401,3.987440406291,"Baseline_precleft","Beauty"
"S277",0.903413316970366,5.43880040746284,"Baseline_precleft","Beauty"
"S278",0.397247997914869,1.59892693994171,"Baseline_precleft","Beauty"
"S279",0.527080459293645,2.23315979287849,"Baseline_precleft","Beauty"
"S280",0.806181244815212,3.20595837206907,"Baseline_precleft","Beauty"
"S281",0.616784367389081,2.58041472234557,"Baseline_precleft","Beauty"
"S282",1.02538016213303,3.25573484618256,"Baseline_precleft","Beauty"
"S285",0.640454601611961,2.62124456547317,"Baseline_precleft","Beauty"
"S287",0.782658057459585,3.33452624514449,"Baseline_precleft","Beauty"
"S288",0.797872308987843,3.3283856186239,"Baseline_precleft","Beauty"
"S289",0.75133092713315,2.71769615568242,"Baseline_precleft","Beauty"
"S290",0.575448235046262,2.42521391997403,"Baseline_precleft","Beauty"
"S291",0.600546113306126,2.70244825090946,"Baseline_precleft","Beauty"
"S292",0.86182908378302,3.44394437207148,"Baseline_precleft","Beauty"
"S293",0.534046806619913,1.91113944530259,"Baseline_precleft","Beauty"
"S295",0.694266286304808,3.58218617392055,"Baseline_precleft","Beauty"
"S296",0.493293541297803,2.74059201119815,"Baseline_precleft","Beauty"
"S297",0.703542948616073,3.06694372889895,"Baseline_precleft","Beauty"
"S298",0.881141576233019,3.3602707742775,"Baseline_precleft","Beauty"
"S299",0.678774254546487,3.06008040074738,"Baseline_precleft","Beauty"
"S300",0.558780676496605,2.28198842296833,"Baseline_precleft","Beauty"
"S301",0.774154240992522,4.02175062030725,"Baseline_precleft","Beauty"
"S302",0.645598465649904,3.01716836960276,"Baseline_precleft","Beauty"
"S304",0.896262524116945,3.69623994209942,"Baseline_precleft","Beauty"
"S305",0.668639426719848,2.84516503693704,"Baseline_precleft","Beauty"
"S308",0.405419521706819,1.92154982710539,"Baseline_precleft","Beauty"
"S309",0.846260362205163,2.44467995962357,"Baseline_precleft","Beauty"
"S310",0.304185882348263,1.33444316373646,"Baseline_precleft","Beauty"
"S311",0.613045909604419,2.36915987391029,"Baseline_precleft","Beauty"
"S313",0.861905333183236,3.11098590945071,"Baseline_precleft","Beauty"
"S314",0.97283779893247,2.97939848102925,"Baseline_precleft","Beauty"
"S315",0.320346723327372,1.16485979790605,"Baseline_precleft","Beauty"
"S316",0.754319811649135,2.36395895555496,"Baseline_precleft","Beauty"
"S317",0.593118663420683,2.02115330924018,"Baseline_precleft","Beauty"
"S318",0.334386705825742,1.55466377754778,"Baseline_precleft","Beauty"
"S319",0.431376846892487,2.06121487631913,"Baseline_precleft","Beauty"
"S321",0.894516151509438,4.35923066636342,"Baseline_precleft","Beauty"
"S322",0.602992408777612,3.23253363959854,"Baseline_precleft","Beauty"
"S323",0.668879070853887,3.48422918124063,"Baseline_precleft","Beauty"
"S324",0.59087832682073,2.74412750727718,"Baseline_precleft","Beauty"
"S325",0.936320747422271,4.15965308097045,"Baseline_precleft","Beauty"
"S326",0.715180377445332,2.19194592653079,"Baseline_precleft","Beauty"
"S327",0.433095440902338,1.84727988740012,"Baseline_precleft","Beauty"
"S329",0.685893108075862,3.13997480284176,"Baseline_precleft","Beauty"
"S330",0.926224549922382,3.50789839435202,"Baseline_precleft","Beauty"
"S331",0.463135003621234,2.15188697037601,"Baseline_precleft","Beauty"
"S332",0.542204604319156,2.14416273143072,"Baseline_precleft","Beauty"
"S334",0.383496811004646,1.83303360779078,"Baseline_precleft","Beauty"
"S335",0.84022205609018,2.49720447451569,"Baseline_precleft","Beauty"
"S275",0.34131157297739,0.353148958800946,"ForgOri_precleft","Beauty"
"S275",0.310711678961934,-0.0225692064112952,"AIOri_precleft","Beauty"
"S275",0.390360111051493,-0.371700956493378,"AIForg_precleft","Beauty"
"S276",0.433773515590812,0.514626474918504,"ForgOri_precleft","Beauty"
"S276",0.329911625391269,-0.169640254899195,"AIOri_precleft","Beauty"
"S276",0.409495670196899,-0.72436521728475,"AIForg_precleft","Beauty"
"S277",0.420029691461646,0.301384751960333,"ForgOri_precleft","Beauty"
"S277",0.448944485773902,-0.053527410806141,"AIOri_precleft","Beauty"
"S277",0.622368901489833,-0.477269901920268,"AIForg_precleft","Beauty"
"S278",0.269955980247958,-0.0266531018494796,"ForgOri_precleft","Beauty"
"S278",0.274999808374359,-0.107276754684106,"AIOri_precleft","Beauty"
"S278",0.249451515326852,-0.0679772063483237,"AIForg_precleft","Beauty"
"S279",0.233626721014836,0.113721022458716,"ForgOri_precleft","Beauty"
"S279",0.195222588130503,-0.107989922126747,"AIOri_precleft","Beauty"
"S279",0.383428246219502,-0.227678807938587,"AIForg_precleft","Beauty"
"S280",0.32683094357664,0.263079399259273,"ForgOri_precleft","Beauty"
"S280",0.292918392662723,-0.0516420112169473,"AIOri_precleft","Beauty"
"S280",0.454712564493822,-0.294070844975345,"AIForg_precleft","Beauty"
"S281",0.324784500576807,0.231581385780464,"ForgOri_precleft","Beauty"
"S281",0.26489817384019,-0.122548663642322,"AIOri_precleft","Beauty"
"S281",0.436200785319585,-0.352756871008056,"AIForg_precleft","Beauty"
"S282",0.308565938702475,0.116619262626185,"ForgOri_precleft","Beauty"
"S282",0.323890083863919,-0.178009635374261,"AIOri_precleft","Beauty"
"S282",0.387466904655424,-0.355475411189209,"AIForg_precleft","Beauty"
"S285",0.31029275618707,0.260699045747417,"ForgOri_precleft","Beauty"
"S285",0.31482518754682,-0.111444474266313,"AIOri_precleft","Beauty"
"S285",0.440579458051481,-0.4033442881147,"AIForg_precleft","Beauty"
"S287",0.284380637946809,0.464372125917548,"ForgOri_precleft","Beauty"
"S287",0.283469883753665,0.019031679459464,"AIOri_precleft","Beauty"
"S287",0.437786162952005,-0.441905910291393,"AIForg_precleft","Beauty"
"S288",0.331316685612068,0.163406703738591,"ForgOri_precleft","Beauty"
"S288",0.379997521125246,0.0486677652363476,"AIOri_precleft","Beauty"
"S288",0.474510256367834,-0.142320471557285,"AIForg_precleft","Beauty"
"S289",0.316196481070982,0.34298839430169,"ForgOri_precleft","Beauty"
"S289",0.272651966816626,-0.0871466302942403,"AIOri_precleft","Beauty"
"S289",0.427627629011792,-0.404383650676088,"AIForg_precleft","Beauty"
"S290",0.297336695563789,0.0312801011438778,"ForgOri_precleft","Beauty"
"S290",0.276142979474979,-0.107055876043489,"AIOri_precleft","Beauty"
"S290",0.356965788298822,-0.163068827349841,"AIForg_precleft","Beauty"
"S291",0.317604454568834,0.224029901352854,"ForgOri_precleft","Beauty"
"S291",0.270281074223732,-0.0214326133919025,"AIOri_precleft","Beauty"
"S291",0.360802814706669,-0.265544770138132,"AIForg_precleft","Beauty"
"S292",0.313205214695707,0.405868479479076,"ForgOri_precleft","Beauty"
"S292",0.346317966899066,-0.0570157506405893,"AIOri_precleft","Beauty"
"S292",0.433737314752884,-0.456346877440912,"AIForg_precleft","Beauty"
"S293",0.285568108657368,0.0697809441178869,"ForgOri_precleft","Beauty"
"S293",0.283121490121865,0.0447641035859878,"AIOri_precleft","Beauty"
"S293",0.280115380417128,-0.102882222006997,"AIForg_precleft","Beauty"
"S295",0.362666262328179,0.123879009296995,"ForgOri_precleft","Beauty"
"S295",0.256755805981632,-0.140777783814126,"AIOri_precleft","Beauty"
"S295",0.451133453561293,-0.321515961542087,"AIForg_precleft","Beauty"
"S296",0.282906752759547,0.122267194801887,"ForgOri_precleft","Beauty"
"S296",0.262916592146833,0.0288657374283476,"AIOri_precleft","Beauty"
"S296",0.413391505765425,-0.147370202690261,"AIForg_precleft","Beauty"
"S297",0.334512574216506,0.220733486158065,"ForgOri_precleft","Beauty"
"S297",0.264247479365798,-0.280230118251673,"AIOri_precleft","Beauty"
"S297",0.382114875392319,-0.543879576966235,"AIForg_precleft","Beauty"
"S298",0.356102616329616,0.331982471784805,"ForgOri_precleft","Beauty"
"S298",0.28658148791025,-0.0582773833508987,"AIOri_precleft","Beauty"
"S298",0.404696235850757,-0.45296780799878,"AIForg_precleft","Beauty"
"S299",0.292608426948518,0.150603067342888,"ForgOri_precleft","Beauty"
"S299",0.328649497453005,-0.00928996560988415,"AIOri_precleft","Beauty"
"S299",0.372222249111331,-0.145062444584899,"AIForg_precleft","Beauty"
"S300",0.369021787267692,0.253284055755665,"ForgOri_precleft","Beauty"
"S300",0.158567250638757,0.0230488096201642,"AIOri_precleft","Beauty"
"S300",0.330402431787182,-0.214715095336291,"AIForg_precleft","Beauty"
"S301",0.342731001300616,0.262618070341412,"ForgOri_precleft","Beauty"
"S301",0.2633960543623,-0.14233730690066,"AIOri_precleft","Beauty"
"S301",0.470625688249012,-0.393483627129671,"AIForg_precleft","Beauty"
"S302",0.314757201712837,0.333660950209972,"ForgOri_precleft","Beauty"
"S302",0.259506745342406,0.318280913078862,"AIOri_precleft","Beauty"
"S302",0.380000812091601,-0.0561317964249697,"AIForg_precleft","Beauty"
"S304",0.373192575891008,0.276327584734684,"ForgOri_precleft","Beauty"
"S304",0.363259864520811,-0.0214530270651094,"AIOri_precleft","Beauty"
"S304",0.434940448269016,-0.370335078743894,"AIForg_precleft","Beauty"
"S305",0.381703372108696,0.376202682391235,"ForgOri_precleft","Beauty"
"S305",0.291498252250607,-0.00600357276507824,"AIOri_precleft","Beauty"
"S305",0.385666138110273,-0.374198025557555,"AIForg_precleft","Beauty"
"S308",0.308513908115788,0.250943228459763,"ForgOri_precleft","Beauty"
"S308",0.278354110179311,0.0888270926926287,"AIOri_precleft","Beauty"
"S308",0.375551054129177,-0.171595209885505,"AIForg_precleft","Beauty"
"S309",0.347723952059315,0.174153575071819,"ForgOri_precleft","Beauty"
"S309",0.244813840100824,-0.129146683454009,"AIOri_precleft","Beauty"
"S309",0.443936880928573,-0.344326076186211,"AIForg_precleft","Beauty"
"S310",0.210287975887944,0.0138188366660267,"ForgOri_precleft","Beauty"
"S310",0.212866119606663,0.0692569402407021,"AIOri_precleft","Beauty"
"S310",0.270744339250627,0.0803346236460697,"AIForg_precleft","Beauty"
"S311",0.295282342504984,0.319466497505832,"ForgOri_precleft","Beauty"
"S311",0.273370321898396,0.0618807384379989,"AIOri_precleft","Beauty"
"S311",0.390854410230252,-0.226952310083529,"AIForg_precleft","Beauty"
"S313",0.337439878694909,0.359416964012265,"ForgOri_precleft","Beauty"
"S313",0.322281806148009,-0.0258232246245931,"AIOri_precleft","Beauty"
"S313",0.368371677089769,-0.38508962305616,"AIForg_precleft","Beauty"
"S314",0.249050938269853,0.0914689430721292,"ForgOri_precleft","Beauty"
"S314",0.293413454216462,-0.0300124696576043,"AIOri_precleft","Beauty"
"S314",0.447892043751267,-0.122080147109652,"AIForg_precleft","Beauty"
"S315",0.202476071035018,0.0770420535881929,"ForgOri_precleft","Beauty"
"S315",0.163672622875819,0.0807806651180243,"AIOri_precleft","Beauty"
"S315",0.252756599468181,0.0797591051476442,"AIForg_precleft","Beauty"
"S316",0.304819793341283,0.0130149066878045,"ForgOri_precleft","Beauty"
"S316",0.239297280285312,-0.0865844967129346,"AIOri_precleft","Beauty"
"S316",0.418428560148274,-0.06245757139454,"AIForg_precleft","Beauty"
"S317",0.293212788322678,0.322374300455981,"ForgOri_precleft","Beauty"
"S317",0.243115576393521,-0.0222074108869496,"AIOri_precleft","Beauty"
"S317",0.36049980556375,-0.352612333064744,"AIForg_precleft","Beauty"
"S318",0.265327467943959,-0.0208627482258739,"ForgOri_precleft","Beauty"
"S318",0.180382454567895,-0.0411364340092073,"AIOri_precleft","Beauty"
"S318",0.251703144133235,-0.0330080195501566,"AIForg_precleft","Beauty"
"S319",0.260677861212506,0.153159852381853,"ForgOri_precleft","Beauty"
"S319",0.27420525029731,-0.121465677707828,"AIOri_precleft","Beauty"
"S319",0.351064326252032,-0.296823282994378,"AIForg_precleft","Beauty"
"S321",0.434397924000107,0.554131008483076,"ForgOri_precleft","Beauty"
"S321",0.245426928754195,-0.00474618112804093,"AIOri_precleft","Beauty"
"S321",0.383944073790322,-0.507219492955725,"AIForg_precleft","Beauty"
"S322",0.231031279046181,0.0163723014113939,"ForgOri_precleft","Beauty"
"S322",0.266600053888343,-0.207464701686062,"AIOri_precleft","Beauty"
"S322",0.429568606543545,-0.247585100067648,"AIForg_precleft","Beauty"
"S323",0.371233553126621,0.517032163715404,"ForgOri_precleft","Beauty"
"S323",0.25609971422623,0.106992469244783,"AIOri_precleft","Beauty"
"S323",0.382135312548962,-0.356934027447447,"AIForg_precleft","Beauty"
"S324",0.310717515702295,0.119652054964677,"ForgOri_precleft","Beauty"
"S324",0.278828266796673,-0.00429696556291226,"AIOri_precleft","Beauty"
"S324",0.269570516107729,-0.151053107731044,"AIForg_precleft","Beauty"
"S325",0.343531346967378,0.359879079401862,"ForgOri_precleft","Beauty"
"S325",0.299503378257361,-0.0372500362147501,"AIOri_precleft","Beauty"
"S325",0.463185389274471,-0.461814206351754,"AIForg_precleft","Beauty"
"S326",0.277068757498784,0.358551076944053,"ForgOri_precleft","Beauty"
"S326",0.226087805762692,-0.00462729372005366,"AIOri_precleft","Beauty"
"S326",0.338609963491008,-0.353925312945657,"AIForg_precleft","Beauty"
"S327",0.226369811513382,0.106549883633011,"ForgOri_precleft","Beauty"
"S327",0.216026486316403,-0.0867445407699103,"AIOri_precleft","Beauty"
"S327",0.2930422779536,-0.201809107326498,"AIForg_precleft","Beauty"
"S329",0.36268132481239,0.139499305943867,"ForgOri_precleft","Beauty"
"S329",0.328587676161535,-0.151499911458466,"AIOri_precleft","Beauty"
"S329",0.424679553981699,-0.30216833431394,"AIForg_precleft","Beauty"
"S330",0.400765408467378,0.276366677852346,"ForgOri_precleft","Beauty"
"S330",0.329816511600444,-0.124146338212259,"AIOri_precleft","Beauty"
"S330",0.467477232850317,-0.498248294525131,"AIForg_precleft","Beauty"
"S331",0.269195861653048,0.214258748298184,"ForgOri_precleft","Beauty"
"S331",0.246489210864331,-0.0813474371957419,"AIOri_precleft","Beauty"
"S331",0.328756915872601,-0.31945835668079,"AIForg_precleft","Beauty"
"S332",0.307888806200235,0.124739312283202,"ForgOri_precleft","Beauty"
"S332",0.2397064392039,-0.120483576379773,"AIOri_precleft","Beauty"
"S332",0.296132809552378,-0.341558738735157,"AIForg_precleft","Beauty"
"S334",0.213050966382475,0.276590411338632,"ForgOri_precleft","Beauty"
"S334",0.249047587839028,0.160519243800469,"AIOri_precleft","Beauty"
"S334",0.338016113458321,-0.123568748910877,"AIForg_precleft","Beauty"
"S335",0.325420117263399,0.138670058292393,"ForgOri_precleft","Beauty"
"S335",0.267120091015722,-0.0933756425009225,"AIOri_precleft","Beauty"
"S335",0.362884373715812,-0.260793814753053,"AIForg_precleft","Beauty"
"S336",0.0405738299781832,0.639666775391056,"Baseline_resp","Beauty"
"S337",0.020012324144488,0.708481684279382,"Baseline_resp","Beauty"
"S338",0.0383854757057211,0.413197431377177,"Baseline_resp","Beauty"
"S339",0.0336427639377389,0.387846964299489,"Baseline_resp","Beauty"
"S340",0.0285793655966941,0.568075705527184,"Baseline_resp","Beauty"
"S341",0.0231637069144341,0.477037723673796,"Baseline_resp","Beauty"
"S342",0.0531690708682517,0.747970567028678,"Baseline_resp","Beauty"
"S343",0.0260133296012288,0.705715939048723,"Baseline_resp","Beauty"
"S344",0.0178580916082211,0.630118969106918,"Baseline_resp","Beauty"
"S346",0.0257731816430691,0.506000323803663,"Baseline_resp","Beauty"
"S347",0.0195710980755633,0.549475975556513,"Baseline_resp","Beauty"
"S348",0.0204392200090022,0.641286704291982,"Baseline_resp","Beauty"
"S349",0.0131657256559554,0.507221656009317,"Baseline_resp","Beauty"
"S350",0.0232795486842752,0.693812154610831,"Baseline_resp","Beauty"
"S351",0.0296881990913672,0.417424427489117,"Baseline_resp","Beauty"
"S352",0.0271850467044254,0.640306314156904,"Baseline_resp","Beauty"
"S353",0.0434816682591757,0.607952604781466,"Baseline_resp","Beauty"
"S354",0.0134112564106021,0.733332944662639,"Baseline_resp","Beauty"
"S355",0.0279574510515177,0.509531634626711,"Baseline_resp","Beauty"
"S356",0.0174204013711233,0.501790166636719,"Baseline_resp","Beauty"
"S357",0.0205423475977459,0.455107630647037,"Baseline_resp","Beauty"
"S358",0.0157605994011815,0.589832089875213,"Baseline_resp","Beauty"
"S359",0.0235005587177062,0.430174685497809,"Baseline_resp","Beauty"
"S336",0.0248857285701663,0.0541681190938116,"ForgOri_resp","Beauty"
"S336",0.0481856852273485,-0.0554768993111129,"AIOri_resp","Beauty"
"S336",0.0459392476555546,-0.109298431340169,"AIForg_resp","Beauty"
"S337",0.0182871429183193,-0.017329456874676,"ForgOri_resp","Beauty"
"S337",0.0273203154227717,-0.0901873806255783,"AIOri_resp","Beauty"
"S337",0.023454528109935,-0.0716639029343331,"AIForg_resp","Beauty"
"S338",0.0308572685403974,0.00861687384763871,"ForgOri_resp","Beauty"
"S338",0.0437126210349156,-0.00946739618631873,"AIOri_resp","Beauty"
"S338",0.0436843065015814,-0.0224389098484614,"AIForg_resp","Beauty"
"S339",0.0198218926506454,0.00947259224405678,"ForgOri_resp","Beauty"
"S339",0.0399535871220563,-0.0178379264721936,"AIOri_resp","Beauty"
"S339",0.0377597606539568,-0.0255363299611816,"AIForg_resp","Beauty"
"S340",0.0208904146264174,-0.0525756180149037,"ForgOri_resp","Beauty"
"S340",0.0360652975963897,-0.117241103751678,"AIOri_resp","Beauty"
"S340",0.0374357749595204,-0.0639130667143189,"AIForg_resp","Beauty"
"S341",0.0208333124280541,-0.124293224813686,"ForgOri_resp","Beauty"
"S341",0.0246601587801509,-0.0679286881790699,"AIOri_resp","Beauty"
"S341",0.0254666320061519,0.0573149717128285,"AIForg_resp","Beauty"
"S342",0.0386489827197845,-0.0512725019215456,"ForgOri_resp","Beauty"
"S342",0.0600455582256209,0.0129720231459298,"AIOri_resp","Beauty"
"S342",0.0517331275762737,0.0619264120469024,"AIForg_resp","Beauty"
"S343",0.0242359956518437,-0.114500972502766,"ForgOri_resp","Beauty"
"S343",0.0380391222156916,-0.138912042773937,"AIOri_resp","Beauty"
"S343",0.0407502094465223,-0.0266253535471306,"AIForg_resp","Beauty"
"S344",0.0136002626750018,0.00404348852241748,"ForgOri_resp","Beauty"
"S344",0.0178374804296234,-0.0816198924591773,"AIOri_resp","Beauty"
"S344",0.0181698198523547,-0.0864166199591948,"AIForg_resp","Beauty"
"S346",0.021327162859387,-0.102166995246599,"ForgOri_resp","Beauty"
"S346",0.0310743411916887,-0.0680378273884832,"AIOri_resp","Beauty"
"S346",0.0261836704424151,0.0350279146191228,"AIForg_resp","Beauty"
"S347",0.0135994699547532,-0.0226379280004195,"ForgOri_resp","Beauty"
"S347",0.0245572368251361,0.0190092726505421,"AIOri_resp","Beauty"
"S347",0.0220712054001008,0.043056035157947,"AIForg_resp","Beauty"
"S348",0.0137560817212041,-0.0169277354376133,"ForgOri_resp","Beauty"
"S348",0.0203619726393442,-0.032010227318186,"AIOri_resp","Beauty"
"S348",0.016231283214543,-0.0139469351162243,"AIForg_resp","Beauty"
"S349",0.00796823472073625,-0.0040395418159091,"ForgOri_resp","Beauty"
"S349",0.0148425033470428,-0.0433019031388223,"AIOri_resp","Beauty"
"S349",0.0155699470753318,-0.0364761718969814,"AIForg_resp","Beauty"
"S350",0.0187433469733404,-0.0557333251400124,"ForgOri_resp","Beauty"
"S350",0.022113219125698,-0.101734221967366,"AIOri_resp","Beauty"
"S350",0.0341625028633826,-0.0477911433098632,"AIForg_resp","Beauty"
"S351",0.0215655435403639,0.00368139767427192,"ForgOri_resp","Beauty"
"S351",0.0217143564477309,-0.0537286181091373,"AIOri_resp","Beauty"
"S351",0.0259253521366576,-0.0600366583641126,"AIForg_resp","Beauty"
"S352",0.0254937929475398,-0.0914159481679214,"ForgOri_resp","Beauty"
"S352",0.0473041434241478,-0.210289088161779,"AIOri_resp","Beauty"
"S352",0.0390444396512942,-0.118644230304197,"AIForg_resp","Beauty"
"S353",0.0309059213306967,-0.0430648277193932,"ForgOri_resp","Beauty"
"S353",0.0497064193297642,-0.0579154266295185,"AIOri_resp","Beauty"
"S353",0.051553454911406,-0.0143221560555828,"AIForg_resp","Beauty"
"S354",0.0171932037586837,-0.0632506692214871,"ForgOri_resp","Beauty"
"S354",0.0160393423793948,-0.0589735268015947,"AIOri_resp","Beauty"
"S354",0.0161418516333912,0.00444161420911027,"AIForg_resp","Beauty"
"S355",0.0200163775312593,-0.10120176775832,"ForgOri_resp","Beauty"
"S355",0.0276249623294433,-0.111536253550958,"AIOri_resp","Beauty"
"S355",0.0324371821848883,-0.00298888159244468,"AIForg_resp","Beauty"
"S356",0.00856732351345497,-0.00889008748541714,"ForgOri_resp","Beauty"
"S356",0.0169343798125731,-0.0407408304937727,"AIOri_resp","Beauty"
"S356",0.0138209743652685,-0.0339353321375446,"AIForg_resp","Beauty"
"S357",0.0153746012197025,-0.017595069309059,"ForgOri_resp","Beauty"
"S357",0.0228517253966144,0.041551959808073,"AIOri_resp","Beauty"
"S357",0.0257477158919295,0.0608596374131873,"AIForg_resp","Beauty"
"S358",0.0156288429878647,-0.0186855249080826,"ForgOri_resp","Beauty"
"S358",0.0240934713869938,-0.0637918250012717,"AIOri_resp","Beauty"
"S358",0.0216869151228461,-0.0489705191823457,"AIForg_resp","Beauty"
"S359",0.0206165687576085,-0.0753416517630468,"ForgOri_resp","Beauty"
"S359",0.0257330903454775,0.0108402775138595,"AIOri_resp","Beauty"
"S359",0.0299351877638729,0.0845685776437217,"AIForg_resp","Beauty"
"S336",0.0525133233853237,0.71241958670381,"Baseline_mu","Beauty"
"S337",0.048994467395008,0.855579087132554,"Baseline_mu","Beauty"
"S338",0.0538851564948239,0.363691498716372,"Baseline_mu","Beauty"
"S339",0.0622668543746869,0.304577078985733,"Baseline_mu","Beauty"
"S340",0.061291656786089,0.773722610955196,"Baseline_mu","Beauty"
"S341",0.0712641143302412,0.524379420915185,"Baseline_mu","Beauty"
"S342",0.0684666312079674,0.769348035826717,"Baseline_mu","Beauty"
"S343",0.0462505941310686,0.802404025225388,"Baseline_mu","Beauty"
"S344",0.0435389240088905,0.883852458252152,"Baseline_mu","Beauty"
"S346",0.080138123116138,0.611601877965592,"Baseline_mu","Beauty"
"S347",0.0545665637084339,0.775645441463026,"Baseline_mu","Beauty"
"S348",0.0321216372034121,0.89456249615822,"Baseline_mu","Beauty"
"S349",0.0938554673306505,0.568215475959716,"Baseline_mu","Beauty"
"S350",0.0298813439160582,0.872892784040463,"Baseline_mu","Beauty"
"S351",0.062586065046217,0.470152246075308,"Baseline_mu","Beauty"
"S352",0.0699691777558047,0.817494273454948,"Baseline_mu","Beauty"
"S353",0.0842046407072112,0.677495535175843,"Baseline_mu","Beauty"
"S354",0.0166862139870656,0.977900227610509,"Baseline_mu","Beauty"
"S355",0.0785111723203006,0.532742827547074,"Baseline_mu","Beauty"
"S356",0.0723342216005333,0.56908572417174,"Baseline_mu","Beauty"
"S357",0.0549100136635877,0.565464508616722,"Baseline_mu","Beauty"
"S358",0.0426536611336936,0.848706548916594,"Baseline_mu","Beauty"
"S359",0.0759690788718779,0.399982928705145,"Baseline_mu","Beauty"
"S336",0.0447511475068845,0.0710267909173327,"ForgOri_mu","Beauty"
"S336",0.0736341057021538,-0.0524340147849558,"AIOri_mu","Beauty"
"S336",0.0786078798355299,-0.119884984268854,"AIForg_mu","Beauty"
"S337",0.0269764228197763,-0.0156410056895783,"ForgOri_mu","Beauty"
"S337",0.0630532806845447,-0.139289052938749,"AIOri_mu","Beauty"
"S337",0.0570988261464227,-0.124775815311601,"AIForg_mu","Beauty"
"S338",0.0712696587005194,0.0238191662026457,"ForgOri_mu","Beauty"
"S338",0.0698671994650424,-0.0231331561422005,"AIOri_mu","Beauty"
"S338",0.0611752708270545,-0.0444441859574134,"AIForg_mu","Beauty"
"S339",0.0638587235449385,0.0499800091357072,"ForgOri_mu","Beauty"
"S339",0.0765785344332383,0.037232646353335,"AIOri_mu","Beauty"
"S339",0.0587332807159216,-0.0143838986235031,"AIForg_mu","Beauty"
"S340",0.0484228565974768,-0.107715751800616,"ForgOri_mu","Beauty"
"S340",0.0856933613263393,-0.247159184217196,"AIOri_mu","Beauty"
"S340",0.114841434345135,-0.136729716042137,"AIForg_mu","Beauty"
"S341",0.0584530137098675,-0.267657167597834,"ForgOri_mu","Beauty"
"S341",0.056751569220255,-0.114782848303473,"AIOri_mu","Beauty"
"S341",0.0731288406079301,0.15468861330066,"AIForg_mu","Beauty"
"S342",0.045790471390408,-0.0637426121225213,"ForgOri_mu","Beauty"
"S342",0.0688456319680509,0.0122400716320915,"AIOri_mu","Beauty"
"S342",0.0658312192375708,0.0644323409871575,"AIForg_mu","Beauty"
"S343",0.0432189796295144,-0.171950836364792,"ForgOri_mu","Beauty"
"S343",0.081332624951331,-0.215256602947339,"AIOri_mu","Beauty"
"S343",0.0764626848968192,-0.0414499229901378,"AIForg_mu","Beauty"
"S344",0.0279872196006677,0.0331872186917825,"ForgOri_mu","Beauty"
"S344",0.0868389148667758,-0.15903880292223,"AIOri_mu","Beauty"
"S344",0.0811395264574875,-0.190726511703123,"AIForg_mu","Beauty"
"S346",0.0565991024318818,-0.220016755866512,"ForgOri_mu","Beauty"
"S346",0.108662382958505,-0.0691643206389565,"AIOri_mu","Beauty"
"S346",0.0932989862263537,0.160456180782391,"AIForg_mu","Beauty"
"S347",0.0465536001501649,-0.0248111905428324,"ForgOri_mu","Beauty"
"S347",0.0708489389645732,0.0883191165447628,"AIOri_mu","Beauty"
"S347",0.0778694068304159,0.112562117532436,"AIForg_mu","Beauty"
"S348",0.0308013634916525,-0.028857295766751,"ForgOri_mu","Beauty"
"S348",0.0440584140233706,-0.0286652395631345,"AIOri_mu","Beauty"
"S348",0.0556169545998336,0.00517518500874453,"AIForg_mu","Beauty"
"S349",0.0385738298562119,-0.0291147983660116,"ForgOri_mu","Beauty"
"S349",0.0755230079155901,-0.209795134387847,"AIOri_mu","Beauty"
"S349",0.0743052558982478,-0.183068019374956,"AIForg_mu","Beauty"
"S350",0.037916932487741,-0.066895171008967,"ForgOri_mu","Beauty"
"S350",0.0464768693711724,-0.175628438368481,"AIOri_mu","Beauty"
"S350",0.0638672239074268,-0.114239405057376,"AIForg_mu","Beauty"
"S351",0.056117863927519,-0.00141740128761317,"ForgOri_mu","Beauty"
"S351",0.0796888316904358,-0.183919782906672,"AIOri_mu","Beauty"
"S351",0.093619062055457,-0.174319140730632,"AIForg_mu","Beauty"
"S352",0.0404289049850476,-0.14348703544023,"ForgOri_mu","Beauty"
"S352",0.0690016750401554,-0.369541373660279,"AIOri_mu","Beauty"
"S352",0.093136839741062,-0.227215674138378,"AIForg_mu","Beauty"
"S353",0.0540211547341738,-0.0570668339895376,"ForgOri_mu","Beauty"
"S353",0.084901308515899,-0.0610411784019289,"AIOri_mu","Beauty"
"S353",0.0699234915501351,-0.0101860560177434,"AIForg_mu","Beauty"
"S354",0.0150106417078803,-0.023630410420094,"ForgOri_mu","Beauty"
"S354",0.018731415478138,-0.0170359782119723,"AIOri_mu","Beauty"
"S354",0.0233609734112521,0.00578629090285099,"AIForg_mu","Beauty"
"S355",0.0640760861071801,-0.178842701990767,"ForgOri_mu","Beauty"
"S355",0.0788745069534159,-0.210422791245636,"AIOri_mu","Beauty"
"S355",0.0837892713918415,-0.035543021140326,"AIForg_mu","Beauty"
"S356",0.0501104102461554,-0.0131064534092613,"ForgOri_mu","Beauty"
"S356",0.0879836903982532,-0.145342490780167,"AIOri_mu","Beauty"
"S356",0.0723010158377857,-0.130051995165907,"AIForg_mu","Beauty"
"S357",0.0382090847070644,-0.0211947153934904,"ForgOri_mu","Beauty"
"S357",0.0690270107494404,0.0875997693668485,"AIOri_mu","Beauty"
"S357",0.0666324980100383,0.0981801858818657,"AIForg_mu","Beauty"
"S358",0.0494275282625205,-0.0171124396183257,"ForgOri_mu","Beauty"
"S358",0.0799523094638363,-0.184570976074545,"AIOri_mu","Beauty"
"S358",0.0828528680398008,-0.160271206417628,"AIForg_mu","Beauty"
"S359",0.0472527811621532,-0.136952760599414,"ForgOri_mu","Beauty"
"S359",0.071883781366319,0.0804537779103604,"AIOri_mu","Beauty"
"S359",0.0772517861158249,0.221621352911202,"AIForg_mu","Beauty"
"S336",0.037130651396325,0.618384953506585,"Baseline_confright","Beauty"
"S337",0.030084024707247,0.518897095939337,"Baseline_confright","Beauty"
"S338",0.0515934273114166,0.415693039024479,"Baseline_confright","Beauty"
"S339",0.0459751988197877,0.31276726232831,"Baseline_confright","Beauty"
"S340",0.0266805906328461,0.2684379738223,"Baseline_confright","Beauty"
"S341",0.0439243846284266,0.292726907326313,"Baseline_confright","Beauty"
"S342",0.0647263449689261,0.787040860605877,"Baseline_confright","Beauty"
"S343",0.0339539720141249,0.56536574079422,"Baseline_confright","Beauty"
"S344",0.0223176458105076,0.33723819489573,"Baseline_confright","Beauty"
"S346",0.037390167385376,0.274423698022267,"Baseline_confright","Beauty"
"S347",0.0211568469875287,0.233731611337033,"Baseline_confright","Beauty"
"S348",0.0232675104757302,0.363527345198783,"Baseline_confright","Beauty"
"S349",0.0369756670897373,0.23852357279988,"Baseline_confright","Beauty"
"S350",0.0373191818117072,0.526971719495978,"Baseline_confright","Beauty"
"S351",0.0302965508515433,0.191122000318661,"Baseline_confright","Beauty"
"S352",0.0459471673997692,0.420130312695095,"Baseline_confright","Beauty"
"S353",0.0524041281210744,0.630185821151183,"Baseline_confright","Beauty"
"S354",0.0299999479842493,0.492015338116043,"Baseline_confright","Beauty"
"S355",0.0449440080739328,0.349791334780892,"Baseline_confright","Beauty"
"S356",0.0265896233781197,0.188316038648504,"Baseline_confright","Beauty"
"S357",0.0342208621614548,0.217719707527323,"Baseline_confright","Beauty"
"S358",0.0303380477770788,0.272409656299905,"Baseline_confright","Beauty"
"S359",0.0497999453584487,0.299229523293787,"Baseline_confright","Beauty"
"S336",0.0291455499461147,-0.0201976381354252,"ForgOri_confright","Beauty"
"S336",0.0335484528016635,-0.0783359356854058,"AIOri_confright","Beauty"
"S336",0.0322409455736377,-0.0602881987203038,"AIForg_confright","Beauty"
"S337",0.0245712757032573,-0.0138712789526564,"ForgOri_confright","Beauty"
"S337",0.0289006091829541,-0.0855467998070059,"AIOri_confright","Beauty"
"S337",0.0295757267228872,-0.0751473939573153,"AIForg_confright","Beauty"
"S338",0.0235674316195844,-0.0202711904316664,"ForgOri_confright","Beauty"
"S338",0.0231813915177604,-0.018841325460542,"AIOri_confright","Beauty"
"S338",0.0279947024498454,-0.00792220826970255,"AIForg_confright","Beauty"
"S339",0.0228107229237087,-0.0265106175435793,"ForgOri_confright","Beauty"
"S339",0.0231782569435133,-0.0625115524578996,"AIOri_confright","Beauty"
"S339",0.025883149678438,-0.0393425718908678,"AIForg_confright","Beauty"
"S340",0.0178133407026561,-0.0579510010477808,"ForgOri_confright","Beauty"
"S340",0.0170124954511394,-0.0601638353560111,"AIOri_confright","Beauty"
"S340",0.0217041585382824,-0.00182304096329312,"AIForg_confright","Beauty"
"S341",0.0325821790524174,-0.076085728143194,"ForgOri_confright","Beauty"
"S341",0.0284463252141897,-0.0566466177980476,"AIOri_confright","Beauty"
"S341",0.0296159878582207,0.0222678763259984,"AIForg_confright","Beauty"
"S342",0.0244737467111502,-0.0225781382588615,"ForgOri_confright","Beauty"
"S342",0.0334211135034729,-0.0297163686299399,"AIOri_confright","Beauty"
"S342",0.0300618559940415,-0.00637051589641163,"AIForg_confright","Beauty"
"S343",0.0262537534516417,-0.0903620322206808,"ForgOri_confright","Beauty"
"S343",0.0276714272068344,-0.0894023437724745,"AIOri_confright","Beauty"
"S343",0.0378096096043344,0.00277934307750888,"AIForg_confright","Beauty"
"S344",0.0230066853323509,-0.0153558850751719,"ForgOri_confright","Beauty"
"S344",0.026090558860529,-0.100705948265659,"AIOri_confright","Beauty"
"S344",0.0242381226598349,-0.0883993159881931,"AIForg_confright","Beauty"
"S346",0.015414022905388,-0.0613807878094395,"ForgOri_confright","Beauty"
"S346",0.0209188846367649,-0.0751973383142894,"AIOri_confright","Beauty"
"S346",0.0256119288629327,-0.0153299480783201,"AIForg_confright","Beauty"
"S347",0.0189562392103094,-0.0320066892357265,"ForgOri_confright","Beauty"
"S347",0.018988032750964,-0.0159662666027237,"AIOri_confright","Beauty"
"S347",0.0213810809733303,0.0150331199955055,"AIForg_confright","Beauty"
"S348",0.0195605321046154,-0.0208148065703959,"ForgOri_confright","Beauty"
"S348",0.0272573188964539,-0.0360283121213417,"AIOri_confright","Beauty"
"S348",0.0267619355387185,-0.0111465610281752,"AIForg_confright","Beauty"
"S349",0.0149301751302377,-0.0157669070567761,"ForgOri_confright","Beauty"
"S349",0.0203173832236466,-0.0733153632637376,"AIOri_confright","Beauty"
"S349",0.0178472899114682,-0.0571931512510575,"AIForg_confright","Beauty"
"S350",0.023441955160893,-0.0609671621171387,"ForgOri_confright","Beauty"
"S350",0.0246258942713639,-0.0549814962215764,"AIOri_confright","Beauty"
"S350",0.0286802539879669,0.00505316558937835,"AIForg_confright","Beauty"
"S351",0.0160233227874318,-0.0427293525771054,"ForgOri_confright","Beauty"
"S351",0.0169281930369531,-0.0434355614336599,"AIOri_confright","Beauty"
"S351",0.015402981958061,-0.000215940347152263,"AIForg_confright","Beauty"
"S352",0.0240183602987221,-0.0665360833433886,"ForgOri_confright","Beauty"
"S352",0.0249113936738706,-0.107310667319348,"AIOri_confright","Beauty"
"S352",0.0274247805738122,-0.0389460293451687,"AIForg_confright","Beauty"
"S353",0.0286360974992129,-0.0302674227387349,"ForgOri_confright","Beauty"
"S353",0.0355252321737704,-0.0594018229326997,"AIOri_confright","Beauty"
"S353",0.0359106244853507,-0.0281069637130952,"AIForg_confright","Beauty"
"S354",0.0306131250444734,-0.101412897772097,"ForgOri_confright","Beauty"
"S354",0.0351107028881199,-0.0929513023711818,"AIOri_confright","Beauty"
"S354",0.0361369252778666,0.0142572371960878,"AIForg_confright","Beauty"
"S355",0.0348724240900203,-0.0580681817890463,"ForgOri_confright","Beauty"
"S355",0.0273048665057581,-0.0722380830112163,"AIOri_confright","Beauty"
"S355",0.0333181078404998,-0.020154223705781,"AIForg_confright","Beauty"
"S356",0.0142698343580029,-0.0252682519276141,"ForgOri_confright","Beauty"
"S356",0.0215489123225286,-0.0513389902553372,"AIOri_confright","Beauty"
"S356",0.0161776824613773,-0.0241981253288624,"AIForg_confright","Beauty"
"S357",0.0163538853056203,-0.0412891243601347,"ForgOri_confright","Beauty"
"S357",0.018133802686363,-0.0172988948112896,"AIOri_confright","Beauty"
"S357",0.0171904913646964,0.0230563728540903,"AIForg_confright","Beauty"
"S358",0.014836807639029,-0.0259323800947693,"ForgOri_confright","Beauty"
"S358",0.0296070582368603,-0.0443430554267507,"AIOri_confright","Beauty"
"S358",0.0287267791915889,-0.0185883812949728,"AIForg_confright","Beauty"
"S359",0.0208870356667681,-0.0462412853615271,"ForgOri_confright","Beauty"
"S359",0.0283878806553587,-0.0270644310805235,"AIOri_confright","Beauty"
"S359",0.0320347962305278,0.0198359335622833,"AIForg_confright","Beauty"
"S336",0.0854961707894955,0.580619737199377,"Baseline_confleft","Beauty"
"S337",0.0540901037593818,0.245856088218164,"Baseline_confleft","Beauty"
"S338",0.0573147192605626,0.469155558913839,"Baseline_confleft","Beauty"
"S339",0.0372688893886175,0.376842393489391,"Baseline_confleft","Beauty"
"S340",0.0485266985801973,0.336922725208596,"Baseline_confleft","Beauty"
"S341",0.0484253937845641,0.456954207212348,"Baseline_confleft","Beauty"
"S342",0.127787728770825,0.686284126991554,"Baseline_confleft","Beauty"
"S343",0.0563277644206367,0.292149597885643,"Baseline_confleft","Beauty"
"S344",0.059759658859952,0.230678568796821,"Baseline_confleft","Beauty"
"S346",0.0477433471568097,0.343010444959222,"Baseline_confleft","Beauty"
"S347",0.0484308625025343,0.32476010574603,"Baseline_confleft","Beauty"
"S348",0.0749883734558247,0.274014268334626,"Baseline_confleft","Beauty"
"S349",0.0337918681084869,0.237519511197931,"Baseline_confleft","Beauty"
"S350",0.0514719566251387,0.320424296667863,"Baseline_confleft","Beauty"
"S351",0.0465786941061121,0.426730137413016,"Baseline_confleft","Beauty"
"S352",0.0424431885501579,0.346430688148301,"Baseline_confleft","Beauty"
"S353",0.0685273493836961,0.606631540993644,"Baseline_confleft","Beauty"
"S354",0.120629957327481,0.333724190661494,"Baseline_confleft","Beauty"
"S355",0.0597285743126387,0.342592616253409,"Baseline_confleft","Beauty"
"S356",0.0303606996847248,0.234611606889998,"Baseline_confleft","Beauty"
"S357",0.0498971176319867,0.432672004830215,"Baseline_confleft","Beauty"
"S358",0.0575388149198684,0.261912295075029,"Baseline_confleft","Beauty"
"S359",0.0409429583083134,0.473222340981704,"Baseline_confleft","Beauty"
"S336",0.0356231372235004,-0.0117872869821169,"ForgOri_confleft","Beauty"
"S336",0.033193538939162,0.0318728521478877,"AIOri_confleft","Beauty"
"S336",0.0372579466951908,0.0445951387144105,"AIForg_confleft","Beauty"
"S337",0.0242563784618846,0.0102786369158053,"ForgOri_confleft","Beauty"
"S337",0.0230157133173569,0.0486802298758328,"AIOri_confleft","Beauty"
"S337",0.0329137825999209,0.0418670274805478,"AIForg_confleft","Beauty"
"S338",0.0323401061826517,0.0194893679540993,"ForgOri_confleft","Beauty"
"S338",0.0335068860920302,0.0583313366881308,"AIOri_confleft","Beauty"
"S338",0.0324200086047204,0.0432915414046336,"AIForg_confleft","Beauty"
"S339",0.0210793600903867,0.0161619094501768,"ForgOri_confleft","Beauty"
"S339",0.0273256053901211,0.082278342709461,"AIOri_confleft","Beauty"
"S339",0.0290697032203636,0.0633464805810564,"AIForg_confleft","Beauty"
"S340",0.032384880798441,-0.0068574309217497,"ForgOri_confleft","Beauty"
"S340",0.0298539745146729,0.0613468292861626,"AIOri_confleft","Beauty"
"S340",0.0313427512933715,0.0674078831441167,"AIForg_confleft","Beauty"
"S341",0.0336493324640659,0.0756097508931988,"ForgOri_confleft","Beauty"
"S341",0.0266860897718419,0.0890322930555198,"AIOri_confleft","Beauty"
"S341",0.0320439595959544,0.0187360746535813,"AIForg_confleft","Beauty"
"S342",0.0244714334297235,0.0292996697079148,"ForgOri_confleft","Beauty"
"S342",0.0306541308554249,-0.00506845826798669,"AIOri_confleft","Beauty"
"S342",0.033208253973532,-0.031833414021943,"AIForg_confleft","Beauty"
"S343",0.0255790456117185,0.0339088248415814,"ForgOri_confleft","Beauty"
"S343",0.0281239200450447,0.0575343374878807,"AIOri_confleft","Beauty"
"S343",0.0350075874093702,0.0202962491184255,"AIForg_confleft","Beauty"
"S344",0.0192838039257656,-0.026715209622154,"ForgOri_confleft","Beauty"
"S344",0.0286433063118541,0.0139249535542013,"AIOri_confleft","Beauty"
"S344",0.0209454636956243,0.040613231871958,"AIForg_confleft","Beauty"
"S346",0.0198250962628248,0.0402384199397438,"ForgOri_confleft","Beauty"
"S346",0.0325452024216573,0.0835588813354079,"AIOri_confleft","Beauty"
"S346",0.0322035793486287,0.0438750079675444,"AIForg_confleft","Beauty"
"S347",0.0324979915628934,0.00933420788350542,"ForgOri_confleft","Beauty"
"S347",0.0345499974357559,-0.0138676309815444,"AIOri_confleft","Beauty"
"S347",0.0369197656997157,-0.0277025575559193,"AIForg_confleft","Beauty"
"S348",0.0236691419008686,0.00784942079568265,"ForgOri_confleft","Beauty"
"S348",0.0198605634863539,0.0429332013006479,"AIOri_confleft","Beauty"
"S348",0.0360216643587181,0.033777683887922,"AIForg_confleft","Beauty"
"S349",0.0234410539351477,0.00641042247608142,"ForgOri_confleft","Beauty"
"S349",0.0219141937352588,0.0765004972136441,"AIOri_confleft","Beauty"
"S349",0.0351757850260987,0.067325501266482,"AIForg_confleft","Beauty"
"S350",0.0247000718069094,0.0404389610944086,"ForgOri_confleft","Beauty"
"S350",0.0291522159925753,0.0497200304938142,"AIOri_confleft","Beauty"
"S350",0.0331736081682568,0.0102213172161023,"AIForg_confleft","Beauty"
"S351",0.0286323559837867,-0.0453650013565782,"ForgOri_confleft","Beauty"
"S351",0.0291681285503916,-0.00737321893094431,"AIOri_confleft","Beauty"
"S351",0.0289370919278882,0.0419730093399525,"AIForg_confleft","Beauty"
"S352",0.0217176927523091,0.0573578668495865,"ForgOri_confleft","Beauty"
"S352",0.034179974164664,0.141575544771968,"AIOri_confleft","Beauty"
"S352",0.034902570212677,0.0841174643284333,"AIForg_confleft","Beauty"
"S353",0.0216980200620146,-0.02577891435508,"ForgOri_confleft","Beauty"
"S353",0.0329708602507905,-0.0183449348744806,"AIOri_confleft","Beauty"
"S353",0.0424577285659884,0.00633144605346184,"AIForg_confleft","Beauty"
"S354",0.0381487096795137,0.0560179057741562,"ForgOri_confleft","Beauty"
"S354",0.03293023103649,0.0585891249609518,"AIOri_confleft","Beauty"
"S354",0.0404516262975264,-0.0019090803337201,"AIForg_confleft","Beauty"
"S355",0.0357763370942963,0.0995270065240578,"ForgOri_confleft","Beauty"
"S355",0.0316434341720534,0.0840906987936542,"AIOri_confleft","Beauty"
"S355",0.0361510543268339,-0.0137641682470003,"AIForg_confleft","Beauty"
"S356",0.0154672418370064,0.010008284303316,"ForgOri_confleft","Beauty"
"S356",0.0237316273055453,0.0450476401331552,"AIOri_confleft","Beauty"
"S356",0.0277856471753602,0.0329915675147616,"AIForg_confleft","Beauty"
"S357",0.0250835424605798,0.00997126663755071,"ForgOri_confleft","Beauty"
"S357",0.031000162323031,-0.0386413289495356,"AIOri_confleft","Beauty"
"S357",0.0428931389270139,-0.0506548827077364,"AIForg_confleft","Beauty"
"S358",0.0216595532786556,0.00256130865544313,"ForgOri_confleft","Beauty"
"S358",0.0218818445698627,0.0162724587154248,"AIOri_confleft","Beauty"
"S358",0.0335418260501026,0.0132573465171466,"AIForg_confleft","Beauty"
"S359",0.0361122052291237,0.0778931538925123,"ForgOri_confleft","Beauty"
"S359",0.0345610066901509,0.0353821178701677,"AIOri_confleft","Beauty"
"S359",0.0321553779151098,-0.0428095114024092,"AIForg_confleft","Beauty"
"S336",0.178031471433635,0.835165599947655,"Baseline_precright","Beauty"
"S337",0.748205690913862,3.27699071407015,"Baseline_precright","Beauty"
"S338",0.999419023013596,3.42143203352042,"Baseline_precright","Beauty"
"S339",0.655091058203178,2.37396301700894,"Baseline_precright","Beauty"
"S340",1.37498369281336,5.52903964684245,"Baseline_precright","Beauty"
"S341",0.861609339831959,2.88198618152207,"Baseline_precright","Beauty"
"S342",1.98236862059169,3.61032716898697,"Baseline_precright","Beauty"
"S343",0.653942085141336,2.96468076214223,"Baseline_precright","Beauty"
"S344",1.21631289389059,6.69812427841065,"Baseline_precright","Beauty"
"S346",0.951360061415834,3.95823717893648,"Baseline_precright","Beauty"
"S347",1.07120982980589,4.83214675545349,"Baseline_precright","Beauty"
"S348",1.42721549890132,6.14490019325287,"Baseline_precright","Beauty"
"S349",1.19491398099325,3.81816992269071,"Baseline_precright","Beauty"
"S350",0.526373296076738,2.38413154768065,"Baseline_precright","Beauty"
"S351",0.871506476542429,3.29036336163436,"Baseline_precright","Beauty"
"S352",0.460829651076944,1.93730122330377,"Baseline_precright","Beauty"
"S353",0.225914310245548,0.928174910089417,"Baseline_precright","Beauty"
"S354",1.02670145783784,4.12313475421259,"Baseline_precright","Beauty"
"S355",0.681041761771107,3.16907326725402,"Baseline_precright","Beauty"
"S356",1.62879711888597,5.93098003927868,"Baseline_precright","Beauty"
"S357",0.819894384566379,3.50863925251672,"Baseline_precright","Beauty"
"S358",0.488817459584279,1.76865312804593,"Baseline_precright","Beauty"
"S359",0.827506235920267,2.86298265088985,"Baseline_precright","Beauty"
"S336",0.279942737335032,0.187735966763621,"ForgOri_precright","Beauty"
"S336",0.234438976398143,0.455667301826022,"AIOri_precright","Beauty"
"S336",0.377580523526918,0.319476847459545,"AIForg_precright","Beauty"
"S337",0.560504820440343,0.657535050505847,"ForgOri_precright","Beauty"
"S337",0.518503146850798,0.783092509596856,"AIOri_precright","Beauty"
"S337",0.731965221569481,0.13236006340186,"AIForg_precright","Beauty"
"S338",0.700571464749319,0.760760865096743,"ForgOri_precright","Beauty"
"S338",0.491575905226728,0.600529750994361,"AIOri_precright","Beauty"
"S338",0.929026273279605,-0.25182335783524,"AIForg_precright","Beauty"
"S339",0.590940806361682,0.930327294501892,"ForgOri_precright","Beauty"
"S339",0.37507447118077,0.783374438347484,"AIOri_precright","Beauty"
"S339",0.648217237917824,-0.156422928968634,"AIForg_precright","Beauty"
"S340",0.765185931724867,1.57202557363161,"ForgOri_precright","Beauty"
"S340",0.433307229100282,0.992082285419392,"AIOri_precright","Beauty"
"S340",0.756892679216425,-0.368076231522333,"AIForg_precright","Beauty"
"S341",0.784331981770204,1.0286537352014,"ForgOri_precright","Beauty"
"S341",0.626492984737192,1.13357071608211,"AIOri_precright","Beauty"
"S341",0.653329521939638,0.0716182786126796,"AIForg_precright","Beauty"
"S342",0.712799716087487,0.735803829298026,"ForgOri_precright","Beauty"
"S342",0.430178408975473,0.780832771713196,"AIOri_precright","Beauty"
"S342",0.70852873111036,-0.0675994777423206,"AIForg_precright","Beauty"
"S343",0.583252183755135,0.908587387270631,"ForgOri_precright","Beauty"
"S343",0.441807042443504,0.749553214764447,"AIOri_precright","Beauty"
"S343",0.727681137947092,-0.100296777746153,"AIForg_precright","Beauty"
"S344",0.897248916793603,1.20203155946444,"ForgOri_precright","Beauty"
"S344",0.470382098417946,0.637767145562814,"AIOri_precright","Beauty"
"S344",0.878079493323257,-0.518898230642388,"AIForg_precright","Beauty"
"S346",0.592980818762878,0.755121350551055,"ForgOri_precright","Beauty"
"S346",0.496900053442499,1.08956820666924,"AIOri_precright","Beauty"
"S346",0.671272673078265,0.245298858937064,"AIForg_precright","Beauty"
"S347",0.595082592664036,0.856001140382074,"ForgOri_precright","Beauty"
"S347",0.460025754629354,0.759222226273593,"AIOri_precright","Beauty"
"S347",0.744470248030395,-0.117973841534678,"AIForg_precright","Beauty"
"S348",0.802974483805186,1.36358950754097,"ForgOri_precright","Beauty"
"S348",0.561403300599145,1.22840815513098,"AIOri_precright","Beauty"
"S348",0.790298078149409,-0.307143017522487,"AIForg_precright","Beauty"
"S349",0.676382751095072,0.894197695517702,"ForgOri_precright","Beauty"
"S349",0.586459814905415,1.24882535924546,"AIOri_precright","Beauty"
"S349",0.730320407511564,0.293396243291077,"AIForg_precright","Beauty"
"S350",0.50994204730153,0.476718822805628,"ForgOri_precright","Beauty"
"S350",0.408032153903653,0.727895971497005,"AIOri_precright","Beauty"
"S350",0.61438095302876,0.416681046524183,"AIForg_precright","Beauty"
"S351",0.77213478942064,0.87962805588833,"ForgOri_precright","Beauty"
"S351",0.416385718678067,0.960009459119391,"AIOri_precright","Beauty"
"S351",0.770415998016123,0.0180975569006077,"AIForg_precright","Beauty"
"S352",0.50224020928655,0.953164116431058,"ForgOri_precright","Beauty"
"S352",0.511584325730404,1.17129503814161,"AIOri_precright","Beauty"
"S352",0.715471123019512,0.260765998513703,"AIForg_precright","Beauty"
"S353",0.277002381954294,0.0891841229697275,"ForgOri_precright","Beauty"
"S353",0.38416171794808,0.44035021820379,"AIOri_precright","Beauty"
"S353",0.36780684823485,0.359950475064062,"AIForg_precright","Beauty"
"S354",0.615237401602999,0.978176393357133,"ForgOri_precright","Beauty"
"S354",0.495065424152516,1.03069801901449,"AIOri_precright","Beauty"
"S354",0.685823692816698,0.0981725482818958,"AIForg_precright","Beauty"
"S355",0.685340014200225,0.720369355801011,"ForgOri_precright","Beauty"
"S355",0.519260989925147,1.0777812388258,"AIOri_precright","Beauty"
"S355",0.884048897108589,0.331845611669969,"AIForg_precright","Beauty"
"S356",0.583298593255623,1.30597167081113,"ForgOri_precright","Beauty"
"S356",0.527415434135102,1.30833038129797,"AIOri_precright","Beauty"
"S356",0.739013936975918,0.0126361960687027,"AIForg_precright","Beauty"
"S357",0.668058054354545,0.980786681113563,"ForgOri_precright","Beauty"
"S357",0.427581488013411,0.847199317441017,"AIOri_precright","Beauty"
"S357",0.618931097706157,-0.105882258054972,"AIForg_precright","Beauty"
"S358",0.588209878057789,0.613605330380893,"ForgOri_precright","Beauty"
"S358",0.397479678519522,0.277668941411436,"AIOri_precright","Beauty"
"S358",0.654666459221446,-0.259469129844873,"AIForg_precright","Beauty"
"S359",0.700304315588555,0.841200766877765,"ForgOri_precright","Beauty"
"S359",0.400486386813229,0.619944379187161,"AIOri_precright","Beauty"
"S359",0.837402732693652,-0.0826588881878478,"AIForg_precright","Beauty"
"S336",0.702196624784918,1.28610056091467,"Baseline_precleft","Beauty"
"S337",0.841636655592529,2.68948306414147,"Baseline_precleft","Beauty"
"S338",0.412004333036507,1.7639857686117,"Baseline_precleft","Beauty"
"S339",0.547417290869663,2.53591585125436,"Baseline_precleft","Beauty"
"S340",0.544380028817009,1.44366133107054,"Baseline_precleft","Beauty"
"S341",0.36591470204795,1.65444089397785,"Baseline_precleft","Beauty"
"S342",1.02848968278384,2.3767738707832,"Baseline_precleft","Beauty"
"S343",0.642607969932781,2.57404597579331,"Baseline_precleft","Beauty"
"S344",0.731379096935225,2.2887711078934,"Baseline_precleft","Beauty"
"S346",0.661450038343021,2.63198923299549,"Baseline_precleft","Beauty"
"S347",0.944806163621565,2.926866299352,"Baseline_precleft","Beauty"
"S348",0.976683972714408,3.07968876433489,"Baseline_precleft","Beauty"
"S349",0.753874998972977,3.6701805514383,"Baseline_precleft","Beauty"
"S350",1.01318199444272,3.60284787020605,"Baseline_precleft","Beauty"
"S351",0.701839163222709,2.55604459048318,"Baseline_precleft","Beauty"
"S352",0.623256230179197,2.43560988862528,"Baseline_precleft","Beauty"
"S353",0.271989198601078,1.10124359803441,"Baseline_precleft","Beauty"
"S354",1.15958411092455,2.75583810690665,"Baseline_precleft","Beauty"
"S355",0.261414486864161,1.22794139450026,"Baseline_precleft","Beauty"
"S356",0.649100155223871,3.14214534149346,"Baseline_precleft","Beauty"
"S357",0.475335534559508,1.58841867209852,"Baseline_precleft","Beauty"
"S358",0.620119683283958,1.81359225484067,"Baseline_precleft","Beauty"
"S359",0.684800681696795,2.82577951556811,"Baseline_precleft","Beauty"
"S336",0.3107057788292,0.235635864617126,"ForgOri_precleft","Beauty"
"S336",0.207261671730797,-0.00519890335770823,"AIOri_precleft","Beauty"
"S336",0.357438276680902,-0.229187394742062,"AIForg_precleft","Beauty"
"S337",0.310073828067689,0.42138475307714,"ForgOri_precleft","Beauty"
"S337",0.252281336396884,-0.0194534201012486,"AIOri_precleft","Beauty"
"S337",0.399217206119952,-0.459009095936744,"AIForg_precleft","Beauty"
"S338",0.354433795748842,0.117710880533942,"ForgOri_precleft","Beauty"
"S338",0.19181481742313,-0.154390935586227,"AIOri_precleft","Beauty"
"S338",0.33155525918523,-0.309952755571803,"AIForg_precleft","Beauty"
"S339",0.320729273955042,0.27022684892285,"ForgOri_precleft","Beauty"
"S339",0.276502204805172,-0.185329651896055,"AIOri_precleft","Beauty"
"S339",0.262361909416816,-0.448494575896069,"AIForg_precleft","Beauty"
"S340",0.230127003370641,0.117477941371624,"ForgOri_precleft","Beauty"
"S340",0.224663945514504,-0.0528962031865306,"AIOri_precleft","Beauty"
"S340",0.269733228865901,-0.20085953770748,"AIForg_precleft","Beauty"
"S341",0.223131540835069,0.123826072764191,"ForgOri_precleft","Beauty"
"S341",0.211711635833266,0.0415714268355324,"AIOri_precleft","Beauty"
"S341",0.211992324085914,-0.0914604302609274,"AIForg_precleft","Beauty"
"S342",0.291454838322298,0.35217202117745,"ForgOri_precleft","Beauty"
"S342",0.237274831290771,0.0896315082159586,"AIOri_precleft","Beauty"
"S342",0.357166645006843,-0.222009101173074,"AIForg_precleft","Beauty"
"S343",0.341002048671366,0.214753867181027,"ForgOri_precleft","Beauty"
"S343",0.224735829474882,-0.180377021309441,"AIOri_precleft","Beauty"
"S343",0.300749321465107,-0.392490340537873,"AIForg_precleft","Beauty"
"S344",0.342062739457163,0.300939477842824,"ForgOri_precleft","Beauty"
"S344",0.250687475715301,0.00597136657769592,"AIOri_precleft","Beauty"
"S344",0.393709101169326,-0.307160763783795,"AIForg_precleft","Beauty"
"S346",0.281000875984403,-0.0652486812586126,"ForgOri_precleft","Beauty"
"S346",0.293840147892655,-0.115566559435927,"AIOri_precleft","Beauty"
"S346",0.35432454641018,-0.0439826395223522,"AIForg_precleft","Beauty"
"S347",0.329001123266772,0.34908899955249,"ForgOri_precleft","Beauty"
"S347",0.244092555882008,0.142254103862161,"AIOri_precleft","Beauty"
"S347",0.373062447652249,-0.191692350972155,"AIForg_precleft","Beauty"
"S348",0.301388045645722,0.25959765827037,"ForgOri_precleft","Beauty"
"S348",0.238148312647556,-0.0606244461114005,"AIOri_precleft","Beauty"
"S348",0.337501500466763,-0.29538664037081,"AIForg_precleft","Beauty"
"S349",0.281377729297563,0.269930712385384,"ForgOri_precleft","Beauty"
"S349",0.298256218823315,-0.168040213508329,"AIOri_precleft","Beauty"
"S349",0.35685109108418,-0.388684554934234,"AIForg_precleft","Beauty"
"S350",0.371277529192781,0.119474070918857,"ForgOri_precleft","Beauty"
"S350",0.287686748946046,-0.229672929855186,"AIOri_precleft","Beauty"
"S350",0.369572548398748,-0.325826019371425,"AIForg_precleft","Beauty"
"S351",0.300658179401791,0.328255660250672,"ForgOri_precleft","Beauty"
"S351",0.22000091614728,0.0856346249881916,"AIOri_precleft","Beauty"
"S351",0.373880130610195,-0.211137842857772,"AIForg_precleft","Beauty"
"S352",0.280812763245463,0.269822744324058,"ForgOri_precleft","Beauty"
"S352",0.296253190185329,-0.188504402717591,"AIOri_precleft","Beauty"
"S352",0.35445397984,-0.451221401319555,"AIForg_precleft","Beauty"
"S353",0.227398327233834,0.295918687145088,"ForgOri_precleft","Beauty"
"S353",0.206594833684614,0.112480554109924,"AIOri_precleft","Beauty"
"S353",0.297885752113759,-0.165392479067545,"AIForg_precleft","Beauty"
"S354",0.288734927819735,0.00236522032551068,"ForgOri_precleft","Beauty"
"S354",0.270897190832127,-0.143684137553606,"AIOri_precleft","Beauty"
"S354",0.406800170778919,-0.102530720611313,"AIForg_precleft","Beauty"
"S355",0.286519090126826,0.255307056737442,"ForgOri_precleft","Beauty"
"S355",0.196482184388192,0.0772594367870527,"AIOri_precleft","Beauty"
"S355",0.271407635310115,-0.199714069087995,"AIForg_precleft","Beauty"
"S356",0.294963820556555,0.307086682299051,"ForgOri_precleft","Beauty"
"S356",0.33150522659102,0.0825603221076872,"AIOri_precleft","Beauty"
"S356",0.430007159959317,-0.18955338358998,"AIForg_precleft","Beauty"
"S357",0.253281624723722,0.275868616137977,"ForgOri_precleft","Beauty"
"S357",0.224317593378671,0.0736632700621129,"AIOri_precleft","Beauty"
"S357",0.356053832787552,-0.234183905769151,"AIForg_precleft","Beauty"
"S358",0.346715697318108,0.372649444332609,"ForgOri_precleft","Beauty"
"S358",0.266398052695759,-0.0113026534700887,"AIOri_precleft","Beauty"
"S358",0.366788018213259,-0.407580792803858,"AIForg_precleft","Beauty"
"S359",0.333895493916329,0.14776129547092,"ForgOri_precleft","Beauty"
"S359",0.258954987378507,-0.116662426464402,"AIOri_precleft","Beauty"
"S359",0.388779789525387,-0.269451455091653,"AIForg_precleft","Beauty"
"S001",0.0303980723581238,0.541831717722054,"Baseline_mu","Valence"
"S002",0.0331375689587551,0.596589786254772,"Baseline_mu","Valence"
"S003",0.0312706213271041,0.539025708313835,"Baseline_mu","Valence"
"S004",0.0316996224367359,0.540950034666645,"Baseline_mu","Valence"
"S005",0.0271111354168784,0.507285913303349,"Baseline_mu","Valence"
"S006",0.0245637897097187,0.526375641277509,"Baseline_mu","Valence"
"S007",0.0344812994554992,0.529141489329847,"Baseline_mu","Valence"
"S008",0.0408708100315844,0.494037887966673,"Baseline_mu","Valence"
"S009",0.0330674687050894,0.518482911229994,"Baseline_mu","Valence"
"S010",0.0325787878028048,0.414542717711869,"Baseline_mu","Valence"
"S011",0.0300582425794679,0.488172056288447,"Baseline_mu","Valence"
"S012",0.026780215588817,0.601081821888197,"Baseline_mu","Valence"
"S013",0.0271503957191003,0.569409656160843,"Baseline_mu","Valence"
"S014",0.0185499353408033,0.571491788065488,"Baseline_mu","Valence"
"S015",0.0220090193833298,0.460494000417737,"Baseline_mu","Valence"
"S016",0.039730457396402,0.571862272475764,"Baseline_mu","Valence"
"S017",0.0231106902024306,0.534407024220279,"Baseline_mu","Valence"
"S018",0.0215322545675596,0.462055828593582,"Baseline_mu","Valence"
"S019",0.0203844149436485,0.677877072856394,"Baseline_mu","Valence"
"S020",0.032176235691402,0.591406033282019,"Baseline_mu","Valence"
"S021",0.030025272225127,0.571223183397262,"Baseline_mu","Valence"
"S022",0.0383857522145204,0.726204469334445,"Baseline_mu","Valence"
"S023",0.0288007092248162,0.42149017682868,"Baseline_mu","Valence"
"S024",0.0295916820571101,0.365510667784762,"Baseline_mu","Valence"
"S025",0.0310774881261057,0.569400558726283,"Baseline_mu","Valence"
"S026",0.0171771600264596,0.540054464593082,"Baseline_mu","Valence"
"S027",0.0374752231066794,0.51844753835159,"Baseline_mu","Valence"
"S028",0.0247962658023026,0.477638371907777,"Baseline_mu","Valence"
"S029",0.0174495427696633,0.520753224788576,"Baseline_mu","Valence"
"S030",0.0197291487580413,0.589784869413928,"Baseline_mu","Valence"
"S031",0.0251397368096834,0.748915094038071,"Baseline_mu","Valence"
"S032",0.0281475033296527,0.552543018419348,"Baseline_mu","Valence"
"S033",0.0330011412721925,0.52298206890635,"Baseline_mu","Valence"
"S035",0.0197252762427237,0.496136426276233,"Baseline_mu","Valence"
"S036",0.0400711528735874,0.465865729180068,"Baseline_mu","Valence"
"S038",0.0246796253114114,0.508257311447986,"Baseline_mu","Valence"
"S039",0.0247714291356733,0.482195622062739,"Baseline_mu","Valence"
"S040",0.0237171781445099,0.500190947111465,"Baseline_mu","Valence"
"S041",0.0240508064603762,0.558770907957502,"Baseline_mu","Valence"
"S042",0.0302860035969933,0.623300700309791,"Baseline_mu","Valence"
"S043",0.0356845348804221,0.412076914340284,"Baseline_mu","Valence"
"S044",0.0363310828345628,0.473708445979583,"Baseline_mu","Valence"
"S045",0.031319475603115,0.482285275624997,"Baseline_mu","Valence"
"S046",0.0298042714919944,0.544258246302359,"Baseline_mu","Valence"
"S047",0.0352353988627963,0.5014224975403,"Baseline_mu","Valence"
"S048",0.0268671582954018,0.474064998521672,"Baseline_mu","Valence"
"S050",0.0175766329940732,0.491074499166965,"Baseline_mu","Valence"
"S051",0.0285127352200136,0.584162265550623,"Baseline_mu","Valence"
"S052",0.0279914071730968,0.542712214251658,"Baseline_mu","Valence"
"S055",0.0211063492733092,0.602441132454486,"Baseline_mu","Valence"
"S001",0.0286489622923961,0.00199135685428725,"ForgOri_mu","Valence"
"S001",0.0448645787265686,-0.0523219286607617,"AIOri_mu","Valence"
"S001",0.0414446841395056,-0.0526580834321904,"AIForg_mu","Valence"
"S002",0.0222103846273726,-0.026373404582605,"ForgOri_mu","Valence"
"S002",0.0438397108873212,-0.114090122856741,"AIOri_mu","Valence"
"S002",0.031503497154889,-0.0883777217669353,"AIForg_mu","Valence"
"S003",0.0226471508194633,-0.0075982430407896,"ForgOri_mu","Valence"
"S003",0.0401496641078627,-0.0405345298499581,"AIOri_mu","Valence"
"S003",0.0368494506202978,-0.0344837163328555,"AIForg_mu","Valence"
"S004",0.0220572523255576,-0.0742803590379917,"ForgOri_mu","Valence"
"S004",0.0348139632608215,-0.124884759486071,"AIOri_mu","Valence"
"S004",0.0364725818741153,-0.0487009669649998,"AIForg_mu","Valence"
"S005",0.0253548709204527,-0.104485240621528,"ForgOri_mu","Valence"
"S005",0.0363035190757976,-0.0665143457903092,"AIOri_mu","Valence"
"S005",0.0309918316063651,0.0431673467684383,"AIForg_mu","Valence"
"S006",0.0213577459937808,-0.0225584150503603,"ForgOri_mu","Valence"
"S006",0.0405618636588272,-0.125075705058082,"AIOri_mu","Valence"
"S006",0.0376890731152962,-0.0904173253546232,"AIForg_mu","Valence"
"S007",0.0262108458440062,-0.104964472215711,"ForgOri_mu","Valence"
"S007",0.030934366281634,-0.0739980705723801,"AIOri_mu","Valence"
"S007",0.0285688402995267,0.0255323900190776,"AIForg_mu","Valence"
"S008",0.0368012748439381,-0.100394196028648,"ForgOri_mu","Valence"
"S008",0.0483312437313038,-0.169312606048927,"AIOri_mu","Valence"
"S008",0.0374847527859779,-0.0608706800098545,"AIForg_mu","Valence"
"S009",0.0316722675021131,0.0185835745546318,"ForgOri_mu","Valence"
"S009",0.0371403957980407,-0.0104180158223633,"AIOri_mu","Valence"
"S009",0.0336533288079062,-0.0278968703841664,"AIForg_mu","Valence"
"S010",0.0262076550358307,0.0760628649095666,"ForgOri_mu","Valence"
"S010",0.0423432971050647,-0.055954405201077,"AIOri_mu","Valence"
"S010",0.036710616914348,-0.135357649246102,"AIForg_mu","Valence"
"S011",0.0229456131506602,-0.0210095448788506,"ForgOri_mu","Valence"
"S011",0.0371084148938003,0.0266993719323849,"AIOri_mu","Valence"
"S011",0.0332166810773274,0.0435845390305505,"AIForg_mu","Valence"
"S012",0.0200865390910197,-0.0869863352050442,"ForgOri_mu","Valence"
"S012",0.0286672388777164,-0.0872917644860572,"AIOri_mu","Valence"
"S012",0.0315597195180651,-8.7781555614036e-05,"AIForg_mu","Valence"
"S013",0.0218328212603426,-0.0518564926821312,"ForgOri_mu","Valence"
"S013",0.0306020723575971,-0.0305694709947912,"AIOri_mu","Valence"
"S013",0.0271281776332007,0.017998199899531,"AIForg_mu","Valence"
"S014",0.0155104228888171,-0.0373288121786231,"ForgOri_mu","Valence"
"S014",0.0248591345735748,-0.0617374700349143,"AIOri_mu","Valence"
"S014",0.0253944036769502,-0.0255228404879477,"AIForg_mu","Valence"
"S015",0.0224751427906423,0.00841161562350903,"ForgOri_mu","Valence"
"S015",0.0254219928522624,0.023525217859021,"AIOri_mu","Valence"
"S015",0.0267326207015698,0.0145827149461307,"AIForg_mu","Valence"
"S016",0.0289738703656083,0.0157606507283439,"ForgOri_mu","Valence"
"S016",0.0477444297900481,-0.0488241207733289,"AIOri_mu","Valence"
"S016",0.0344036687037646,-0.0696035998840167,"AIForg_mu","Valence"
"S017",0.0224589593388205,0.0126968907999742,"ForgOri_mu","Valence"
"S017",0.0331153077622989,-0.0704027077271541,"AIOri_mu","Valence"
"S017",0.0265633518435388,-0.0816849757031665,"AIForg_mu","Valence"
"S018",0.0188261316549,0.0132210200849587,"ForgOri_mu","Valence"
"S018",0.035026800877284,-0.0112227848127594,"AIOri_mu","Valence"
"S018",0.0301875719103341,-0.0194667905106624,"AIForg_mu","Valence"
"S019",0.0229811362948322,-0.0653791124495858,"ForgOri_mu","Valence"
"S019",0.0245743504203015,-0.13362351733873,"AIOri_mu","Valence"
"S019",0.0351838960072752,-0.0703812185438233,"AIForg_mu","Valence"
"S020",0.0312236920345815,-0.0662825280991735,"ForgOri_mu","Valence"
"S020",0.044031160007856,-0.170004763211977,"AIOri_mu","Valence"
"S020",0.0404555765171592,-0.10007037577943,"AIForg_mu","Valence"
"S021",0.021444138894488,-0.100143382492251,"ForgOri_mu","Valence"
"S021",0.04000568196406,-0.10250583123361,"AIOri_mu","Valence"
"S021",0.0343084612630236,-0.00137846211700529,"AIForg_mu","Valence"
"S022",0.0269519350100696,-0.0587838609424089,"ForgOri_mu","Valence"
"S022",0.0421342958760434,-0.0491035483367895,"AIOri_mu","Valence"
"S022",0.0316680543489423,0.00915361933852604,"AIForg_mu","Valence"
"S023",0.0266013715649719,-0.0487838571779661,"ForgOri_mu","Valence"
"S023",0.032790280608825,0.0686529270935172,"AIOri_mu","Valence"
"S023",0.0288045409825874,0.114346000558737,"AIForg_mu","Valence"
"S024",0.0286440183114119,0.0876912413193191,"ForgOri_mu","Valence"
"S024",0.0549108929693702,0.160442527632899,"AIOri_mu","Valence"
"S024",0.0382545610869255,0.0712994854342678,"AIForg_mu","Valence"
"S025",0.0202606346797758,-0.061417010945112,"ForgOri_mu","Valence"
"S025",0.0340080141429865,-0.115773862198595,"AIOri_mu","Valence"
"S025",0.0315065704804235,-0.054059962304492,"AIForg_mu","Valence"
"S026",0.0209794697104451,0.00600790638154147,"ForgOri_mu","Valence"
"S026",0.0270206257382081,-0.081548181588065,"AIOri_mu","Valence"
"S026",0.0206587386113663,-0.0894339294935037,"AIForg_mu","Valence"
"S027",0.0279325727219886,0.0571868670262944,"ForgOri_mu","Valence"
"S027",0.0511103167153101,-0.00904361228956357,"AIOri_mu","Valence"
"S027",0.0406562898008655,-0.0733421436781803,"AIForg_mu","Valence"
"S028",0.0239657404169177,-0.00715545174982277,"ForgOri_mu","Valence"
"S028",0.0385269512091313,-0.0681843968420062,"AIOri_mu","Valence"
"S028",0.0353652426995402,-0.0465788444697871,"AIForg_mu","Valence"
"S029",0.0218779022506796,-0.0852196449288228,"ForgOri_mu","Valence"
"S029",0.0310520890441965,-0.132242254371745,"AIOri_mu","Valence"
"S029",0.030191068520958,-0.0471966938407298,"AIForg_mu","Valence"
"S030",0.0264691429158491,-0.0726964020821734,"ForgOri_mu","Valence"
"S030",0.0257453467822658,-0.00957621217531318,"AIOri_mu","Valence"
"S030",0.0338647088908762,0.0583591635998299,"AIForg_mu","Valence"
"S031",0.017511016262028,-0.0678506300587748,"ForgOri_mu","Valence"
"S031",0.0316664578495752,-0.140676045619827,"AIOri_mu","Valence"
"S031",0.0304552119803164,-0.0683761766185589,"AIForg_mu","Valence"
"S032",0.0262691076896017,-0.0189050995692996,"ForgOri_mu","Valence"
"S032",0.0309933660932984,-0.0164398547627379,"AIOri_mu","Valence"
"S032",0.0283369002614733,0.00444412218920492,"AIForg_mu","Valence"
"S033",0.0240465818657406,-0.039828737171656,"ForgOri_mu","Valence"
"S033",0.0340898564743107,-0.0815863182957,"AIOri_mu","Valence"
"S033",0.0402554883910956,-0.0427468755640861,"AIForg_mu","Valence"
"S035",0.0180521831436669,-0.00658264949588958,"ForgOri_mu","Valence"
"S035",0.0270820880869245,-0.0231367704825063,"AIOri_mu","Valence"
"S035",0.0241812866093254,-0.0168063888825375,"AIForg_mu","Valence"
"S036",0.0319003941775884,-0.0690525173554251,"ForgOri_mu","Valence"
"S036",0.041686781077236,-0.0255899720739554,"AIOri_mu","Valence"
"S036",0.0359636739053973,0.0481806708718307,"AIForg_mu","Valence"
"S038",0.0223370002198732,-0.0515810088269822,"ForgOri_mu","Valence"
"S038",0.0344961573754239,-0.0378299111829787,"AIOri_mu","Valence"
"S038",0.0277561693106205,0.0127351561698445,"AIForg_mu","Valence"
"S039",0.0213916664596267,0.0316419108614217,"ForgOri_mu","Valence"
"S039",0.0382781587771168,-0.0233885809187041,"AIOri_mu","Valence"
"S039",0.02756666184228,-0.0539725948498073,"AIForg_mu","Valence"
"S040",0.0233403880915453,-0.00812229004128306,"ForgOri_mu","Valence"
"S040",0.0330207239288728,-0.051360175885047,"AIOri_mu","Valence"
"S040",0.0321727263674776,-0.0443800417931336,"AIForg_mu","Valence"
"S041",0.0173393578851883,-0.0154159302160981,"ForgOri_mu","Valence"
"S041",0.0386016499400155,-0.0498293244727792,"AIOri_mu","Valence"
"S041",0.0356973866401299,-0.0333816287777947,"AIForg_mu","Valence"
"S042",0.0306506801429472,-0.0225316604559136,"ForgOri_mu","Valence"
"S042",0.0406576612302287,-0.0701742671640354,"AIOri_mu","Valence"
"S042",0.0389748575701504,-0.0461252546248968,"AIForg_mu","Valence"
"S043",0.030768072967911,0.0466903363358392,"ForgOri_mu","Valence"
"S043",0.0407031328487738,-0.0474793860170303,"AIOri_mu","Valence"
"S043",0.0370663377282459,-0.097805591300837,"AIForg_mu","Valence"
"S044",0.0301570296654526,-0.0179017376971559,"ForgOri_mu","Valence"
"S044",0.0434892168244728,-0.132366061278222,"AIOri_mu","Valence"
"S044",0.0419495568024695,-0.114918003488875,"AIForg_mu","Valence"
"S045",0.0199136895140992,-0.0808254493343207,"ForgOri_mu","Valence"
"S045",0.0322331035042521,-0.0440787492095772,"AIOri_mu","Valence"
"S045",0.0288945550152102,0.0385962804303401,"AIForg_mu","Valence"
"S046",0.0263446668644523,-0.0744222835597375,"ForgOri_mu","Valence"
"S046",0.039300599023731,-0.0698004657706385,"AIOri_mu","Valence"
"S046",0.0394065337754281,0.00276189578232466,"AIForg_mu","Valence"
"S047",0.0253211686136859,-0.0583798197327301,"ForgOri_mu","Valence"
"S047",0.0358718475926827,-0.147113226995845,"AIOri_mu","Valence"
"S047",0.0333661354505215,-0.082983334104983,"AIForg_mu","Valence"
"S048",0.0261948168637629,-0.0226388274755104,"ForgOri_mu","Valence"
"S048",0.0358096173462275,0.0194907517716066,"AIOri_mu","Valence"
"S048",0.0293788377766543,0.0394801834806782,"AIForg_mu","Valence"
"S050",0.0218463200286562,-0.0504142378291999,"ForgOri_mu","Valence"
"S050",0.0355797683097931,-0.045365500756236,"AIOri_mu","Valence"
"S050",0.0256340747625939,0.00298754561769837,"AIForg_mu","Valence"
"S051",0.0213174974823653,0.0347023141031026,"ForgOri_mu","Valence"
"S051",0.0379697954360674,-0.0619889349146195,"AIOri_mu","Valence"
"S051",0.0377600962737272,-0.0991417208429836,"AIForg_mu","Valence"
"S052",0.0223819390579491,-0.0285714454816113,"ForgOri_mu","Valence"
"S052",0.0398337879362164,-0.0322070195441564,"AIOri_mu","Valence"
"S052",0.0312981465339991,0.000841067465003842,"AIForg_mu","Valence"
"S055",0.0232109797661806,-0.0437009423631541,"ForgOri_mu","Valence"
"S055",0.0408761635306332,-0.0447434788330737,"AIOri_mu","Valence"
"S055",0.0417647253565166,0.00287950611199583,"AIForg_mu","Valence"
"S001",0.693399689547179,3.48866443483661,"Baseline_phi","Valence"
"S002",1.27529352929532,6.01825290353914,"Baseline_phi","Valence"
"S003",1.43613334674626,5.09919960044305,"Baseline_phi","Valence"
"S004",0.960917604754587,4.01796830871414,"Baseline_phi","Valence"
"S005",1.58389462684995,5.70847087677146,"Baseline_phi","Valence"
"S006",2.29640475260321,8.57382240553906,"Baseline_phi","Valence"
"S007",1.28729890072816,5.14147179205637,"Baseline_phi","Valence"
"S008",0.946915274933019,3.00920713274156,"Baseline_phi","Valence"
"S009",0.974709542400461,3.78643640918624,"Baseline_phi","Valence"
"S010",1.33548290699478,4.48906927053433,"Baseline_phi","Valence"
"S011",0.463573675223205,2.30478336607812,"Baseline_phi","Valence"
"S012",1.74516486742316,7.8522037507711,"Baseline_phi","Valence"
"S013",1.97506492640512,8.56531685957914,"Baseline_phi","Valence"
"S014",5.09339362955475,17.7515380422791,"Baseline_phi","Valence"
"S015",4.60829647534951,15.2004061168972,"Baseline_phi","Valence"
"S016",1.01068536516419,3.75359189399601,"Baseline_phi","Valence"
"S017",0.980431558325481,5.41313470065541,"Baseline_phi","Valence"
"S018",1.10322708295335,4.00993934799951,"Baseline_phi","Valence"
"S019",2.11867773866857,8.09285148411611,"Baseline_phi","Valence"
"S020",1.38743771213916,4.66843031147853,"Baseline_phi","Valence"
"S021",1.23147990508908,5.03682786862772,"Baseline_phi","Valence"
"S022",0.541195579210236,1.94774271223621,"Baseline_phi","Valence"
"S023",1.10320314193473,4.32311855103758,"Baseline_phi","Valence"
"S024",0.696211460229617,2.50634210256948,"Baseline_phi","Valence"
"S025",0.7689428985707,2.7506497307545,"Baseline_phi","Valence"
"S026",3.55744992976923,13.9874418596574,"Baseline_phi","Valence"
"S027",0.563869813656077,2.23842518467865,"Baseline_phi","Valence"
"S028",1.53358565087047,6.27625449640861,"Baseline_phi","Valence"
"S029",2.73843049835781,11.7436876625771,"Baseline_phi","Valence"
"S030",3.27944107242468,10.1226371375478,"Baseline_phi","Valence"
"S031",1.3801460092293,5.68236778151302,"Baseline_phi","Valence"
"S032",1.3296492560639,6.30851459794335,"Baseline_phi","Valence"
"S033",0.957744110010051,4.12118887172576,"Baseline_phi","Valence"
"S035",6.0149094237902,19.1876579304013,"Baseline_phi","Valence"
"S036",0.419060841927407,1.96456953055741,"Baseline_phi","Valence"
"S038",1.88897891856999,7.74209196892141,"Baseline_phi","Valence"
"S039",1.4015005851642,6.34691633033712,"Baseline_phi","Valence"
"S040",3.49645082845862,10.3391912736262,"Baseline_phi","Valence"
"S041",2.10897027419514,8.19488425297896,"Baseline_phi","Valence"
"S042",0.414950700902872,2.07167704007378,"Baseline_phi","Valence"
"S043",1.25700752841364,4.68575595071447,"Baseline_phi","Valence"
"S044",0.569493104931451,2.31091330101047,"Baseline_phi","Valence"
"S045",1.2921060399924,5.41668758475394,"Baseline_phi","Valence"
"S046",0.630389705375015,2.44325501359976,"Baseline_phi","Valence"
"S047",1.29600789012339,4.47322055702884,"Baseline_phi","Valence"
"S048",0.903144176921298,4.0889304491757,"Baseline_phi","Valence"
"S050",5.14270106012146,17.3492098082841,"Baseline_phi","Valence"
"S051",3.06481133420627,10.0362521192206,"Baseline_phi","Valence"
"S052",1.39386928637301,5.38476679417393,"Baseline_phi","Valence"
"S055",2.32852110147297,9.56782945387062,"Baseline_phi","Valence"
"S001",0.519290611718652,0.471234005659857,"ForgOri_phi","Valence"
"S001",0.766119766281797,0.135202085368356,"AIOri_phi","Valence"
"S001",0.80812541742478,-0.21897063724864,"AIForg_phi","Valence"
"S002",0.835346837862896,1.03473838608521,"ForgOri_phi","Valence"
"S002",1.42341299119012,0.202767203867478,"AIOri_phi","Valence"
"S002",1.34042873865257,-0.891355964147151,"AIForg_phi","Valence"
"S003",0.745852954724327,0.106166648772328,"ForgOri_phi","Valence"
"S003",1.41527493020277,0.0295108012108858,"AIOri_phi","Valence"
"S003",1.28402865883007,-0.215745707477302,"AIForg_phi","Valence"
"S004",0.497470413685273,-0.0447951428357396,"ForgOri_phi","Valence"
"S004",0.942381719968764,0.771077593837954,"AIOri_phi","Valence"
"S004",0.915633805287549,0.837198688381233,"AIForg_phi","Valence"
"S005",0.794388963349276,-0.21934318859182,"ForgOri_phi","Valence"
"S005",1.16957868102141,0.163663966910366,"AIOri_phi","Valence"
"S005",1.38929664592179,0.0699473974261187,"AIForg_phi","Valence"
"S006",1.22661922656154,-0.494920765449292,"ForgOri_phi","Valence"
"S006",1.9064273948337,-0.525564719680562,"AIOri_phi","Valence"
"S006",1.97573160645579,0.112578573281676,"AIForg_phi","Valence"
"S007",0.663798118455034,0.699994831041419,"ForgOri_phi","Valence"
"S007",1.12534848199814,1.08728541935182,"AIOri_phi","Valence"
"S007",1.12651347011714,0.189000855904339,"AIForg_phi","Valence"
"S008",0.507474922061898,0.0697031370904942,"ForgOri_phi","Valence"
"S008",0.896182458742829,0.418192246656288,"AIOri_phi","Valence"
"S008",0.749930964906827,0.386080272883651,"AIForg_phi","Valence"
"S009",0.676151705804233,0.593306015281524,"ForgOri_phi","Valence"
"S009",0.475041629552407,-0.0380458931884058,"AIOri_phi","Valence"
"S009",0.721700594031568,-0.739567035695922,"AIForg_phi","Valence"
"S010",1.17460747734331,1.74549056540764,"ForgOri_phi","Valence"
"S010",1.19951586515828,1.13990557497902,"AIOri_phi","Valence"
"S010",1.73777523866054,-0.665120403594751,"AIForg_phi","Valence"
"S011",0.394707547463772,0.536012212573004,"ForgOri_phi","Valence"
"S011",0.458699788397173,0.478401600678699,"AIOri_phi","Valence"
"S011",0.674006912698833,-0.143852093172007,"AIForg_phi","Valence"
"S012",0.874117502196041,0.62361049890686,"ForgOri_phi","Valence"
"S012",2.61239331715008,3.00231873526196,"AIOri_phi","Valence"
"S012",2.83012955201292,2.7694858823583,"AIForg_phi","Valence"
"S013",1.48401579912918,1.19985376049191,"ForgOri_phi","Valence"
"S013",2.50343058931341,2.53824825292775,"AIOri_phi","Valence"
"S013",2.78427751423479,1.05729103823007,"AIForg_phi","Valence"
"S014",3.2485130181789,1.55928444423853,"ForgOri_phi","Valence"
"S014",4.22944686509333,0.682448032682848,"AIOri_phi","Valence"
"S014",5.68678158034999,-1.11779168881517,"AIForg_phi","Valence"
"S015",1.66752006598109,0.921511524654951,"ForgOri_phi","Valence"
"S015",3.83347746799505,3.06098791575793,"AIOri_phi","Valence"
"S015",4.19256233989454,2.23754512459239,"AIForg_phi","Valence"
"S016",0.610848008851089,0.751786502766845,"ForgOri_phi","Valence"
"S016",1.20041521997849,1.21780013338381,"AIOri_phi","Valence"
"S016",1.26075495463806,0.471912610503467,"AIForg_phi","Valence"
"S017",0.916866799867384,1.0963272577769,"ForgOri_phi","Valence"
"S017",1.55731324399889,1.52387567178612,"AIOri_phi","Valence"
"S017",1.84647457812971,0.181482090745957,"AIForg_phi","Valence"
"S018",0.683827033239805,-0.0403603741046037,"ForgOri_phi","Valence"
"S018",0.785660777318695,0.156706205813339,"AIOri_phi","Valence"
"S018",0.932603669655639,0.165995516632649,"AIForg_phi","Valence"
"S019",1.28292388166055,1.07139613468764,"ForgOri_phi","Valence"
"S019",2.29409628219898,-0.518376800379687,"AIOri_phi","Valence"
"S019",2.12852115526517,-1.79938361105579,"AIForg_phi","Valence"
"S020",0.613613402295597,0.318004153983409,"ForgOri_phi","Valence"
"S020",1.17715999574607,0.599424877142133,"AIOri_phi","Valence"
"S020",1.25211016083442,0.185562854456069,"AIForg_phi","Valence"
"S021",0.623080377135176,0.388379963943953,"ForgOri_phi","Valence"
"S021",1.03868656455945,0.390561216581521,"AIOri_phi","Valence"
"S021",0.985699880469158,0.219111649019817,"AIForg_phi","Valence"
"S022",0.335898067089096,0.0688175299774699,"ForgOri_phi","Valence"
"S022",0.536850373680802,0.559655026927449,"AIOri_phi","Valence"
"S022",0.676791955583971,0.48847559990384,"AIForg_phi","Valence"
"S023",0.541769453018028,-0.0632294799383311,"ForgOri_phi","Valence"
"S023",0.867432776936097,0.347943164379584,"AIOri_phi","Valence"
"S023",0.925123561143495,0.51698265839518,"AIForg_phi","Valence"
"S024",0.498759724636082,0.743975013267256,"ForgOri_phi","Valence"
"S024",0.983403902123215,1.37383429029105,"AIOri_phi","Valence"
"S024",0.843630408961057,0.630141167278328,"AIForg_phi","Valence"
"S025",0.515076488171072,-0.0151257631978052,"ForgOri_phi","Valence"
"S025",0.822992519355415,0.121524618261326,"AIOri_phi","Valence"
"S025",0.73808031302353,0.0275582948713076,"AIForg_phi","Valence"
"S026",2.90443426326905,4.39250850493588,"ForgOri_phi","Valence"
"S026",4.58066337351038,3.15604610156834,"AIOri_phi","Valence"
"S026",5.48732907125881,-0.890682030620856,"AIForg_phi","Valence"
"S027",0.48351191184555,0.795414322986322,"ForgOri_phi","Valence"
"S027",0.610270206706902,0.313288788602012,"AIOri_phi","Valence"
"S027",0.742821548770001,-0.437803831115148,"AIForg_phi","Valence"
"S028",0.996530967479075,0.75421140327007,"ForgOri_phi","Valence"
"S028",1.58546707879598,-0.0616061924034339,"AIOri_phi","Valence"
"S028",2.00650496757844,-0.814277605545265,"AIForg_phi","Valence"
"S029",2.04968279462034,1.52070715604332,"ForgOri_phi","Valence"
"S029",2.62072482980852,-0.562277610888103,"AIOri_phi","Valence"
"S029",2.42187331972669,-2.23218906346929,"AIForg_phi","Valence"
"S030",1.47710591542883,0.764557879846117,"ForgOri_phi","Valence"
"S030",2.62411317713357,1.29628906730519,"AIOri_phi","Valence"
"S030",2.24135349626405,0.00280011946419689,"AIForg_phi","Valence"
"S031",0.602433728161308,0.205566523740225,"ForgOri_phi","Valence"
"S031",1.35706486789284,1.07402015290113,"AIOri_phi","Valence"
"S031",1.27164380655547,0.870159227625984,"AIForg_phi","Valence"
"S032",1.01751398808309,2.28220984472862,"ForgOri_phi","Valence"
"S032",1.78638776986288,-0.0862614923115315,"AIOri_phi","Valence"
"S032",1.85396196570085,-2.34538155932041,"AIForg_phi","Valence"
"S033",0.682305184734047,0.651560129925516,"ForgOri_phi","Valence"
"S033",0.866236759570567,0.79171525983095,"AIOri_phi","Valence"
"S033",1.12194499836652,0.0434792543502684,"AIForg_phi","Valence"
"S035",2.91735744564206,3.71606256729741,"ForgOri_phi","Valence"
"S035",4.86722220421725,1.48931405730871,"AIOri_phi","Valence"
"S035",4.96985661771143,-2.19317401771549,"AIForg_phi","Valence"
"S036",0.328295579404925,0.174725818450787,"ForgOri_phi","Valence"
"S036",0.539743031865684,0.256160621617728,"AIOri_phi","Valence"
"S036",0.649431741513749,0.1131366619042,"AIForg_phi","Valence"
"S038",1.1372241474166,-0.136038513500709,"ForgOri_phi","Valence"
"S038",1.62366222182437,-0.181536514532649,"AIOri_phi","Valence"
"S038",1.58024263600384,-0.221376857189247,"AIForg_phi","Valence"
"S039",0.968962172316765,1.36864377596318,"ForgOri_phi","Valence"
"S039",1.62433245119553,0.543937822744164,"AIOri_phi","Valence"
"S039",1.67525433300113,-1.02258234293114,"AIForg_phi","Valence"
"S040",1.26438259331444,0.943326945909629,"ForgOri_phi","Valence"
"S040",2.76606128481821,2.84403300827884,"AIOri_phi","Valence"
"S040",3.19561493809913,1.59256100482434,"AIForg_phi","Valence"
"S041",1.51314145495541,1.62516513187458,"ForgOri_phi","Valence"
"S041",1.90656372653677,0.825034660868694,"AIOri_phi","Valence"
"S041",2.23314589890499,-0.658931642526759,"AIForg_phi","Valence"
"S042",0.447577480400843,0.506354875988442,"ForgOri_phi","Valence"
"S042",0.457998386893126,0.315034924903502,"AIOri_phi","Valence"
"S042",0.608512100732324,-0.142428462315811,"AIForg_phi","Valence"
"S043",0.950246979230924,1.38263016856609,"ForgOri_phi","Valence"
"S043",1.28719823360457,1.06142573690986,"AIOri_phi","Valence"
"S043",1.39535425360256,-0.105602141301103,"AIForg_phi","Valence"
"S044",0.385244158337095,-0.0794378659404299,"ForgOri_phi","Valence"
"S044",0.485487838149837,-0.132113970997035,"AIOri_phi","Valence"
"S044",0.579489049972159,-0.12386495912262,"AIForg_phi","Valence"
"S045",0.765508798600211,0.460724822739284,"ForgOri_phi","Valence"
"S045",1.46618994078013,1.54950045356973,"AIOri_phi","Valence"
"S045",1.56046527565517,1.25860892701228,"AIForg_phi","Valence"
"S046",0.395983889153516,0.0298955659145332,"ForgOri_phi","Valence"
"S046",0.481344272906235,0.211243382860611,"AIOri_phi","Valence"
"S046",0.589924393547572,0.262172195556442,"AIForg_phi","Valence"
"S047",0.821806466437157,1.09458509584511,"ForgOri_phi","Valence"
"S047",1.11157565625307,0.441896934249107,"AIOri_phi","Valence"
"S047",1.22132800684992,-0.657411719288396,"AIForg_phi","Valence"
"S048",0.645615600130469,0.810922211257151,"ForgOri_phi","Valence"
"S048",1.33651232022165,1.97254187239424,"AIOri_phi","Valence"
"S048",1.39228907733723,1.11231007624111,"AIForg_phi","Valence"
"S050",2.80783501441987,1.2093335702616,"ForgOri_phi","Valence"
"S050",4.27221451581925,2.09837790047346,"AIOri_phi","Valence"
"S050",4.42157746085257,0.613456586968891,"AIForg_phi","Valence"
"S051",1.26928438410019,0.630702040463612,"ForgOri_phi","Valence"
"S051",2.11696113267589,-0.518317750958346,"AIOri_phi","Valence"
"S051",2.16864549704456,-0.987082173278659,"AIForg_phi","Valence"
"S052",0.807498966721497,0.443843598444447,"ForgOri_phi","Valence"
"S052",1.24542686559432,0.136743095419439,"AIOri_phi","Valence"
"S052",1.38773586467442,-0.101200820419184,"AIForg_phi","Valence"
"S055",1.22459913641587,0.668857761174131,"ForgOri_phi","Valence"
"S055",2.37885677951397,0.77413765498674,"AIOri_phi","Valence"
"S055",2.39718223400354,0.158309448649361,"AIForg_phi","Valence"
"S056",0.0302369685302564,0.504706247154494,"Baseline_mu","Valence"
"S057",0.0262902521446083,0.562792854511614,"Baseline_mu","Valence"
"S058",0.0347682483373276,0.460812128050934,"Baseline_mu","Valence"
"S059",0.0224807759698402,0.538430477547764,"Baseline_mu","Valence"
"S060",0.0231994607652131,0.528165834323998,"Baseline_mu","Valence"
"S061",0.0356878699168104,0.52772305888697,"Baseline_mu","Valence"
"S062",0.0248711328398519,0.547197169992461,"Baseline_mu","Valence"
"S064",0.0196648637550066,0.493009976302372,"Baseline_mu","Valence"
"S065",0.0301271752091494,0.77801971786231,"Baseline_mu","Valence"
"S066",0.0296076773155242,0.49846746468962,"Baseline_mu","Valence"
"S068",0.0238541531792194,0.514984011905822,"Baseline_mu","Valence"
"S069",0.0234961679776433,0.450895337591345,"Baseline_mu","Valence"
"S070",0.0329330465976806,0.389190382047778,"Baseline_mu","Valence"
"S071",0.029538478711279,0.478682246188865,"Baseline_mu","Valence"
"S072",0.0250483125348096,0.555768928543792,"Baseline_mu","Valence"
"S073",0.0178817259963657,0.470621554949085,"Baseline_mu","Valence"
"S074",0.0277366046264802,0.465598308642203,"Baseline_mu","Valence"
"S075",0.0195866354909502,0.503464038137042,"Baseline_mu","Valence"
"S076",0.0240861839158438,0.579296914176202,"Baseline_mu","Valence"
"S077",0.0243986133305346,0.435882092109557,"Baseline_mu","Valence"
"S078",0.0216599834679578,0.521181692045776,"Baseline_mu","Valence"
"S079",0.0310655909796476,0.494827881588733,"Baseline_mu","Valence"
"S080",0.0281280550629453,0.414776983171574,"Baseline_mu","Valence"
"S081",0.0234695309951824,0.543108830012487,"Baseline_mu","Valence"
"S082",0.0328004847449487,0.482058621265264,"Baseline_mu","Valence"
"S083",0.0268481335599303,0.502366684707206,"Baseline_mu","Valence"
"S084",0.031031156815026,0.618779309382851,"Baseline_mu","Valence"
"S085",0.029508062523832,0.437347858159558,"Baseline_mu","Valence"
"S086",0.0266418747642182,0.544240200532897,"Baseline_mu","Valence"
"S087",0.0274498942987723,0.543375127187681,"Baseline_mu","Valence"
"S088",0.0259675523313361,0.410713669550576,"Baseline_mu","Valence"
"S089",0.0228400363580407,0.675922803559082,"Baseline_mu","Valence"
"S090",0.0253934350012567,0.49168680051577,"Baseline_mu","Valence"
"S091",0.0266753630602973,0.645806621686099,"Baseline_mu","Valence"
"S092",0.019942251897512,0.637187503342325,"Baseline_mu","Valence"
"S094",0.0322814356826532,0.510574284612868,"Baseline_mu","Valence"
"S095",0.0276457650264803,0.576764556075883,"Baseline_mu","Valence"
"S096",0.023694300223668,0.554367617351143,"Baseline_mu","Valence"
"S097",0.0238523754505739,0.551187817419868,"Baseline_mu","Valence"
"S098",0.0334945621352087,0.57999675747049,"Baseline_mu","Valence"
"S099",0.0355677597779881,0.467448316513441,"Baseline_mu","Valence"
"S100",0.0261036464465741,0.47609210577248,"Baseline_mu","Valence"
"S101",0.0294637016588891,0.505266865346356,"Baseline_mu","Valence"
"S102",0.0220481825253098,0.579526745745873,"Baseline_mu","Valence"
"S103",0.0224482707981356,0.564677926847472,"Baseline_mu","Valence"
"S104",0.0330620495366269,0.523079773220687,"Baseline_mu","Valence"
"S105",0.020127204806723,0.620353440984958,"Baseline_mu","Valence"
"S106",0.0200859039732957,0.491926534742591,"Baseline_mu","Valence"
"S107",0.0166200577927768,0.442388427048405,"Baseline_mu","Valence"
"S108",0.0308764478297609,0.541278169560189,"Baseline_mu","Valence"
"S056",0.0318543231867705,0.0089469082634368,"ForgOri_mu","Valence"
"S056",0.0383658696057516,-0.0386672412057518,"AIOri_mu","Valence"
"S056",0.033824097762708,-0.0468568867609814,"AIForg_mu","Valence"
"S057",0.0247520813875839,-0.089232013831333,"ForgOri_mu","Valence"
"S057",0.0417249104618228,-0.0885864835586139,"AIOri_mu","Valence"
"S057",0.0388199655626392,0.00479148633385873,"AIForg_mu","Valence"
"S058",0.0242672663696585,0.0266800680338652,"ForgOri_mu","Valence"
"S058",0.0342172572516473,-0.0240963414820906,"AIOri_mu","Valence"
"S058",0.034794581111224,-0.0483737801154633,"AIForg_mu","Valence"
"S059",0.0202245101746639,-0.0295546452138678,"ForgOri_mu","Valence"
"S059",0.0349990857877681,-0.0817402311298568,"AIOri_mu","Valence"
"S059",0.0329594735017808,-0.0508075202493141,"AIForg_mu","Valence"
"S060",0.0248961339859625,-0.0449398619843961,"ForgOri_mu","Valence"
"S060",0.0293139308764239,-0.0477329444305659,"AIOri_mu","Valence"
"S060",0.0282535906886629,-0.00253991809618584,"AIForg_mu","Valence"
"S061",0.0261965955293476,0.0257804196532054,"ForgOri_mu","Valence"
"S061",0.0338475233412517,0.01401421806756,"AIOri_mu","Valence"
"S061",0.034057801678294,-0.0193693922535733,"AIForg_mu","Valence"
"S062",0.02619256450958,-0.101138202155382,"ForgOri_mu","Valence"
"S062",0.0310218403142428,-0.138746724014814,"AIOri_mu","Valence"
"S062",0.0397178613562016,-0.0347030335215174,"AIForg_mu","Valence"
"S064",0.0233579081508926,-0.0633901092895696,"ForgOri_mu","Valence"
"S064",0.0344163200911414,-0.034208772694494,"AIOri_mu","Valence"
"S064",0.0342381398994311,0.0283646505090153,"AIForg_mu","Valence"
"S065",0.0211812616000795,-0.0305204820870583,"ForgOri_mu","Valence"
"S065",0.0386432084963428,-0.0589219467203528,"AIOri_mu","Valence"
"S065",0.0265556416807381,-0.0286548647097967,"AIForg_mu","Valence"
"S066",0.0218682509171766,0.0151324306769109,"ForgOri_mu","Valence"
"S066",0.0350330049169175,0.0173033154946148,"AIOri_mu","Valence"
"S066",0.0290526290902591,0.00105527316988913,"AIForg_mu","Valence"
"S068",0.0216976644751369,-0.00113634034423865,"ForgOri_mu","Valence"
"S068",0.0392608880315907,0.0131956556929972,"AIOri_mu","Valence"
"S068",0.0339450837750301,0.0155396253216109,"AIForg_mu","Valence"
"S069",0.0256069315424946,-0.036904126704487,"ForgOri_mu","Valence"
"S069",0.0269661684853243,0.0047866033680328,"AIOri_mu","Valence"
"S069",0.0294921936319587,0.0406248505891354,"AIForg_mu","Valence"
"S070",0.0317708656230217,0.0514495547567239,"ForgOri_mu","Valence"
"S070",0.0402030460915805,0.0792600361881409,"AIOri_mu","Valence"
"S070",0.0363046435159241,0.0291938740992954,"AIForg_mu","Valence"
"S071",0.0230201663035085,-0.0280592991746222,"ForgOri_mu","Valence"
"S071",0.0284940405917253,-0.123075770339602,"AIOri_mu","Valence"
"S071",0.0336194901617134,-0.0961328137911311,"AIForg_mu","Valence"
"S072",0.0254297734429439,-0.00794470761173077,"ForgOri_mu","Valence"
"S072",0.0407617199499118,-0.0862604640508374,"AIOri_mu","Valence"
"S072",0.0323235510648089,-0.078448752202485,"AIForg_mu","Valence"
"S073",0.0209747826476497,-0.0382729420602737,"ForgOri_mu","Valence"
"S073",0.037451524925959,-0.0686277741566732,"AIOri_mu","Valence"
"S073",0.0301220992073624,-0.0330053682385908,"AIForg_mu","Valence"
"S074",0.0255293322397518,-0.0223350989802596,"ForgOri_mu","Valence"
"S074",0.0294449063327,-0.0519107105661571,"AIOri_mu","Valence"
"S074",0.0343983946318161,-0.0197553603134024,"AIForg_mu","Valence"
"S075",0.0234193445362505,0.0391691519415909,"ForgOri_mu","Valence"
"S075",0.0334334353027111,-0.0944116866965232,"AIOri_mu","Valence"
"S075",0.0306933139607534,-0.133557999596691,"AIForg_mu","Valence"
"S076",0.0182094396528883,-0.0769991880901296,"ForgOri_mu","Valence"
"S076",0.0377132509791269,-0.0495268872835466,"AIOri_mu","Valence"
"S076",0.0373740958194816,0.0236642741518013,"AIForg_mu","Valence"
"S077",0.0186051492968547,0.0374874632458693,"ForgOri_mu","Valence"
"S077",0.0280282827360562,0.0561823460272791,"AIOri_mu","Valence"
"S077",0.0263528329614379,0.0166821670597067,"AIForg_mu","Valence"
"S078",0.022862806638898,-0.108298978649099,"ForgOri_mu","Valence"
"S078",0.0308596638188325,-0.116814674660839,"AIOri_mu","Valence"
"S078",0.0293650727910786,-0.00176773112688028,"AIForg_mu","Valence"
"S079",0.0368145253628987,-0.0873206699078005,"ForgOri_mu","Valence"
"S079",0.0407547305223012,-0.0362512990756296,"AIOri_mu","Valence"
"S079",0.0402840863389855,0.0585567800554349,"AIForg_mu","Valence"
"S080",0.0244655998734044,-0.00997440249934994,"ForgOri_mu","Valence"
"S080",0.035660115952593,-0.09158549167236,"AIOri_mu","Valence"
"S080",0.032401714706456,-0.0769962581417128,"AIForg_mu","Valence"
"S081",0.0241167576580162,-0.0414978591039661,"ForgOri_mu","Valence"
"S081",0.0410782861718955,-0.052647886870288,"AIOri_mu","Valence"
"S081",0.034301668614596,-0.00876937186303772,"AIForg_mu","Valence"
"S082",0.0308390157605203,0.0268710562305507,"ForgOri_mu","Valence"
"S082",0.042420213071098,-0.0731550479148469,"AIOri_mu","Valence"
"S082",0.0384336213565178,-0.0929749812108048,"AIForg_mu","Valence"
"S083",0.0195621598968324,-0.0791422386128976,"ForgOri_mu","Valence"
"S083",0.0367621120627457,-0.104230404848732,"AIOri_mu","Valence"
"S083",0.0284405358107353,-0.0219810324434854,"AIForg_mu","Valence"
"S084",0.021908728993751,-0.0135015090432294,"ForgOri_mu","Valence"
"S084",0.0357461342512041,-0.0406990051538523,"AIOri_mu","Valence"
"S084",0.0458997785145874,-0.0211799037082876,"AIForg_mu","Valence"
"S085",0.025996422444775,-0.0287088987263466,"ForgOri_mu","Valence"
"S085",0.0394232183004264,-0.0226114281000296,"AIOri_mu","Valence"
"S085",0.0372015094345313,0.00763311090616656,"AIForg_mu","Valence"
"S086",0.0204547593756685,0.00884742504986663,"ForgOri_mu","Valence"
"S086",0.0341845629746067,-0.0556600814621586,"AIOri_mu","Valence"
"S086",0.0294951963951468,-0.0679922606106563,"AIForg_mu","Valence"
"S087",0.0248914819794353,-0.0375892467114277,"ForgOri_mu","Valence"
"S087",0.0353721849867508,0.0399001480839535,"AIOri_mu","Valence"
"S087",0.0336734608637796,0.0728382318856201,"AIForg_mu","Valence"
"S088",0.0208947774727519,-0.0502704277472619,"ForgOri_mu","Valence"
"S088",0.0323262139589246,-0.0334407207455674,"AIOri_mu","Valence"
"S088",0.0295025609552549,0.0159150743170654,"AIForg_mu","Valence"
"S089",0.026695143513818,-0.0559139793827895,"ForgOri_mu","Valence"
"S089",0.0382623738332915,-0.0835381496204495,"AIOri_mu","Valence"
"S089",0.0369614575227096,-0.0313416826757912,"AIForg_mu","Valence"
"S090",0.0193139096065689,-0.0538861748295487,"ForgOri_mu","Valence"
"S090",0.0324284958321454,-0.114656862517433,"AIOri_mu","Valence"
"S090",0.0364346482175407,-0.0641102773901371,"AIForg_mu","Valence"
"S091",0.0264471917463842,-0.0134543358363024,"ForgOri_mu","Valence"
"S091",0.0440602914899107,-0.0951997946144757,"AIOri_mu","Valence"
"S091",0.0392839407877587,-0.0837088428005947,"AIForg_mu","Valence"
"S092",0.0213441111278936,-0.0870982890051367,"ForgOri_mu","Valence"
"S092",0.0271794567419504,-0.194884792719354,"AIOri_mu","Valence"
"S092",0.0257550102743624,-0.109424153179643,"AIForg_mu","Valence"
"S094",0.0249547827109401,-0.0790504851783992,"ForgOri_mu","Valence"
"S094",0.0381599515711243,-0.00179130736675109,"AIOri_mu","Valence"
"S094",0.0378001953863189,0.0768482455476775,"AIForg_mu","Valence"
"S095",0.0211312347644878,-0.0143686295456859,"ForgOri_mu","Valence"
"S095",0.0364722481345353,-0.0545184555870687,"AIOri_mu","Valence"
"S095",0.0318512926195786,-0.0394474173595854,"AIForg_mu","Valence"
"S096",0.0198645448898655,-0.0755840176369463,"ForgOri_mu","Valence"
"S096",0.0282353645968557,-0.0219142092781277,"AIOri_mu","Valence"
"S096",0.0237425466715419,0.0476230165873869,"AIForg_mu","Valence"
"S097",0.0205819201286847,-0.0611825919800771,"ForgOri_mu","Valence"
"S097",0.0375368469568596,-0.114013027193223,"AIOri_mu","Valence"
"S097",0.0257921812547298,-0.0493424842889661,"AIForg_mu","Valence"
"S098",0.0291247101004779,-0.180421633511465,"ForgOri_mu","Valence"
"S098",0.0357076038406047,-0.132411171048345,"AIOri_mu","Valence"
"S098",0.0317498123827017,0.0468206746428457,"AIForg_mu","Valence"
"S099",0.0309605129797065,-0.0756280514036495,"ForgOri_mu","Valence"
"S099",0.0393569618217403,-0.0945117834130198,"AIOri_mu","Valence"
"S099",0.0329352479938802,-0.0125608615956107,"AIForg_mu","Valence"
"S100",0.0206651854861393,-0.0456101480399343,"ForgOri_mu","Valence"
"S100",0.0291509020904964,-0.109246669437648,"AIOri_mu","Valence"
"S100",0.0275990963629275,-0.0612610453108033,"AIForg_mu","Valence"
"S101",0.0308206637440827,-0.00140972749830476,"ForgOri_mu","Valence"
"S101",0.033222970473194,-0.000209333958682945,"AIOri_mu","Valence"
"S101",0.0330158736269901,0.00300827016899807,"AIForg_mu","Valence"
"S102",0.0220705866128202,-0.113724091457769,"ForgOri_mu","Valence"
"S102",0.0317658663359996,-0.089133234575587,"AIOri_mu","Valence"
"S102",0.0265993361374338,0.0202848734971376,"AIForg_mu","Valence"
"S103",0.0262911713419313,-0.0282841801056845,"ForgOri_mu","Valence"
"S103",0.0306692413236287,-0.217755051284934,"AIOri_mu","Valence"
"S103",0.0288649450559962,-0.191758367962599,"AIForg_mu","Valence"
"S104",0.0262951354543285,-0.0434329488020907,"ForgOri_mu","Valence"
"S104",0.0357368763147123,-0.17229437819173,"AIOri_mu","Valence"
"S104",0.0287232880178725,-0.129116172096517,"AIForg_mu","Valence"
"S105",0.0217929814829406,-0.0712102575253135,"ForgOri_mu","Valence"
"S105",0.0331999443489292,-0.0704259894467522,"AIOri_mu","Valence"
"S105",0.0268158281585688,0.00492211626186245,"AIForg_mu","Valence"
"S106",0.0271431731794822,0.00702636228500214,"ForgOri_mu","Valence"
"S106",0.0292531510588691,-0.00487296948659183,"AIOri_mu","Valence"
"S106",0.0288225414828154,-0.0133975150423671,"AIForg_mu","Valence"
"S107",0.0165969093347068,-1.64298119608719e-05,"ForgOri_mu","Valence"
"S107",0.0345998616556894,0.0495361380598595,"AIOri_mu","Valence"
"S107",0.025550229384354,0.0500620737671933,"AIForg_mu","Valence"
"S108",0.0219472723662475,-0.0983455809634903,"ForgOri_mu","Valence"
"S108",0.037331028082911,-0.121739776491624,"AIOri_mu","Valence"
"S108",0.0349268630576331,-0.0201430878145221,"AIForg_mu","Valence"
"S056",0.889480751592549,4.18279055352942,"Baseline_phi","Valence"
"S057",0.71602856719471,3.61947016401892,"Baseline_phi","Valence"
"S058",0.606323695501766,3.29857553791689,"Baseline_phi","Valence"
"S059",1.56643325917919,6.414730361256,"Baseline_phi","Valence"
"S060",4.37817173500042,16.1176800165617,"Baseline_phi","Valence"
"S061",0.767926056608075,2.99093649701766,"Baseline_phi","Valence"
"S062",1.74270742229295,6.87317101562577,"Baseline_phi","Valence"
"S064",2.28540815361779,11.0070281823507,"Baseline_phi","Valence"
"S065",1.44969138684723,4.92607556563596,"Baseline_phi","Valence"
"S066",1.74691019451149,7.64965327438139,"Baseline_phi","Valence"
"S068",1.12389914061436,4.62228719669053,"Baseline_phi","Valence"
"S069",1.72016314425998,7.1122629969387,"Baseline_phi","Valence"
"S070",0.95610939440241,3.77157372668573,"Baseline_phi","Valence"
"S071",1.10009763676185,4.73526707152399,"Baseline_phi","Valence"
"S072",1.7195824077134,6.53744451806821,"Baseline_phi","Valence"
"S073",2.74361293431824,10.0148231420224,"Baseline_phi","Valence"
"S074",1.55926206685742,6.95561137407431,"Baseline_phi","Valence"
"S075",0.981451654976893,3.89632938932625,"Baseline_phi","Valence"
"S076",0.542036771137188,2.56084755587004,"Baseline_phi","Valence"
"S077",3.32269112159308,11.089854815282,"Baseline_phi","Valence"
"S078",2.90405707690469,10.2423702203892,"Baseline_phi","Valence"
"S079",0.597109613190764,2.81671860282773,"Baseline_phi","Valence"
"S080",1.16272690679694,4.80916563917784,"Baseline_phi","Valence"
"S081",2.53973723446893,8.43623332857055,"Baseline_phi","Valence"
"S082",0.440109400149447,2.33788328426345,"Baseline_phi","Valence"
"S083",1.88403041812191,7.06484965701483,"Baseline_phi","Valence"
"S084",0.653225645113254,2.8039720320532,"Baseline_phi","Valence"
"S085",0.90803689954129,3.76912939033436,"Baseline_phi","Valence"
"S086",3.22652328296451,10.2208680599536,"Baseline_phi","Valence"
"S087",2.12005104142077,7.35033548903364,"Baseline_phi","Valence"
"S088",2.59664703898187,9.59397065334299,"Baseline_phi","Valence"
"S089",1.64827808403801,6.24197640227722,"Baseline_phi","Valence"
"S090",2.29844247766512,7.99275016409622,"Baseline_phi","Valence"
"S091",1.01307079765801,3.6848021410573,"Baseline_phi","Valence"
"S092",3.35559695838899,13.8333785227789,"Baseline_phi","Valence"
"S094",0.569337764782308,2.7743034380204,"Baseline_phi","Valence"
"S095",1.41300969081502,6.09367067233431,"Baseline_phi","Valence"
"S096",3.51118674267679,13.0216357264476,"Baseline_phi","Valence"
"S097",2.09045912558399,8.2261270909729,"Baseline_phi","Valence"
"S098",0.583596160224235,2.52662118547625,"Baseline_phi","Valence"
"S099",0.693367418619251,3.6314519542059,"Baseline_phi","Valence"
"S100",2.09159305140982,7.34294825333579,"Baseline_phi","Valence"
"S101",1.3433404263935,5.37585797788182,"Baseline_phi","Valence"
"S102",2.83927305079786,9.93888738005774,"Baseline_phi","Valence"
"S103",3.9541962175317,13.177482101598,"Baseline_phi","Valence"
"S104",1.43508157907604,6.248890525017,"Baseline_phi","Valence"
"S105",2.43077799682757,7.94366983056551,"Baseline_phi","Valence"
"S106",3.51290899156387,11.4531331475709,"Baseline_phi","Valence"
"S107",4.02524221699584,15.7586689776745,"Baseline_phi","Valence"
"S108",1.82561335220355,6.58370163476434,"Baseline_phi","Valence"
"S056",0.492277546386436,-0.308633254920432,"ForgOri_phi","Valence"
"S056",1.17773208265764,0.17271856638448,"AIOri_phi","Valence"
"S056",0.821501755384669,0.515898934089625,"AIForg_phi","Valence"
"S057",0.461783478823619,0.385935774948607,"ForgOri_phi","Valence"
"S057",0.833724104884348,-0.115971384141552,"AIOri_phi","Valence"
"S057",0.801824883854543,-0.573211466661691,"AIForg_phi","Valence"
"S058",0.548494355149549,0.111022748968098,"ForgOri_phi","Valence"
"S058",0.798228485896133,-0.0680930571538982,"AIOri_phi","Valence"
"S058",0.787784091662629,-0.20106589117992,"AIForg_phi","Valence"
"S059",0.856148081013564,1.32629032762972,"ForgOri_phi","Valence"
"S059",1.94195106816883,0.663746316285136,"AIOri_phi","Valence"
"S059",1.53162629856973,-0.317644416821976,"AIForg_phi","Valence"
"S060",2.34688030271815,0.447016384180756,"ForgOri_phi","Valence"
"S060",4.75128762125161,4.69102512963392,"AIOri_phi","Valence"
"S060",5.33031810648727,4.36364427112698,"AIForg_phi","Valence"
"S061",0.445693192129204,0.536648156367691,"ForgOri_phi","Valence"
"S061",0.655232769446198,0.514165103005646,"AIOri_phi","Valence"
"S061",0.836112102411983,-0.018880819897638,"AIForg_phi","Valence"
"S062",1.40831959214375,0.0841952964405754,"ForgOri_phi","Valence"
"S062",1.96710252235764,-0.10336213273734,"AIOri_phi","Valence"
"S062",2.26149642984851,-0.347020280241394,"AIForg_phi","Valence"
"S064",1.40628491088222,1.08118805520904,"ForgOri_phi","Valence"
"S064",1.913787152642,-0.0802349798600472,"AIOri_phi","Valence"
"S064",2.17465939991329,-1.44234218581361,"AIForg_phi","Valence"
"S065",0.906736697557073,0.984668901752584,"ForgOri_phi","Valence"
"S065",1.32250167222602,0.993378543528818,"AIOri_phi","Valence"
"S065",1.52723030824453,-0.0768675245583084,"AIForg_phi","Valence"
"S066",1.08458638816368,1.03570534968265,"ForgOri_phi","Valence"
"S066",2.09106712174566,2.07351161830874,"AIOri_phi","Valence"
"S066",2.19713332754896,0.923588770889009,"AIForg_phi","Valence"
"S068",0.712175171242193,0.540552982132033,"ForgOri_phi","Valence"
"S068",1.4062694551154,1.53806732980575,"AIOri_phi","Valence"
"S068",1.63657272494829,1.0248057240569,"AIForg_phi","Valence"
"S069",0.962497274821274,0.609058228140725,"ForgOri_phi","Valence"
"S069",1.65772522251423,0.468687268792784,"AIOri_phi","Valence"
"S069",1.56801142673484,0.110009444440433,"AIForg_phi","Valence"
"S070",0.686369852138659,1.13670099638605,"ForgOri_phi","Valence"
"S070",1.28241363733297,1.7764818557031,"AIOri_phi","Valence"
"S070",1.23291616960942,0.637585333791526,"AIForg_phi","Valence"
"S071",0.615849519751977,0.0176362816814268,"ForgOri_phi","Valence"
"S071",1.19562763099214,-0.659354375360293,"AIOri_phi","Valence"
"S071",1.23260452538876,-0.523672920733254,"AIForg_phi","Valence"
"S072",1.5227229226304,1.8750095862024,"ForgOri_phi","Valence"
"S072",2.2393925787192,0.990386288179032,"AIOri_phi","Valence"
"S072",1.99975624588925,-0.952697731061579,"AIForg_phi","Valence"
"S073",1.49217315716678,0.408974361254162,"ForgOri_phi","Valence"
"S073",2.68429233708636,-1.07919450297404,"AIOri_phi","Valence"
"S073",2.41316010199716,-1.40894599710475,"AIForg_phi","Valence"
"S074",1.0566528585873,0.534142641866653,"ForgOri_phi","Valence"
"S074",1.66811363964914,0.820473362581918,"AIOri_phi","Valence"
"S074",2.00871329807546,0.037230639054894,"AIForg_phi","Valence"
"S075",0.49890396726881,0.851399304260341,"ForgOri_phi","Valence"
"S075",1.07142183717289,0.877480368425743,"AIOri_phi","Valence"
"S075",1.15359896587051,-0.0269731662738597,"AIForg_phi","Valence"
"S076",0.529562085827167,-0.168014485383738,"ForgOri_phi","Valence"
"S076",0.609430426785381,0.394954087494944,"AIOri_phi","Valence"
"S076",0.818507566119474,0.572953190550431,"AIForg_phi","Valence"
"S077",2.15089533282254,0.108989645951198,"ForgOri_phi","Valence"
"S077",3.58809153148956,1.67622497810451,"AIOri_phi","Valence"
"S077",3.32650727765949,2.46748578559189,"AIForg_phi","Valence"
"S078",1.29727329669218,-0.225104598963946,"ForgOri_phi","Valence"
"S078",2.50805858754077,-1.47404420654141,"AIOri_phi","Valence"
"S078",2.08944225231206,-1.30668733802707,"AIForg_phi","Valence"
"S079",0.463388966421161,0.17942320574207,"ForgOri_phi","Valence"
"S079",1.10223009975682,0.922846147503442,"AIOri_phi","Valence"
"S079",0.99138369852324,0.78029001310153,"AIForg_phi","Valence"
"S080",1.04521473797923,0.036145196756896,"ForgOri_phi","Valence"
"S080",1.41268954687684,0.258408801063252,"AIOri_phi","Valence"
"S080",1.40605581257955,0.0331477653993033,"AIForg_phi","Valence"
"S081",1.01083775706381,-0.2300298030136,"ForgOri_phi","Valence"
"S081",1.56803417215768,0.0391200637978781,"AIOri_phi","Valence"
"S081",1.77911597330352,0.0846464399269791,"AIForg_phi","Valence"
"S082",0.454763323065075,0.70585673889719,"ForgOri_phi","Valence"
"S082",0.530967001915527,0.306175891556591,"AIOri_phi","Valence"
"S082",0.568105195115261,-0.383091940282655,"AIForg_phi","Valence"
"S083",0.934849650983308,0.0588305281745409,"ForgOri_phi","Valence"
"S083",1.65518626483913,0.820324898485551,"AIOri_phi","Valence"
"S083",1.846890664502,0.800866660456645,"AIForg_phi","Valence"
"S084",0.443952150129091,0.236917993675267,"ForgOri_phi","Valence"
"S084",0.512164854293851,-0.0973080327328812,"AIOri_phi","Valence"
"S084",0.613410154021081,-0.277845942456009,"AIForg_phi","Valence"
"S085",0.574543370833173,0.504130936398802,"ForgOri_phi","Valence"
"S085",0.803180561794069,0.422735054802612,"AIOri_phi","Valence"
"S085",1.10079044312832,0.115336128705188,"AIForg_phi","Valence"
"S086",1.66818290158752,1.29671539858098,"ForgOri_phi","Valence"
"S086",1.80594525013851,-1.46876532210559,"AIOri_phi","Valence"
"S086",2.46629418087779,-2.34219096587967,"AIForg_phi","Valence"
"S087",1.08272005233957,-0.40855490838638,"ForgOri_phi","Valence"
"S087",1.83659150833377,1.34808552003986,"AIOri_phi","Valence"
"S087",2.26029228981701,1.68303135110346,"AIForg_phi","Valence"
"S088",1.32707288315718,0.847211988354546,"ForgOri_phi","Valence"
"S088",2.33462564021082,1.33123331727558,"AIOri_phi","Valence"
"S088",2.11274143276961,0.861251548527794,"AIForg_phi","Valence"
"S089",0.874762577128161,1.0599866633413,"ForgOri_phi","Valence"
"S089",1.28131372489179,0.928909920737864,"AIOri_phi","Valence"
"S089",1.64470535106362,-0.341460202288263,"AIForg_phi","Valence"
"S090",1.47693443908465,1.25386414494811,"ForgOri_phi","Valence"
"S090",1.67063048429461,-0.137194625257923,"AIOri_phi","Valence"
"S090",2.37723062938066,-1.2538876350154,"AIForg_phi","Valence"
"S091",0.59210452806373,0.146672080151199,"ForgOri_phi","Valence"
"S091",0.91829739869695,-0.660079040528187,"AIOri_phi","Valence"
"S091",0.982723870750087,-0.807116996791097,"AIForg_phi","Valence"
"S092",1.936667384027,1.37336598691293,"ForgOri_phi","Valence"
"S092",4.12563904775649,0.223973705399061,"AIOri_phi","Valence"
"S092",4.06503005817685,-1.09613076767568,"AIForg_phi","Valence"
"S094",0.448466325134261,0.327750667995347,"ForgOri_phi","Valence"
"S094",0.813974913038405,0.234897581962246,"AIOri_phi","Valence"
"S094",0.839828018822386,-0.174966839891146,"AIForg_phi","Valence"
"S095",0.762797722766946,0.453122609171545,"ForgOri_phi","Valence"
"S095",2.12464479090488,2.18231463262109,"AIOri_phi","Valence"
"S095",2.35038620419907,1.66403136456811,"AIForg_phi","Valence"
"S096",1.6620562484286,1.44872775217339,"ForgOri_phi","Valence"
"S096",2.66413354607231,0.535040673914963,"AIOri_phi","Valence"
"S096",2.91404284732952,-1.2099329567027,"AIForg_phi","Valence"
"S097",1.31814510486826,-1.31576291001447,"ForgOri_phi","Valence"
"S097",2.29860597615587,-0.0492022218992223,"AIOri_phi","Valence"
"S097",1.93407141879998,1.21562656956319,"AIForg_phi","Valence"
"S098",0.469467676599065,0.155673657273613,"ForgOri_phi","Valence"
"S098",0.551694214916203,0.369699501696322,"AIOri_phi","Valence"
"S098",0.581020710562943,0.142875156827746,"AIForg_phi","Valence"
"S099",0.647384477129085,0.17362622823955,"ForgOri_phi","Valence"
"S099",0.687921779850505,0.0548918219062964,"AIOri_phi","Valence"
"S099",0.731836693930386,-0.201405832756682,"AIForg_phi","Valence"
"S100",0.952406143764917,0.451935448558138,"ForgOri_phi","Valence"
"S100",1.76415161122042,0.213188878682706,"AIOri_phi","Valence"
"S100",2.18010819872828,-0.72591661724024,"AIForg_phi","Valence"
"S101",0.91943371288048,0.915551410307521,"ForgOri_phi","Valence"
"S101",1.80490632725774,2.17188466655018,"AIOri_phi","Valence"
"S101",1.78120137077857,1.17489708013289,"AIForg_phi","Valence"
"S102",1.53422808840512,0.808247715310896,"ForgOri_phi","Valence"
"S102",2.23432329718424,1.68082305404873,"AIOri_phi","Valence"
"S102",2.8646845988618,1.10544114724318,"AIForg_phi","Valence"
"S103",1.30420911998276,0.453956813877591,"ForgOri_phi","Valence"
"S103",3.37788801084087,-0.773796287142814,"AIOri_phi","Valence"
"S103",3.23295662458805,-1.17595724882633,"AIForg_phi","Valence"
"S104",0.90401396081055,-0.0276586260355929,"ForgOri_phi","Valence"
"S104",1.35574222390889,-0.111012100930499,"AIOri_phi","Valence"
"S104",1.43539202561835,-0.0767632914858889,"AIForg_phi","Valence"
"S105",1.01795326636198,1.36637288272097,"ForgOri_phi","Valence"
"S105",1.86448351730375,1.45103862885391,"AIOri_phi","Valence"
"S105",2.13455990448122,0.0555722198637225,"AIForg_phi","Valence"
"S106",2.01011734139821,0.56764583299893,"ForgOri_phi","Valence"
"S106",3.05990233562017,0.61903368398601,"AIOri_phi","Valence"
"S106",3.36805389362991,-0.506015451164036,"AIForg_phi","Valence"
"S107",2.74442038362082,1.63419103974981,"ForgOri_phi","Valence"
"S107",3.39560614286782,4.02567580903203,"AIOri_phi","Valence"
"S107",4.17480708154056,1.47966060994431,"AIForg_phi","Valence"
"S108",1.2268353986142,0.36399737787867,"ForgOri_phi","Valence"
"S108",2.06436482782886,0.0572911276553163,"AIOri_phi","Valence"
"S108",1.96322134175944,-0.3655681924971,"AIForg_phi","Valence"
"S109",0.0279389808548668,0.550305044631779,"Baseline_mu","Valence"
"S110",0.0239232038539426,0.492356628172221,"Baseline_mu","Valence"
"S111",0.0240443808610705,0.478491073741624,"Baseline_mu","Valence"
"S112",0.0261151554456431,0.658006956186488,"Baseline_mu","Valence"
"S113",0.0323685025019507,0.434505657896871,"Baseline_mu","Valence"
"S114",0.0286893519489452,0.444517968583061,"Baseline_mu","Valence"
"S116",0.0193038181761272,0.528475399432074,"Baseline_mu","Valence"
"S117",0.0373456666709492,0.509239352265432,"Baseline_mu","Valence"
"S118",0.0224606872019284,0.488212838833423,"Baseline_mu","Valence"
"S119",0.0251008928238059,0.471558369688649,"Baseline_mu","Valence"
"S120",0.0269517727624595,0.528508897915661,"Baseline_mu","Valence"
"S121",0.0177526242623684,0.546716774088026,"Baseline_mu","Valence"
"S122",0.0299141012506877,0.595380515329555,"Baseline_mu","Valence"
"S123",0.0224495555792872,0.538087009805021,"Baseline_mu","Valence"
"S124",0.0354323229888461,0.343688269248049,"Baseline_mu","Valence"
"S125",0.0214170413270561,0.564198584481166,"Baseline_mu","Valence"
"S127",0.0254453418507607,0.574486826015473,"Baseline_mu","Valence"
"S128",0.0230567926266815,0.557901612569354,"Baseline_mu","Valence"
"S129",0.0209928317614921,0.525819753774048,"Baseline_mu","Valence"
"S130",0.0314069034427861,0.551308390817953,"Baseline_mu","Valence"
"S131",0.0349868666932985,0.409482941740592,"Baseline_mu","Valence"
"S132",0.0257948468606923,0.595775530912495,"Baseline_mu","Valence"
"S133",0.0263567655932142,0.62790023956837,"Baseline_mu","Valence"
"S134",0.0268397971462152,0.497947547702042,"Baseline_mu","Valence"
"S135",0.029034729792174,0.501544714566231,"Baseline_mu","Valence"
"S136",0.0186668133924473,0.415721607628518,"Baseline_mu","Valence"
"S137",0.0212283282429279,0.495178982461664,"Baseline_mu","Valence"
"S138",0.022224728952898,0.469118799246812,"Baseline_mu","Valence"
"S139",0.0378546152497913,0.529433815243669,"Baseline_mu","Valence"
"S140",0.0283371633536919,0.510579213243178,"Baseline_mu","Valence"
"S141",0.0284659151536692,0.682095833764785,"Baseline_mu","Valence"
"S142",0.0321724308455702,0.614837080628262,"Baseline_mu","Valence"
"S143",0.0259269664743932,0.596286320832951,"Baseline_mu","Valence"
"S144",0.0199161840429859,0.61870082805143,"Baseline_mu","Valence"
"S145",0.0289191202956587,0.483605516834496,"Baseline_mu","Valence"
"S146",0.0232370885455367,0.392914801604952,"Baseline_mu","Valence"
"S147",0.0260703715094439,0.715911711375233,"Baseline_mu","Valence"
"S149",0.0217072350620604,0.491302077927994,"Baseline_mu","Valence"
"S151",0.0197069030765954,0.573329281296229,"Baseline_mu","Valence"
"S152",0.0258218958498345,0.375498682919761,"Baseline_mu","Valence"
"S153",0.0285885673507283,0.446178418539081,"Baseline_mu","Valence"
"S154",0.0224596692547517,0.402185580623354,"Baseline_mu","Valence"
"S155",0.0295838514817839,0.444791650582315,"Baseline_mu","Valence"
"S156",0.0243247269790355,0.402628793349287,"Baseline_mu","Valence"
"S157",0.0380659278891702,0.586113705435972,"Baseline_mu","Valence"
"S159",0.0298620414802532,0.321165493247528,"Baseline_mu","Valence"
"S160",0.0243102263655334,0.648067428927902,"Baseline_mu","Valence"
"S162",0.0186348407453467,0.58253939747026,"Baseline_mu","Valence"
"S163",0.0237465338422446,0.640045195108335,"Baseline_mu","Valence"
"S164",0.028106449441151,0.495348690398088,"Baseline_mu","Valence"
"S109",0.0313173654524702,-0.0416387124499464,"ForgOri_mu","Valence"
"S109",0.0402458402590661,-0.0993307351980773,"AIOri_mu","Valence"
"S109",0.0292455426927052,-0.0629345953045207,"AIForg_mu","Valence"
"S110",0.0254953332955326,-0.0856916770149941,"ForgOri_mu","Valence"
"S110",0.0359640963099635,-0.0832550750210704,"AIOri_mu","Valence"
"S110",0.0311573171417398,-0.00492578291100038,"AIForg_mu","Valence"
"S111",0.0235341922566738,-0.0138517319347401,"ForgOri_mu","Valence"
"S111",0.0324032895622808,-0.130589074207454,"AIOri_mu","Valence"
"S111",0.0278562660376119,-0.112009698745755,"AIForg_mu","Valence"
"S112",0.0239477708534202,-0.065358347741117,"ForgOri_mu","Valence"
"S112",0.0331972249190127,-0.133990794178452,"AIOri_mu","Valence"
"S112",0.0307088179693291,-0.0694205883659775,"AIForg_mu","Valence"
"S113",0.0262218420193109,0.0437237996250744,"ForgOri_mu","Valence"
"S113",0.0394707860135199,-0.00960272362766687,"AIOri_mu","Valence"
"S113",0.031947364298559,-0.0567212111756378,"AIForg_mu","Valence"
"S114",0.022763827981297,0.00100062310122695,"ForgOri_mu","Valence"
"S114",0.038351486188317,-0.0755752618299641,"AIOri_mu","Valence"
"S114",0.02777120666016,-0.07549858950718,"AIForg_mu","Valence"
"S116",0.0205283854959228,-0.0613105467162191,"ForgOri_mu","Valence"
"S116",0.0244158885953454,-0.0374878854623145,"AIOri_mu","Valence"
"S116",0.0237145923820919,0.0254768807859385,"AIForg_mu","Valence"
"S117",0.0300335719877101,-0.0186274703456827,"ForgOri_mu","Valence"
"S117",0.0518446921821734,-0.010082279695777,"AIOri_mu","Valence"
"S117",0.0460451600445231,0.00661211960319685,"AIForg_mu","Valence"
"S118",0.0239297676537766,-0.000121531687280241,"ForgOri_mu","Valence"
"S118",0.0329559686950363,0.0492758415319915,"AIOri_mu","Valence"
"S118",0.0273340743622355,0.053828092612807,"AIForg_mu","Valence"
"S119",0.0337911933494174,-0.110093771593771,"ForgOri_mu","Valence"
"S119",0.0304891527308513,-0.141258533150368,"AIOri_mu","Valence"
"S119",0.0354796711268029,-0.0296084882327441,"AIForg_mu","Valence"
"S120",0.0228709182522856,-0.115543648881154,"ForgOri_mu","Valence"
"S120",0.0354020293357776,-0.0142138308181552,"AIOri_mu","Valence"
"S120",0.0317144194566314,0.110591013616164,"AIForg_mu","Valence"
"S121",0.0162987663645763,-0.0782967853435366,"ForgOri_mu","Valence"
"S121",0.0240978801886549,-0.0538381967796492,"AIOri_mu","Valence"
"S121",0.0253882905618373,0.0232810160580676,"AIForg_mu","Valence"
"S122",0.0235750593732613,-0.0549532098101842,"ForgOri_mu","Valence"
"S122",0.0318492193175001,-0.21905341785777,"AIOri_mu","Valence"
"S122",0.0366921337021751,-0.165087193542489,"AIForg_mu","Valence"
"S123",0.0259520924607534,-0.124119151042999,"ForgOri_mu","Valence"
"S123",0.0332678424606688,-0.117762737836724,"AIOri_mu","Valence"
"S123",0.0294160958927171,0.00396578055532412,"AIForg_mu","Valence"
"S124",0.0313289368976596,0.0489320791313784,"ForgOri_mu","Valence"
"S124",0.0469267931531636,-0.0195973660079827,"AIOri_mu","Valence"
"S124",0.0355926410815238,-0.0685277532234036,"AIForg_mu","Valence"
"S125",0.0214523770735349,0.00318810596539404,"ForgOri_mu","Valence"
"S125",0.0269698792673827,-0.0999159985292914,"AIOri_mu","Valence"
"S125",0.031221529700436,-0.103784075570291,"AIForg_mu","Valence"
"S127",0.0224267348599744,-0.110933382376793,"ForgOri_mu","Valence"
"S127",0.0440183832618322,-0.0708288651162403,"AIOri_mu","Valence"
"S127",0.0419145516123014,0.0429600864615573,"AIForg_mu","Valence"
"S128",0.021440774456524,-0.0539950646340738,"ForgOri_mu","Valence"
"S128",0.0311424728147817,-0.0875724599330795,"AIOri_mu","Valence"
"S128",0.0288162309492168,-0.0331776115087679,"AIForg_mu","Valence"
"S129",0.0177077813609579,-0.0937271965441164,"ForgOri_mu","Valence"
"S129",0.0357541038966322,-0.131404828136618,"AIOri_mu","Valence"
"S129",0.0282928319365753,-0.0356181895327353,"AIForg_mu","Valence"
"S130",0.0208213698211921,-0.063263665709229,"ForgOri_mu","Valence"
"S130",0.0318147386021604,-0.055104488254125,"AIOri_mu","Valence"
"S130",0.0338655860637875,0.00445230602733571,"AIForg_mu","Valence"
"S131",0.0314056020282246,-0.074526744153765,"ForgOri_mu","Valence"
"S131",0.0491859583379586,-0.191899501760602,"AIOri_mu","Valence"
"S131",0.0326956885534686,-0.115306727019386,"AIForg_mu","Valence"
"S132",0.021284722326112,-0.0990830494824174,"ForgOri_mu","Valence"
"S132",0.0319876374124948,-0.11103287316565,"AIOri_mu","Valence"
"S132",0.0244415409837526,-0.0118063408821328,"AIForg_mu","Valence"
"S133",0.0212752492688305,-0.0272825853975505,"ForgOri_mu","Valence"
"S133",0.0345665289811169,-0.0425894485459309,"AIOri_mu","Valence"
"S133",0.0298759299352624,-0.0182541619884881,"AIForg_mu","Valence"
"S134",0.021806422550961,-0.0288864816074488,"ForgOri_mu","Valence"
"S134",0.0392963587359139,-0.0415932452304606,"AIOri_mu","Valence"
"S134",0.0293681011139702,-0.0123090355979973,"AIForg_mu","Valence"
"S135",0.0277144732728382,-0.00986251167681709,"ForgOri_mu","Valence"
"S135",0.0358173979024502,0.0497563174769292,"AIOri_mu","Valence"
"S135",0.0325308972170716,0.0538781193428512,"AIForg_mu","Valence"
"S136",0.0222873985224582,-0.0592901301236576,"ForgOri_mu","Valence"
"S136",0.0258709658667952,-0.0526260815783237,"AIOri_mu","Valence"
"S136",0.0235090909770162,0.00599813037589014,"AIForg_mu","Valence"
"S137",0.0266795133664782,0.0189700442644943,"ForgOri_mu","Valence"
"S137",0.0343807676131342,0.00136439152324663,"AIOri_mu","Valence"
"S137",0.0253171760758832,-0.0211584433388677,"AIForg_mu","Valence"
"S138",0.0164161027488537,-0.0267916838614926,"ForgOri_mu","Valence"
"S138",0.0289957594547225,-0.114031835650165,"AIOri_mu","Valence"
"S138",0.0288161511881811,-0.084033074042976,"AIForg_mu","Valence"
"S139",0.0289143685177867,-0.1069439505065,"ForgOri_mu","Valence"
"S139",0.038076094602771,-0.0470206088945089,"AIOri_mu","Valence"
"S139",0.044364019720454,0.0609439676791916,"AIForg_mu","Valence"
"S140",0.0248940354260121,-0.0169749956618191,"ForgOri_mu","Valence"
"S140",0.0337635906636606,-0.0266716106015704,"AIOri_mu","Valence"
"S140",0.0324076027480382,-0.0164285031754399,"AIForg_mu","Valence"
"S141",0.0247279526168564,0.00111538012213086,"ForgOri_mu","Valence"
"S141",0.0369775031962265,-0.0166513201309837,"AIOri_mu","Valence"
"S141",0.0346505809064082,-0.0144690854569549,"AIForg_mu","Valence"
"S142",0.0245529407173963,-0.0569288755960475,"ForgOri_mu","Valence"
"S142",0.0445001212917834,-0.100072755632514,"AIOri_mu","Valence"
"S142",0.0381734581613865,-0.0433347363671456,"AIForg_mu","Valence"
"S143",0.0201314487375257,-0.0619996195393221,"ForgOri_mu","Valence"
"S143",0.0279381594180147,-0.114936503744614,"AIOri_mu","Valence"
"S143",0.0288186566304388,-0.0531132633428641,"AIForg_mu","Valence"
"S144",0.020859113837752,-0.0294752382501047,"ForgOri_mu","Valence"
"S144",0.0265076354048241,-0.0457062732698881,"AIOri_mu","Valence"
"S144",0.027865906566114,-0.0174969046822843,"AIForg_mu","Valence"
"S145",0.0295127980773016,0.0474484522240985,"ForgOri_mu","Valence"
"S145",0.0387034709185703,0.0439993618133122,"AIOri_mu","Valence"
"S145",0.0274643463975369,-0.00326196239253324,"AIForg_mu","Valence"
"S146",0.025403775625295,0.0362884854837779,"ForgOri_mu","Valence"
"S146",0.0421617869392305,-0.0942941788950779,"AIOri_mu","Valence"
"S146",0.0370071379910153,-0.132990757668239,"AIForg_mu","Valence"
"S147",0.0266695431420865,-0.0751704714778325,"ForgOri_mu","Valence"
"S147",0.0373702847244503,-0.141786679467669,"AIOri_mu","Valence"
"S147",0.0305596451688995,-0.0646294898903848,"AIForg_mu","Valence"
"S149",0.0212781551085235,-0.0140104325919582,"ForgOri_mu","Valence"
"S149",0.0319032814770817,-0.0763668800125081,"AIOri_mu","Valence"
"S149",0.0272107506321501,-0.0635595630425018,"AIForg_mu","Valence"
"S151",0.0212480763543472,-0.0205869095774256,"ForgOri_mu","Valence"
"S151",0.0337465020747367,-0.00427495342376005,"AIOri_mu","Valence"
"S151",0.0302744231051786,0.0183289248932191,"AIForg_mu","Valence"
"S152",0.0260152014181304,0.0604308853710242,"ForgOri_mu","Valence"
"S152",0.0335033018396552,-0.0556328368195789,"AIOri_mu","Valence"
"S152",0.0343273876462521,-0.114981268361575,"AIForg_mu","Valence"
"S153",0.025162487074024,-0.0294689974973626,"ForgOri_mu","Valence"
"S153",0.0320373124733125,-0.0975238116955484,"AIOri_mu","Valence"
"S153",0.0223886459120361,-0.0635843177709592,"AIForg_mu","Valence"
"S154",0.0237102021429888,0.00160861596395664,"ForgOri_mu","Valence"
"S154",0.0318378890936219,0.0548836831021145,"AIOri_mu","Valence"
"S154",0.033365084039094,0.0516445332113578,"AIForg_mu","Valence"
"S155",0.0245948835805394,-0.00906425127942428,"ForgOri_mu","Valence"
"S155",0.0281476886395737,-0.0476756416096546,"AIOri_mu","Valence"
"S155",0.0369470611023269,-0.0385588182307034,"AIForg_mu","Valence"
"S156",0.0245912173272075,-0.101656574659493,"ForgOri_mu","Valence"
"S156",0.0279454252838377,-0.110856125738537,"AIOri_mu","Valence"
"S156",0.035031066479465,-0.00429396127154089,"AIForg_mu","Valence"
"S157",0.0290796843341103,-0.0185486169970476,"ForgOri_mu","Valence"
"S157",0.0460207965538061,-0.0706556604705459,"AIOri_mu","Valence"
"S157",0.0434255377055698,-0.0514943055912958,"AIForg_mu","Valence"
"S159",0.0220882802301864,-0.000844377078420888,"ForgOri_mu","Valence"
"S159",0.0386217805860499,-0.0354808803099007,"AIOri_mu","Valence"
"S159",0.0303020792438591,-0.032700634589154,"AIForg_mu","Valence"
"S160",0.0346761012405433,-0.0880698984308088,"ForgOri_mu","Valence"
"S160",0.0318280581697945,0.0187699840899907,"AIOri_mu","Valence"
"S160",0.037390660687739,0.103554950427131,"AIForg_mu","Valence"
"S162",0.022776652093438,-0.0303504085062763,"ForgOri_mu","Valence"
"S162",0.0370429703662651,-0.0440585789091239,"AIOri_mu","Valence"
"S162",0.0334536449502765,-0.0106625125092292,"AIForg_mu","Valence"
"S163",0.0215057022115628,-0.0417938765540473,"ForgOri_mu","Valence"
"S163",0.0336197123093928,-0.0686777626606979,"AIOri_mu","Valence"
"S163",0.0359023339205191,-0.0254637982787644,"AIForg_mu","Valence"
"S164",0.0220510375693192,-0.0289984407280547,"ForgOri_mu","Valence"
"S164",0.0425612739155975,0.0100916019452325,"AIOri_mu","Valence"
"S164",0.0295756018818402,0.0408388705295637,"AIForg_mu","Valence"
"S109",0.816729023285782,3.98746274239486,"Baseline_phi","Valence"
"S110",1.18742108077413,4.28958252093746,"Baseline_phi","Valence"
"S111",1.43788326145452,4.96952481722139,"Baseline_phi","Valence"
"S112",1.08561320973975,4.79291227606336,"Baseline_phi","Valence"
"S113",1.25212592670354,4.90662199182216,"Baseline_phi","Valence"
"S114",0.842273001039729,4.23767364319596,"Baseline_phi","Valence"
"S116",3.7197150131593,15.1808102126795,"Baseline_phi","Valence"
"S117",0.385351068857797,1.70170350097747,"Baseline_phi","Valence"
"S118",4.50719071044591,15.2368761690614,"Baseline_phi","Valence"
"S119",0.907138233905588,4.28428591771442,"Baseline_phi","Valence"
"S120",1.34310625695353,4.87802595493551,"Baseline_phi","Valence"
"S121",7.34300380885579,24.4025754263178,"Baseline_phi","Valence"
"S122",2.87351397330431,9.64559285361156,"Baseline_phi","Valence"
"S123",3.858375628601,11.9452476639755,"Baseline_phi","Valence"
"S124",0.510729219069252,1.90827028877496,"Baseline_phi","Valence"
"S125",1.91938602810766,9.02048074334195,"Baseline_phi","Valence"
"S127",1.09793520118808,4.49255083525293,"Baseline_phi","Valence"
"S128",1.34345897386643,5.45092473219587,"Baseline_phi","Valence"
"S129",3.38931117958938,13.9911739111023,"Baseline_phi","Valence"
"S130",0.647706499761937,3.47938806423879,"Baseline_phi","Valence"
"S131",1.27151703742899,4.10759055303499,"Baseline_phi","Valence"
"S132",2.86100823573063,10.1257804402652,"Baseline_phi","Valence"
"S133",1.2938155442279,6.87929607004428,"Baseline_phi","Valence"
"S134",1.5201303383594,6.52621397044768,"Baseline_phi","Valence"
"S135",0.891199530323006,3.71921298908595,"Baseline_phi","Valence"
"S136",4.414942229616,14.5223161773102,"Baseline_phi","Valence"
"S137",1.942671069985,7.35964031968956,"Baseline_phi","Valence"
"S138",1.8572767472704,7.84025013297548,"Baseline_phi","Valence"
"S139",0.305023251510604,1.31517080296096,"Baseline_phi","Valence"
"S140",1.17146518866303,6.2488161039791,"Baseline_phi","Valence"
"S141",1.07943490087766,4.21560455671558,"Baseline_phi","Valence"
"S142",0.887196204246101,4.07803493157304,"Baseline_phi","Valence"
"S143",1.68550186341048,5.75244666024394,"Baseline_phi","Valence"
"S144",2.04654620505802,7.33356424771031,"Baseline_phi","Valence"
"S145",1.03710337536613,4.96027861061829,"Baseline_phi","Valence"
"S146",0.766972648221001,3.680726546176,"Baseline_phi","Valence"
"S147",1.11899465789701,4.25785906647672,"Baseline_phi","Valence"
"S149",1.93001402124693,6.79469712816015,"Baseline_phi","Valence"
"S151",1.99125009209373,8.20253506866252,"Baseline_phi","Valence"
"S152",1.62209877734513,5.89729929431473,"Baseline_phi","Valence"
"S153",1.39334099163964,5.37257949665952,"Baseline_phi","Valence"
"S154",1.73967190157675,8.12898947359838,"Baseline_phi","Valence"
"S155",0.718582195137205,3.59777528977354,"Baseline_phi","Valence"
"S156",0.933882280905107,3.87494304201421,"Baseline_phi","Valence"
"S157",0.626313815145091,2.71964667609301,"Baseline_phi","Valence"
"S159",0.861569105784308,3.09680615125452,"Baseline_phi","Valence"
"S160",0.714063730224329,2.76080296396453,"Baseline_phi","Valence"
"S162",1.29263987830034,5.48671904282828,"Baseline_phi","Valence"
"S163",1.58311890081618,6.14298471478832,"Baseline_phi","Valence"
"S164",2.2829532865715,7.73676096174963,"Baseline_phi","Valence"
"S109",0.656261381069646,0.361643064921304,"ForgOri_phi","Valence"
"S109",0.962760947338405,0.280225940933045,"AIOri_phi","Valence"
"S109",0.869287228629044,-0.0251626977433312,"AIForg_phi","Valence"
"S110",0.590101289608521,-0.0751403771702577,"ForgOri_phi","Valence"
"S110",1.0050865122083,-0.48506582289346,"AIOri_phi","Valence"
"S110",1.07770228064315,-0.382612736057881,"AIForg_phi","Valence"
"S111",0.77498414428909,0.229706401942947,"ForgOri_phi","Valence"
"S111",1.01644303848354,0.0468172854028219,"AIOri_phi","Valence"
"S111",1.18307257810672,-0.38579867202868,"AIForg_phi","Valence"
"S112",0.624133674491513,0.301330976314447,"ForgOri_phi","Valence"
"S112",0.996159015092577,-0.622715518575928,"AIOri_phi","Valence"
"S112",1.00928676094712,-0.980085682493217,"AIForg_phi","Valence"
"S113",0.741541451173606,1.19024517359251,"ForgOri_phi","Valence"
"S113",1.37422623153751,0.721086123202811,"AIOri_phi","Valence"
"S113",1.41544700359877,-0.689714748040116,"AIForg_phi","Valence"
"S114",0.567032289241767,0.743706611599657,"ForgOri_phi","Valence"
"S114",0.681969247949355,-0.277778369960268,"AIOri_phi","Valence"
"S114",0.936930318774516,-0.990006996372755,"AIForg_phi","Valence"
"S116",2.56356693540281,-0.918814918180124,"ForgOri_phi","Valence"
"S116",4.30254142311465,1.26992623020542,"AIOri_phi","Valence"
"S116",4.39427695462675,2.7722772465685,"AIForg_phi","Valence"
"S117",0.25160506615661,0.284468214392844,"ForgOri_phi","Valence"
"S117",0.432750074930205,0.437028363708886,"AIOri_phi","Valence"
"S117",0.526284878510287,0.0325947769975655,"AIForg_phi","Valence"
"S118",2.78226585978162,1.37315639284279,"ForgOri_phi","Valence"
"S118",2.93268236317246,-0.269396549437586,"AIOri_phi","Valence"
"S118",3.76779377951121,-1.76951512130868,"AIForg_phi","Valence"
"S119",0.605485105051066,0.28436058621419,"ForgOri_phi","Valence"
"S119",1.09731724824352,0.218348334599693,"AIOri_phi","Valence"
"S119",1.10693422069449,-0.0103446878037374,"AIForg_phi","Valence"
"S120",0.653144177991241,-0.416451062833807,"ForgOri_phi","Valence"
"S120",1.15665947884715,1.34732365278293,"AIOri_phi","Valence"
"S120",1.10145253134533,1.68436737226442,"AIForg_phi","Valence"
"S121",3.24536963965157,-0.161005574278391,"ForgOri_phi","Valence"
"S121",6.99911665309085,3.7497748232118,"AIOri_phi","Valence"
"S121",6.72499752579119,4.26264746833973,"AIForg_phi","Valence"
"S122",1.56810736173195,0.555246015196772,"ForgOri_phi","Valence"
"S122",1.72086709787747,-0.812474522240305,"AIOri_phi","Valence"
"S122",2.22159315913549,-1.15538516135985,"AIForg_phi","Valence"
"S123",2.23917877647156,-1.02535116677722,"ForgOri_phi","Valence"
"S123",3.80506387831761,-1.58432246613046,"AIOri_phi","Valence"
"S123",3.09890879663834,-1.15076294598306,"AIForg_phi","Valence"
"S124",0.385877426959964,0.481372826604886,"ForgOri_phi","Valence"
"S124",0.551505149417153,0.544638751149309,"AIOri_phi","Valence"
"S124",0.629155203597691,0.102105973522333,"AIForg_phi","Valence"
"S125",1.57006787956079,0.783139223840066,"ForgOri_phi","Valence"
"S125",2.01812471244757,-0.230273535942222,"AIOri_phi","Valence"
"S125",2.10447233923043,-1.35717565558672,"AIForg_phi","Valence"
"S127",0.656826935304425,0.372955715481444,"ForgOri_phi","Valence"
"S127",0.952288251433692,-0.581544186350344,"AIOri_phi","Valence"
"S127",0.987262970926044,-1.08670307507947,"AIForg_phi","Valence"
"S128",0.909527326109993,0.183126743040919,"ForgOri_phi","Valence"
"S128",1.25051584108774,0.560960186736915,"AIOri_phi","Valence"
"S128",1.53039241373725,0.0517317995339006,"AIForg_phi","Valence"
"S129",2.6444962841184,-0.152633794272174,"ForgOri_phi","Valence"
"S129",3.09250743557541,0.584702628689042,"AIOri_phi","Valence"
"S129",3.73456734394161,1.23602681670343,"AIForg_phi","Valence"
"S130",0.563246433830504,0.342541333981261,"ForgOri_phi","Valence"
"S130",0.718561241005915,0.520099984150088,"AIOri_phi","Valence"
"S130",0.742280493026454,0.22072997373887,"AIForg_phi","Valence"
"S131",0.796354352259385,0.0819073038100731,"ForgOri_phi","Valence"
"S131",1.05445486128537,-1.18426869704242,"AIOri_phi","Valence"
"S131",0.808039875813859,-1.312778659444,"AIForg_phi","Valence"
"S132",1.58761605041817,-0.616834941211972,"ForgOri_phi","Valence"
"S132",2.63869567180827,1.50846282750747,"AIOri_phi","Valence"
"S132",2.5780124307431,1.85933666364168,"AIForg_phi","Valence"
"S133",1.24067774508662,1.93306403168253,"ForgOri_phi","Valence"
"S133",2.03517652084503,1.12489181129299,"AIOri_phi","Valence"
"S133",2.65492134164289,-0.658777163323053,"AIForg_phi","Valence"
"S134",0.980279682866035,1.38940381599088,"ForgOri_phi","Valence"
"S134",1.35982336486715,0.321012566634971,"AIOri_phi","Valence"
"S134",1.79265402760957,-0.812328400579497,"AIForg_phi","Valence"
"S135",0.697402673232279,0.586936227591814,"ForgOri_phi","Valence"
"S135",1.13091154421198,1.63473328783063,"AIOri_phi","Valence"
"S135",1.2680155223198,1.14146722317647,"AIForg_phi","Valence"
"S136",2.48923232393922,-0.709089900464221,"ForgOri_phi","Valence"
"S136",4.55300186021062,3.02815793674607,"AIOri_phi","Valence"
"S136",4.13505669782515,3.58820548580337,"AIForg_phi","Valence"
"S137",1.01982302038562,0.885499588971343,"ForgOri_phi","Valence"
"S137",1.83195737841183,1.7246698373212,"AIOri_phi","Valence"
"S137",1.94833135223157,0.703186047205903,"AIForg_phi","Valence"
"S138",1.38605205913636,0.508176117073071,"ForgOri_phi","Valence"
"S138",2.09030434309738,-0.996599286284737,"AIOri_phi","Valence"
"S138",1.98394721642941,-1.69609247344429,"AIForg_phi","Valence"
"S139",0.170242620572044,0.113568757565413,"ForgOri_phi","Valence"
"S139",0.304665515474553,0.238618393513081,"AIOri_phi","Valence"
"S139",0.283274079835252,0.098279957321267,"AIForg_phi","Valence"
"S140",1.00408038590105,0.590709715334602,"ForgOri_phi","Valence"
"S140",1.92043603650942,2.10256822934029,"AIOri_phi","Valence"
"S140",2.06038422289625,1.49614727928747,"AIForg_phi","Valence"
"S141",0.90179577426538,1.12979227667453,"ForgOri_phi","Valence"
"S141",1.07800842910401,0.850206978234604,"AIOri_phi","Valence"
"S141",1.2910546977321,-0.290971423550507,"AIForg_phi","Valence"
"S142",0.532312237823585,0.943162963278652,"ForgOri_phi","Valence"
"S142",0.976915025556181,0.803290386299143,"AIOri_phi","Valence"
"S142",1.09147176795734,-0.031984500374636,"AIForg_phi","Valence"
"S143",1.23044099633967,1.1522776488577,"ForgOri_phi","Valence"
"S143",1.77074294897919,0.89518231687481,"AIOri_phi","Valence"
"S143",1.42032019277284,-0.53592483668165,"AIForg_phi","Valence"
"S144",0.96394745576672,0.647473551314063,"ForgOri_phi","Valence"
"S144",1.90407336988944,1.02656665279491,"AIOri_phi","Valence"
"S144",1.7631468212142,0.439567567632462,"AIForg_phi","Valence"
"S145",1.0240414213141,1.90307216306103,"ForgOri_phi","Valence"
"S145",1.78840270037654,2.63151959481519,"AIOri_phi","Valence"
"S145",1.81642730955122,0.68157673310167,"AIForg_phi","Valence"
"S146",0.580868207466375,0.426027992284733,"ForgOri_phi","Valence"
"S146",0.994069145358521,-0.158422720259434,"AIOri_phi","Valence"
"S146",1.05808092184356,-0.763330687181808,"AIForg_phi","Valence"
"S147",0.722975365926997,0.913347058049531,"ForgOri_phi","Valence"
"S147",0.963676142405909,-0.563833027946311,"AIOri_phi","Valence"
"S147",1.33805229557519,-1.30734717958225,"AIForg_phi","Valence"
"S149",0.934908378971535,0.76880803721583,"ForgOri_phi","Valence"
"S149",2.43232732539367,1.93920988824512,"AIOri_phi","Valence"
"S149",2.25878393049314,1.25056954966879,"AIForg_phi","Valence"
"S151",1.20036963676577,0.0535990052538349,"ForgOri_phi","Valence"
"S151",1.83780229419476,0.968338237610133,"AIOri_phi","Valence"
"S151",2.13520646670746,0.810629765422014,"AIForg_phi","Valence"
"S152",1.22116434679397,0.966858676225473,"ForgOri_phi","Valence"
"S152",1.74497533162825,1.18346698920006,"AIOri_phi","Valence"
"S152",2.01726834472023,0.577855526036467,"AIForg_phi","Valence"
"S153",0.7098103403293,0.283499872907135,"ForgOri_phi","Valence"
"S153",1.92025183778128,1.11130057985301,"AIOri_phi","Valence"
"S153",2.12435356087095,1.26041243050717,"AIForg_phi","Valence"
"S154",0.966478645212219,-0.0705208267363764,"ForgOri_phi","Valence"
"S154",2.49369996211487,2.48324800966785,"AIOri_phi","Valence"
"S154",2.74392932518616,2.90026514345949,"AIForg_phi","Valence"
"S155",0.528006491097592,0.30361849354015,"ForgOri_phi","Valence"
"S155",0.944750556799805,-0.129388187597972,"AIOri_phi","Valence"
"S155",0.892230938677853,-0.479342658793593,"AIForg_phi","Valence"
"S156",0.624239355421722,0.400933347223196,"ForgOri_phi","Valence"
"S156",0.925176803563287,-0.371041865239466,"AIOri_phi","Valence"
"S156",0.972775985443578,-0.609044489541015,"AIForg_phi","Valence"
"S157",0.345836168253847,-0.266755018891352,"ForgOri_phi","Valence"
"S157",0.770529622991721,0.185943637213343,"AIOri_phi","Valence"
"S157",0.594612848430319,0.412028553959442,"AIForg_phi","Valence"
"S159",0.57158014996816,0.533186600881717,"ForgOri_phi","Valence"
"S159",1.18598829796563,1.91697890429707,"AIOri_phi","Valence"
"S159",1.3611565783539,1.24150871456291,"AIForg_phi","Valence"
"S160",0.286830666451897,0.0119642800929209,"ForgOri_phi","Valence"
"S160",0.625371359763516,0.771259318774301,"AIOri_phi","Valence"
"S160",0.641291405304303,0.701539458191063,"AIForg_phi","Valence"
"S162",0.923542186130771,0.905845116856474,"ForgOri_phi","Valence"
"S162",1.27502498715619,1.1090434683599,"AIOri_phi","Valence"
"S162",1.66354108516772,0.147004273123958,"AIForg_phi","Valence"
"S163",1.14372162905964,1.66158252056689,"ForgOri_phi","Valence"
"S163",2.10201785063982,2.67135488768702,"AIOri_phi","Valence"
"S163",1.97067325887522,1.07776331785282,"AIForg_phi","Valence"
"S164",1.35020736000676,-0.398711284250739,"ForgOri_phi","Valence"
"S164",1.84479569229512,0.893989652394724,"AIOri_phi","Valence"
"S164",2.50517147886226,1.19255385544596,"AIForg_phi","Valence"
"S165",0.0264263587359315,0.502618449563754,"Baseline_mu","Valence"
"S167",0.0374463763739011,0.575346461195301,"Baseline_mu","Valence"
"S168",0.0191912541218553,0.391492901624399,"Baseline_mu","Valence"
"S169",0.0256535143334694,0.578831161001088,"Baseline_mu","Valence"
"S170",0.0209276831006423,0.495552458103452,"Baseline_mu","Valence"
"S171",0.0327210244438511,0.395060570485517,"Baseline_mu","Valence"
"S172",0.0325640767110918,0.60678998578016,"Baseline_mu","Valence"
"S173",0.0245679830295964,0.497912803702665,"Baseline_mu","Valence"
"S174",0.0284730281337665,0.498948472186073,"Baseline_mu","Valence"
"S175",0.0252856932973174,0.581768592148085,"Baseline_mu","Valence"
"S176",0.0249677598277121,0.56979357200204,"Baseline_mu","Valence"
"S177",0.0309149187898682,0.302803757485459,"Baseline_mu","Valence"
"S178",0.0272427853817849,0.564318099274288,"Baseline_mu","Valence"
"S179",0.0242601265195006,0.6476163071044,"Baseline_mu","Valence"
"S180",0.0210986657539799,0.525617384515983,"Baseline_mu","Valence"
"S182",0.0301585896739813,0.557839951951931,"Baseline_mu","Valence"
"S183",0.0332969044064013,0.57785767239412,"Baseline_mu","Valence"
"S184",0.029569851032114,0.520985973057211,"Baseline_mu","Valence"
"S185",0.0247517204082488,0.544907468338063,"Baseline_mu","Valence"
"S186",0.0273864676899325,0.611079468196751,"Baseline_mu","Valence"
"S188",0.0236790318597578,0.580525197443623,"Baseline_mu","Valence"
"S189",0.0227401140582304,0.527919202295348,"Baseline_mu","Valence"
"S192",0.0235351089798315,0.436210129060848,"Baseline_mu","Valence"
"S193",0.0239898413603388,0.51628036989915,"Baseline_mu","Valence"
"S194",0.0221610958403328,0.528166229274054,"Baseline_mu","Valence"
"S195",0.0343525283741057,0.403645701474246,"Baseline_mu","Valence"
"S196",0.029917785531924,0.671086235443253,"Baseline_mu","Valence"
"S197",0.0283534540889839,0.510033660488077,"Baseline_mu","Valence"
"S198",0.0243952780196635,0.496738859905476,"Baseline_mu","Valence"
"S199",0.0202438977330856,0.440624341698986,"Baseline_mu","Valence"
"S200",0.03968924805951,0.346497037017027,"Baseline_mu","Valence"
"S201",0.0182203297292983,0.502721727803467,"Baseline_mu","Valence"
"S202",0.0308328252033719,0.616016718024271,"Baseline_mu","Valence"
"S203",0.0330205952280918,0.530368836845469,"Baseline_mu","Valence"
"S205",0.0323449778571306,0.545231700918458,"Baseline_mu","Valence"
"S206",0.0301955986998819,0.633788991437861,"Baseline_mu","Valence"
"S207",0.0257566627354604,0.370324387003435,"Baseline_mu","Valence"
"S208",0.0442250638343217,0.516462424397648,"Baseline_mu","Valence"
"S209",0.0299093666966486,0.605274967628533,"Baseline_mu","Valence"
"S210",0.0290224643520272,0.56553693446598,"Baseline_mu","Valence"
"S211",0.0273048799792947,0.577640587345879,"Baseline_mu","Valence"
"S212",0.024740848484918,0.587778054582952,"Baseline_mu","Valence"
"S213",0.0274887421473554,0.830501053885237,"Baseline_mu","Valence"
"S214",0.0284145563192014,0.524745157318395,"Baseline_mu","Valence"
"S215",0.0213015007174569,0.585672905930169,"Baseline_mu","Valence"
"S216",0.0246547442010109,0.467997943159966,"Baseline_mu","Valence"
"S217",0.0248299442718134,0.344180903738695,"Baseline_mu","Valence"
"S218",0.0331976834785682,0.507344756170487,"Baseline_mu","Valence"
"S219",0.0225668436477363,0.454926019642541,"Baseline_mu","Valence"
"S220",0.0179255429184562,0.569934439963637,"Baseline_mu","Valence"
"S165",0.0243941291419634,-0.00897234335509678,"ForgOri_mu","Valence"
"S165",0.0371411552722418,-0.132462902024411,"AIOri_mu","Valence"
"S165",0.0286870128397127,-0.120862885553885,"AIForg_mu","Valence"
"S167",0.0260346550389014,-0.05634702646155,"ForgOri_mu","Valence"
"S167",0.0409474873201122,-0.101598934416855,"AIOri_mu","Valence"
"S167",0.0349500086291071,-0.0463926633839878,"AIForg_mu","Valence"
"S168",0.0199627292832797,0.033561907490337,"ForgOri_mu","Valence"
"S168",0.0366053389144218,-0.0487268539409408,"AIOri_mu","Valence"
"S168",0.0292182596954829,-0.0809309456264896,"AIForg_mu","Valence"
"S169",0.0232671186862511,-0.00391281031444651,"ForgOri_mu","Valence"
"S169",0.0284228790732025,0.0162135122161798,"AIOri_mu","Valence"
"S169",0.0184032732818102,0.0176223733010494,"AIForg_mu","Valence"
"S170",0.0229074875798062,-0.0204330562907764,"ForgOri_mu","Valence"
"S170",0.0351000242482504,-0.0990634065231529,"AIOri_mu","Valence"
"S170",0.0254362555564986,-0.0723687708764369,"AIForg_mu","Valence"
"S171",0.0284028840500605,-0.0452423709847028,"ForgOri_mu","Valence"
"S171",0.0389850921416853,0.0417946518835093,"AIOri_mu","Valence"
"S171",0.0325427148852009,0.0873927114225643,"AIForg_mu","Valence"
"S172",0.0218502249353213,-0.0588759212803923,"ForgOri_mu","Valence"
"S172",0.0412005178046319,-0.0444796539138234,"AIOri_mu","Valence"
"S172",0.0373227855762282,0.0137487162345527,"AIForg_mu","Valence"
"S173",0.019946435021053,0.0118657038829907,"ForgOri_mu","Valence"
"S173",0.032694762613001,-0.0650945337657095,"AIOri_mu","Valence"
"S173",0.0233589551271307,-0.0772880103258222,"AIForg_mu","Valence"
"S174",0.0277705967201282,-0.0493338359740353,"ForgOri_mu","Valence"
"S174",0.0445853730683668,-0.0459357367682575,"AIOri_mu","Valence"
"S174",0.0362881240839022,0.0031184765918062,"AIForg_mu","Valence"
"S175",0.0217300065882128,-0.0398341256758917,"ForgOri_mu","Valence"
"S175",0.0333225672431423,-0.0829940232002697,"AIOri_mu","Valence"
"S175",0.0339182690191251,-0.0387246317118479,"AIForg_mu","Valence"
"S176",0.031236231873655,-0.0267556698294236,"ForgOri_mu","Valence"
"S176",0.0304003926369285,-0.0128415430117262,"AIOri_mu","Valence"
"S176",0.0265337747190981,0.0177222956569195,"AIForg_mu","Valence"
"S177",0.0245639586183534,0.0298778543918039,"ForgOri_mu","Valence"
"S177",0.0355407898883912,-0.0624920181901394,"AIOri_mu","Valence"
"S177",0.0333727122783996,-0.0942713983426891,"AIForg_mu","Valence"
"S178",0.0272635188624671,-0.0937677340864163,"ForgOri_mu","Valence"
"S178",0.0321796254554137,-0.130965918339215,"AIOri_mu","Valence"
"S178",0.0410493202559561,-0.0319229312836209,"AIForg_mu","Valence"
"S179",0.023805275324951,-0.00696861717365804,"ForgOri_mu","Valence"
"S179",0.0398904748278323,-0.0138969790383808,"AIOri_mu","Valence"
"S179",0.035869124390754,-0.00957228142758787,"AIForg_mu","Valence"
"S180",0.0221769861937361,-0.0167123000162619,"ForgOri_mu","Valence"
"S180",0.0365889413104193,-0.0722918758756788,"AIOri_mu","Valence"
"S180",0.027672017299672,-0.0565541199387134,"AIForg_mu","Valence"
"S182",0.0245856440780019,0.018824310637168,"ForgOri_mu","Valence"
"S182",0.0396449423604459,0.0116779256829354,"AIOri_mu","Valence"
"S182",0.0363807981935087,-0.00428937730432194,"AIForg_mu","Valence"
"S183",0.0254316918793518,-0.0550849392909337,"ForgOri_mu","Valence"
"S183",0.026936686655167,-0.121491226590125,"AIOri_mu","Valence"
"S183",0.0316570500302679,-0.0653136582317329,"AIForg_mu","Valence"
"S184",0.0179446550235055,-0.0304452433159162,"ForgOri_mu","Valence"
"S184",0.0317044563796084,0.00927679000802301,"AIOri_mu","Valence"
"S184",0.0281282751801095,0.0413944070206924,"AIForg_mu","Valence"
"S185",0.0236280544129311,-0.00198122554369456,"ForgOri_mu","Valence"
"S185",0.0330918714917496,-0.00975796550082486,"AIOri_mu","Valence"
"S185",0.0329606706040849,-0.0034026012095289,"AIForg_mu","Valence"
"S186",0.0203097367641623,-0.0281547088653021,"ForgOri_mu","Valence"
"S186",0.0408147807256467,-0.0207743234718877,"AIOri_mu","Valence"
"S186",0.0385537162024803,0.0134910199991418,"AIForg_mu","Valence"
"S188",0.0188166348999418,-0.119853990411047,"ForgOri_mu","Valence"
"S188",0.0291008987488337,-0.123138062422817,"AIOri_mu","Valence"
"S188",0.0359707634178673,-0.00242540544899536,"AIForg_mu","Valence"
"S189",0.0255617528071422,-0.0216663473446097,"ForgOri_mu","Valence"
"S189",0.0275014373064073,-0.0653524881715935,"AIOri_mu","Valence"
"S189",0.0286999912285576,-0.0366043733957323,"AIForg_mu","Valence"
"S192",0.0173504336583586,-0.069074717471852,"ForgOri_mu","Valence"
"S192",0.0335873210406098,-0.00983297213315998,"AIOri_mu","Valence"
"S192",0.0320229676184496,0.0525586498873824,"AIForg_mu","Valence"
"S193",0.0258685574139209,0.102593957181248,"ForgOri_mu","Valence"
"S193",0.0292862713116066,-0.014548967210369,"AIOri_mu","Valence"
"S193",0.0302509360382359,-0.113565754612193,"AIForg_mu","Valence"
"S194",0.0226758364144945,0.00713837424797786,"ForgOri_mu","Valence"
"S194",0.0242611440983744,-0.0702994461427644,"AIOri_mu","Valence"
"S194",0.0306460000527854,-0.0818186576925744,"AIForg_mu","Valence"
"S195",0.0312184757086134,-0.0059118481790813,"ForgOri_mu","Valence"
"S195",0.0356521272028794,-0.075162548796552,"AIOri_mu","Valence"
"S195",0.0384334648531471,-0.06933870441731,"AIForg_mu","Valence"
"S196",0.0220197277268268,-0.0385055502832342,"ForgOri_mu","Valence"
"S196",0.0335450486775465,-0.029083003063668,"AIOri_mu","Valence"
"S196",0.0309883213129296,0.0121608893483031,"AIForg_mu","Valence"
"S197",0.0304877172644917,-0.0793224184119531,"ForgOri_mu","Valence"
"S197",0.0440575780810602,-0.0791439218419714,"AIOri_mu","Valence"
"S197",0.0353914369603955,-0.0039804689608704,"AIForg_mu","Valence"
"S198",0.0215835731270604,-0.0924698338640736,"ForgOri_mu","Valence"
"S198",0.037828227840738,-0.0780102321228861,"AIOri_mu","Valence"
"S198",0.0286993788348235,0.0172340641712249,"AIForg_mu","Valence"
"S199",0.0210160088189371,-0.0312535859694953,"ForgOri_mu","Valence"
"S199",0.0316836480097986,0.00721462274423323,"AIOri_mu","Valence"
"S199",0.0318598529494667,0.0378036890508944,"AIForg_mu","Valence"
"S200",0.0230340271164199,0.0428643547900314,"ForgOri_mu","Valence"
"S200",0.0372617107305425,0.0534802414097056,"AIOri_mu","Valence"
"S200",0.0387001101306972,0.0112643643673852,"AIForg_mu","Valence"
"S201",0.0239084816509893,0.00396323555767178,"ForgOri_mu","Valence"
"S201",0.0234879179031831,-0.0448510612909396,"AIOri_mu","Valence"
"S201",0.0279256351203838,-0.0475998875675893,"AIForg_mu","Valence"
"S202",0.0246160596682319,-0.0386323093030468,"ForgOri_mu","Valence"
"S202",0.0340496320002494,-0.0252949792127027,"AIOri_mu","Valence"
"S202",0.0345228451470821,0.0120214265791863,"AIForg_mu","Valence"
"S203",0.0249534954891272,-0.0620344282031375,"ForgOri_mu","Valence"
"S203",0.041339839629669,-0.076216716707039,"AIOri_mu","Valence"
"S203",0.0340945464366939,-0.0162555613178137,"AIForg_mu","Valence"
"S205",0.0281323371514448,-0.0282370744068329,"ForgOri_mu","Valence"
"S205",0.0448317313655199,-0.0682207261466884,"AIOri_mu","Valence"
"S205",0.03538166756977,-0.042673680893889,"AIForg_mu","Valence"
"S206",0.0235749783103449,-0.0561260804983865,"ForgOri_mu","Valence"
"S206",0.0359088434609076,-0.0927097795753085,"AIOri_mu","Valence"
"S206",0.0329206493352927,-0.0391327527123212,"AIForg_mu","Valence"
"S207",0.0215736038404307,0.043281215279498,"ForgOri_mu","Valence"
"S207",0.0245175892541588,-0.0290013781069774,"AIOri_mu","Valence"
"S207",0.0291656160141479,-0.074996210497198,"AIForg_mu","Valence"
"S208",0.0271704120913155,-0.0524669068145987,"ForgOri_mu","Valence"
"S208",0.0425746741617026,-0.0639898350738182,"AIOri_mu","Valence"
"S208",0.0378370968990586,-0.012462926306411,"AIForg_mu","Valence"
"S209",0.0283488834143633,-0.0291938187834028,"ForgOri_mu","Valence"
"S209",0.0339158187260447,-0.105271614490706,"AIOri_mu","Valence"
"S209",0.0341405857195275,-0.0780181357452873,"AIForg_mu","Valence"
"S210",0.0209521917103717,-0.00911033538737738,"ForgOri_mu","Valence"
"S210",0.0339902666988523,-0.0164281120330448,"AIOri_mu","Valence"
"S210",0.0367395897644662,-0.00584899099727526,"AIForg_mu","Valence"
"S211",0.0226110492397888,-0.0290535889040628,"ForgOri_mu","Valence"
"S211",0.0385740288431981,0.0178439740045611,"AIOri_mu","Valence"
"S211",0.0276776981536792,0.049443746810919,"AIForg_mu","Valence"
"S212",0.0336839366289543,-0.0985987488950009,"ForgOri_mu","Valence"
"S212",0.0354692733477287,-0.0671905457045378,"AIOri_mu","Valence"
"S212",0.0267042441547911,0.031788606120605,"AIForg_mu","Valence"
"S213",0.0183202072381102,-0.00371440076717555,"ForgOri_mu","Valence"
"S213",0.0250875291196046,-0.00295670876943199,"AIOri_mu","Valence"
"S213",0.0266575917570549,0.00610738383752935,"AIForg_mu","Valence"
"S214",0.0269053556397044,0.0057289452205958,"ForgOri_mu","Valence"
"S214",0.0370562265953715,-0.113675652036956,"AIOri_mu","Valence"
"S214",0.0381553792588535,-0.116744342943639,"AIForg_mu","Valence"
"S215",0.0219696417038926,-0.109903650332987,"ForgOri_mu","Valence"
"S215",0.03402635673819,-0.0902469040162326,"AIOri_mu","Valence"
"S215",0.0308185362431147,0.0246942435697554,"AIForg_mu","Valence"
"S216",0.0274947077051547,-0.0595966996681418,"ForgOri_mu","Valence"
"S216",0.0328295579184671,-0.0106141949651468,"AIOri_mu","Valence"
"S216",0.03125283072493,0.0462700481111964,"AIForg_mu","Valence"
"S217",0.0224188403371704,0.0426490942409249,"ForgOri_mu","Valence"
"S217",0.0301766739960718,0.121442753661922,"AIOri_mu","Valence"
"S217",0.0286774867101987,0.0791256987008028,"AIForg_mu","Valence"
"S218",0.0221343432797611,-0.106136193559167,"ForgOri_mu","Valence"
"S218",0.0457870862004649,-0.0554104297891004,"AIOri_mu","Valence"
"S218",0.0412983522856445,0.0474072163277186,"AIForg_mu","Valence"
"S219",0.0242016999646128,-0.0132351778432765,"ForgOri_mu","Valence"
"S219",0.0296544807273688,-0.0785395967263882,"AIOri_mu","Valence"
"S219",0.029629250051913,-0.0675611295500751,"AIForg_mu","Valence"
"S220",0.0201411167125334,-0.0629762224483739,"ForgOri_mu","Valence"
"S220",0.0234940084454868,-0.0843717893437712,"AIOri_mu","Valence"
"S220",0.0272466877368758,-0.0198192865372538,"AIForg_mu","Valence"
"S165",1.67684238737514,7.64585564583403,"Baseline_phi","Valence"
"S167",0.571124695121667,1.60985513912043,"Baseline_phi","Valence"
"S168",1.98006673444355,7.41278871128332,"Baseline_phi","Valence"
"S169",2.18292464136631,8.6852312620366,"Baseline_phi","Valence"
"S170",3.29080935531427,9.12423999604019,"Baseline_phi","Valence"
"S171",0.546490820265955,2.51499879422263,"Baseline_phi","Valence"
"S172",0.469727983599849,1.97141005364013,"Baseline_phi","Valence"
"S173",2.77093482482106,10.3214530793301,"Baseline_phi","Valence"
"S174",0.814964660386504,3.17741357143718,"Baseline_phi","Valence"
"S175",2.56199401442262,9.47402332327205,"Baseline_phi","Valence"
"S176",1.67842427293877,6.83368416580138,"Baseline_phi","Valence"
"S177",1.09556426089761,4.06083439392657,"Baseline_phi","Valence"
"S178",1.01655685781096,4.04421753632148,"Baseline_phi","Valence"
"S179",2.23081488980827,8.55792827609679,"Baseline_phi","Valence"
"S180",4.04267324542938,13.336317000138,"Baseline_phi","Valence"
"S182",0.969762652206598,3.79938686869824,"Baseline_phi","Valence"
"S183",0.968106264995576,3.93065136428357,"Baseline_phi","Valence"
"S184",2.03783657039937,6.909978765086,"Baseline_phi","Valence"
"S185",1.99220796997323,6.88592786900719,"Baseline_phi","Valence"
"S186",0.942736844720095,4.13583987382389,"Baseline_phi","Valence"
"S188",1.84054559425273,7.66704711440649,"Baseline_phi","Valence"
"S189",4.41718625456174,15.5592477776864,"Baseline_phi","Valence"
"S192",1.74101845246139,6.39828756362715,"Baseline_phi","Valence"
"S193",2.23486587943001,7.89319778550153,"Baseline_phi","Valence"
"S194",2.63203251433458,9.9284170567423,"Baseline_phi","Valence"
"S195",0.243201427578945,1.35140636869906,"Baseline_phi","Valence"
"S196",1.38604196065316,5.4634097443373,"Baseline_phi","Valence"
"S197",1.09330715401045,4.21970157317197,"Baseline_phi","Valence"
"S198",0.927943437998164,4.57503532603816,"Baseline_phi","Valence"
"S199",2.53867292602373,8.76871285156447,"Baseline_phi","Valence"
"S200",0.29400445842362,1.00639104098332,"Baseline_phi","Valence"
"S201",5.30374010220595,16.1482262485242,"Baseline_phi","Valence"
"S202",0.649635647163879,2.74122074948718,"Baseline_phi","Valence"
"S203",0.580968295108897,2.73140577673533,"Baseline_phi","Valence"
"S205",0.579317399662693,2.46603975395529,"Baseline_phi","Valence"
"S206",1.22278951533075,4.80911561434752,"Baseline_phi","Valence"
"S207",0.894681371999671,4.85361554735263,"Baseline_phi","Valence"
"S208",0.338088590529557,1.49931708819966,"Baseline_phi","Valence"
"S209",1.21726061301249,4.6841376236165,"Baseline_phi","Valence"
"S210",1.36873713817291,5.24333767942646,"Baseline_phi","Valence"
"S211",1.55295058422957,6.96201493843879,"Baseline_phi","Valence"
"S212",1.16543661875714,5.43273579560682,"Baseline_phi","Valence"
"S213",1.44328808774553,4.06290752517083,"Baseline_phi","Valence"
"S214",1.29570674215731,5.13860621187446,"Baseline_phi","Valence"
"S215",2.18496725901932,8.93393212221305,"Baseline_phi","Valence"
"S216",1.09921238750016,4.45765418031998,"Baseline_phi","Valence"
"S217",2.2111249948151,8.92269747449182,"Baseline_phi","Valence"
"S218",0.50163645028487,2.07627853978947,"Baseline_phi","Valence"
"S219",2.86316463562091,11.5848959057592,"Baseline_phi","Valence"
"S220",2.17542227138755,10.6662828493708,"Baseline_phi","Valence"
"S165",1.21675872165494,1.25548319137481,"ForgOri_phi","Valence"
"S165",1.41390601596317,-0.567133993657364,"AIOri_phi","Valence"
"S165",1.86294395652431,-1.9631052214631,"AIForg_phi","Valence"
"S167",0.282189935492272,0.0231648739963816,"ForgOri_phi","Valence"
"S167",0.334216496940634,-0.085851807168458,"AIOri_phi","Valence"
"S167",0.358506099957473,-0.114942442871431,"AIForg_phi","Valence"
"S168",1.41431207822982,2.30232617603728,"ForgOri_phi","Valence"
"S168",1.8867875910491,0.341567569789764,"AIOri_phi","Valence"
"S168",1.92927386677402,-1.99691360199464,"AIForg_phi","Valence"
"S169",1.36841769546605,-0.977882278136531,"ForgOri_phi","Valence"
"S169",2.33982320469437,2.62611313491089,"AIOri_phi","Valence"
"S169",2.61862884894367,3.75520638911699,"AIForg_phi","Valence"
"S170",1.5941944569478,0.679350380100125,"ForgOri_phi","Valence"
"S170",1.98984619564371,0.789803534060216,"AIOri_phi","Valence"
"S170",2.50971274533604,-0.411184645997812,"AIForg_phi","Valence"
"S171",0.420613579787434,0.127360379479941,"ForgOri_phi","Valence"
"S171",0.613509607420488,0.784664998579511,"AIOri_phi","Valence"
"S171",0.627393392398837,0.545978370329109,"AIForg_phi","Valence"
"S172",0.298713663040154,0.0490988985986888,"ForgOri_phi","Valence"
"S172",0.438826002460859,0.0536775314955179,"AIOri_phi","Valence"
"S172",0.481553153009763,-0.0449102289790537,"AIForg_phi","Valence"
"S173",1.68258212282112,0.379232377322603,"ForgOri_phi","Valence"
"S173",3.02570003734374,1.02520601287436,"AIOri_phi","Valence"
"S173",3.18934924652113,0.237818768417007,"AIForg_phi","Valence"
"S174",0.586813862298826,0.211842636138825,"ForgOri_phi","Valence"
"S174",0.906877495453169,0.509106404038153,"AIOri_phi","Valence"
"S174",0.885859642348074,0.10539020300849,"AIForg_phi","Valence"
"S175",1.79237242798671,2.29251007493103,"ForgOri_phi","Valence"
"S175",4.0045397763927,2.88066396418933,"AIOri_phi","Valence"
"S175",3.80164946505828,0.525872945294702,"AIForg_phi","Valence"
"S176",1.12313905996173,1.01491642134227,"ForgOri_phi","Valence"
"S176",1.97093606138414,2.59837337289079,"AIOri_phi","Valence"
"S176",2.72644306669725,1.72991326285458,"AIForg_phi","Valence"
"S177",0.687646801648484,0.953432489456934,"ForgOri_phi","Valence"
"S177",0.895790146489732,-0.326755781368409,"AIOri_phi","Valence"
"S177",1.11159154396631,-1.31407978447511,"AIForg_phi","Valence"
"S178",0.656500756777591,-0.174128309015665,"ForgOri_phi","Valence"
"S178",1.18739885074246,-0.422404236871532,"AIOri_phi","Valence"
"S178",1.14860032218562,-0.291561528469438,"AIForg_phi","Valence"
"S179",1.92684344511614,2.55769582073138,"ForgOri_phi","Valence"
"S179",2.3165569711983,1.07495601031853,"AIOri_phi","Valence"
"S179",2.60418458149742,-1.94878562234382,"AIForg_phi","Valence"
"S180",1.78197434167692,0.627941006116323,"ForgOri_phi","Valence"
"S180",2.51099806473759,-1.90512236234456,"AIOri_phi","Valence"
"S180",2.98536255547562,-2.73160715708574,"AIForg_phi","Valence"
"S182",0.621816555835994,0.217927563192646,"ForgOri_phi","Valence"
"S182",0.854573417166119,0.417332193418988,"AIOri_phi","Valence"
"S182",0.726138678455113,0.286080991608097,"AIForg_phi","Valence"
"S183",0.702206272548344,-0.246282165081765,"ForgOri_phi","Valence"
"S183",0.808844839611791,-0.634516257044405,"AIOri_phi","Valence"
"S183",0.824083075973402,-0.367126551094288,"AIForg_phi","Valence"
"S184",0.93297638785731,-0.223947516525415,"ForgOri_phi","Valence"
"S184",1.74310253724352,1.52563048413881,"AIOri_phi","Valence"
"S184",1.93655284099872,1.48071920600948,"AIForg_phi","Valence"
"S185",1.28842918363869,1.71958059758815,"ForgOri_phi","Valence"
"S185",2.02890807255863,1.5550392654553,"AIOri_phi","Valence"
"S185",2.26327303046588,-0.448727541874014,"AIForg_phi","Valence"
"S186",0.750643407099176,0.612079494065592,"ForgOri_phi","Valence"
"S186",1.04227471630371,0.975324018847179,"AIOri_phi","Valence"
"S186",1.04313488570504,0.3458026896155,"AIForg_phi","Valence"
"S188",1.27130229668952,0.402425741947517,"ForgOri_phi","Valence"
"S188",1.90027629364684,-0.0872528774868124,"AIOri_phi","Valence"
"S188",1.8842126490471,-0.926123347201343,"AIForg_phi","Valence"
"S189",1.85106645745505,-1.35808929769042,"ForgOri_phi","Valence"
"S189",3.49002354163971,0.725100992957746,"AIOri_phi","Valence"
"S189",3.39297462063609,1.99778761630992,"AIForg_phi","Valence"
"S192",0.855046545821767,1.04566163997133,"ForgOri_phi","Valence"
"S192",1.72782490709075,1.13283498486521,"AIOri_phi","Valence"
"S192",1.98758009595778,0.0757727807407957,"AIForg_phi","Valence"
"S193",1.54170654816795,3.53354041241887,"ForgOri_phi","Valence"
"S193",2.4136834556315,3.12305708041196,"AIOri_phi","Valence"
"S193",2.90663202785385,-0.385581612806386,"AIForg_phi","Valence"
"S194",1.25165127903299,-0.0251133269946773,"ForgOri_phi","Valence"
"S194",2.94065730649949,1.50698528421506,"AIOri_phi","Valence"
"S194",3.08593078183088,1.86202715551531,"AIForg_phi","Valence"
"S195",0.233447312516838,0.105770995224382,"ForgOri_phi","Valence"
"S195",0.27458827077895,0.0745052696275288,"AIOri_phi","Valence"
"S195",0.359423080660745,-0.0767363131293202,"AIForg_phi","Valence"
"S196",1.13540555171766,1.35372560768859,"ForgOri_phi","Valence"
"S196",1.46162091861651,0.374313039700449,"AIOri_phi","Valence"
"S196",1.6975278072814,-1.01271717222697,"AIForg_phi","Valence"
"S197",0.746783284319185,1.06964167644945,"ForgOri_phi","Valence"
"S197",1.52372176384302,0.88029987420507,"AIOri_phi","Valence"
"S197",1.37922174432371,-0.258573103328193,"AIForg_phi","Valence"
"S198",0.76456245609674,0.301682052542551,"ForgOri_phi","Valence"
"S198",1.16277071816845,1.24642566952425,"AIOri_phi","Valence"
"S198",1.44015698693844,1.25039782946484,"AIForg_phi","Valence"
"S199",1.09924175199404,1.2675241882407,"ForgOri_phi","Valence"
"S199",2.178718331604,1.58650174530676,"AIOri_phi","Valence"
"S199",2.15242849909086,0.282495292961834,"AIForg_phi","Valence"
"S200",0.226840266688358,-0.000960313028147253,"ForgOri_phi","Valence"
"S200",0.263465891000296,0.122353377263416,"AIOri_phi","Valence"
"S200",0.223935039050074,0.0798583141775624,"AIForg_phi","Valence"
"S201",2.47842767284257,-0.200271495857672,"ForgOri_phi","Valence"
"S201",3.64545341457163,-1.61373439878285,"AIOri_phi","Valence"
"S201",3.04115127961114,-1.51802793003043,"AIForg_phi","Valence"
"S202",0.315292460098845,-0.308268477089688,"ForgOri_phi","Valence"
"S202",0.784973067749834,0.626164891568048,"AIOri_phi","Valence"
"S202",0.859637434491656,0.926131182104734,"AIForg_phi","Valence"
"S203",0.47838325117378,-0.0713146030477134,"ForgOri_phi","Valence"
"S203",0.686044804019523,0.168272687168636,"AIOri_phi","Valence"
"S203",0.663681727373888,0.276625985328081,"AIForg_phi","Valence"
"S205",0.383468838720818,0.071542139719306,"ForgOri_phi","Valence"
"S205",0.58263613602058,0.308494727169732,"AIOri_phi","Valence"
"S205",0.58295817881638,0.315027234776867,"AIForg_phi","Valence"
"S206",0.605130499448548,0.548992806385347,"ForgOri_phi","Valence"
"S206",1.1042751128872,0.221219099088282,"AIOri_phi","Valence"
"S206",1.32923576439145,-0.368828594245234,"AIForg_phi","Valence"
"S207",0.60729161292161,0.736536628249424,"ForgOri_phi","Valence"
"S207",0.958879674158867,0.586137948928515,"AIOri_phi","Valence"
"S207",1.03192180895485,-0.241441495295396,"AIForg_phi","Valence"
"S208",0.26255641872795,0.288209145716207,"ForgOri_phi","Valence"
"S208",0.431065802796439,0.48631611219316,"AIOri_phi","Valence"
"S208",0.510717990327199,0.256238681020302,"AIForg_phi","Valence"
"S209",0.636466154786943,0.445123980470985,"ForgOri_phi","Valence"
"S209",0.843479474969717,0.167070048775763,"AIOri_phi","Valence"
"S209",0.892347702323735,-0.413469109373357,"AIForg_phi","Valence"
"S210",0.77616153751253,0.728259661906927,"ForgOri_phi","Valence"
"S210",1.3176027007782,0.0550746974436327,"AIOri_phi","Valence"
"S210",1.17384938847697,-0.5946283506995,"AIForg_phi","Valence"
"S211",1.20709022615973,1.4872752621254,"ForgOri_phi","Valence"
"S211",1.69785358183122,0.266714845953795,"AIOri_phi","Valence"
"S211",2.08679416225813,-1.11985240205062,"AIForg_phi","Valence"
"S212",0.812225321145066,-0.44603702910478,"ForgOri_phi","Valence"
"S212",1.03123448322784,1.04805001594179,"AIOri_phi","Valence"
"S212",1.22974387160426,1.58104669522289,"AIForg_phi","Valence"
"S213",0.670360908596097,0.694678059227119,"ForgOri_phi","Valence"
"S213",0.981702707541099,-0.30926653314636,"AIOri_phi","Valence"
"S213",0.888952144297354,-0.920313464056965,"AIForg_phi","Valence"
"S214",0.699941970715586,0.274224426786796,"ForgOri_phi","Valence"
"S214",1.13123017001325,-0.230963271741844,"AIOri_phi","Valence"
"S214",1.28117966821509,-0.639364755366413,"AIForg_phi","Valence"
"S215",1.33133796917304,-0.107801602697597,"ForgOri_phi","Valence"
"S215",1.88839527535802,0.266926279968253,"AIOri_phi","Valence"
"S215",1.92648530432397,0.424087788529598,"AIForg_phi","Valence"
"S216",0.7335067916882,0.967224090187578,"ForgOri_phi","Valence"
"S216",1.22515797642198,0.830800683793834,"AIOri_phi","Valence"
"S216",1.15968386682745,-0.165094498439886,"AIForg_phi","Valence"
"S217",1.6975372716899,2.12306067440641,"ForgOri_phi","Valence"
"S217",3.00955485360283,4.57563247508105,"AIOri_phi","Valence"
"S217",3.26213808175705,2.21694393475601,"AIForg_phi","Valence"
"S218",0.363769547374611,-0.0188334832885442,"ForgOri_phi","Valence"
"S218",0.869394594221769,1.09295375748846,"AIOri_phi","Valence"
"S218",0.838619469885787,1.06039744860145,"AIForg_phi","Valence"
"S219",2.95164132384552,1.66522022458599,"ForgOri_phi","Valence"
"S219",3.7905558792147,2.15821945144486,"AIOri_phi","Valence"
"S219",3.90307896401786,0.501946980883639,"AIForg_phi","Valence"
"S220",1.90462680575222,1.39291275898623,"ForgOri_phi","Valence"
"S220",2.8769456379224,0.676049748192645,"AIOri_phi","Valence"
"S220",2.67826795938654,-0.838483812166698,"AIForg_phi","Valence"
"S221",0.0283846738476263,0.486863043326866,"Baseline_mu","Valence"
"S222",0.0249793210948069,0.52691112650293,"Baseline_mu","Valence"
"S224",0.0238554502729998,0.494826020433236,"Baseline_mu","Valence"
"S225",0.0227518892692333,0.560117117157446,"Baseline_mu","Valence"
"S227",0.0211882974558339,0.411111577204173,"Baseline_mu","Valence"
"S228",0.018764771710917,0.530167563346831,"Baseline_mu","Valence"
"S229",0.0304219029512662,0.582494383358312,"Baseline_mu","Valence"
"S230",0.019649686521667,0.419640943098205,"Baseline_mu","Valence"
"S231",0.0281577600701363,0.44915752211974,"Baseline_mu","Valence"
"S232",0.0285316959510288,0.573975742770576,"Baseline_mu","Valence"
"S233",0.0285461013225168,0.557376854017005,"Baseline_mu","Valence"
"S234",0.0234715010038829,0.475135696514961,"Baseline_mu","Valence"
"S235",0.0226946646075571,0.488570763288113,"Baseline_mu","Valence"
"S236",0.0228122937976265,0.451570735651442,"Baseline_mu","Valence"
"S237",0.0344141459067471,0.271994827057284,"Baseline_mu","Valence"
"S238",0.0176236639922931,0.52694795270296,"Baseline_mu","Valence"
"S239",0.0300288214545458,0.476850484169338,"Baseline_mu","Valence"
"S240",0.0301894695903305,0.6736428916166,"Baseline_mu","Valence"
"S241",0.0190596906556211,0.443497434620804,"Baseline_mu","Valence"
"S242",0.0252650370042504,0.36395654827081,"Baseline_mu","Valence"
"S243",0.0281932753276356,0.592478293922912,"Baseline_mu","Valence"
"S244",0.0312640469171108,0.536311478435706,"Baseline_mu","Valence"
"S245",0.0395257131574128,0.559566506253618,"Baseline_mu","Valence"
"S246",0.0224214063630814,0.630442492516836,"Baseline_mu","Valence"
"S247",0.0209430465935988,0.530100601861216,"Baseline_mu","Valence"
"S248",0.0347549349566886,0.442155707877487,"Baseline_mu","Valence"
"S249",0.0220461908540156,0.4824773057555,"Baseline_mu","Valence"
"S250",0.0200103976256455,0.539140052248387,"Baseline_mu","Valence"
"S251",0.0226893407611411,0.663865118039715,"Baseline_mu","Valence"
"S252",0.0256335186409881,0.42662619440291,"Baseline_mu","Valence"
"S253",0.026258547334733,0.488939716864962,"Baseline_mu","Valence"
"S254",0.027962214924576,0.456847659629855,"Baseline_mu","Valence"
"S255",0.0345996469972602,0.652843892491706,"Baseline_mu","Valence"
"S256",0.0262205861014517,0.44132175089199,"Baseline_mu","Valence"
"S257",0.0278191453446084,0.421664720283707,"Baseline_mu","Valence"
"S258",0.0287728607134034,0.288450725650454,"Baseline_mu","Valence"
"S259",0.0188508816156869,0.482437924267152,"Baseline_mu","Valence"
"S260",0.0321425251330801,0.416488772155143,"Baseline_mu","Valence"
"S261",0.0247546377606876,0.495388107286994,"Baseline_mu","Valence"
"S262",0.0271027637810545,0.56781403704664,"Baseline_mu","Valence"
"S263",0.0268125582216218,0.48788633838528,"Baseline_mu","Valence"
"S264",0.02525264712545,0.544476718562098,"Baseline_mu","Valence"
"S265",0.0301473495855903,0.519274224875489,"Baseline_mu","Valence"
"S266",0.0292709689153337,0.600180565113581,"Baseline_mu","Valence"
"S268",0.0230991164050354,0.421580095824385,"Baseline_mu","Valence"
"S270",0.0181763240411464,0.542747635031424,"Baseline_mu","Valence"
"S271",0.01623830614906,0.461473275330495,"Baseline_mu","Valence"
"S272",0.0243098607755353,0.527738020958918,"Baseline_mu","Valence"
"S273",0.0232746779138738,0.632649362153883,"Baseline_mu","Valence"
"S274",0.0225601281835829,0.591597727321588,"Baseline_mu","Valence"
"S221",0.0249906535384018,-0.0120001471015992,"ForgOri_mu","Valence"
"S221",0.0425277573692196,0.00549010385290372,"AIOri_mu","Valence"
"S221",0.0384136784794728,0.0119769424180189,"AIForg_mu","Valence"
"S222",0.0201479226445975,-0.0407225750527112,"ForgOri_mu","Valence"
"S222",0.0345526595145883,-0.154267036512118,"AIOri_mu","Valence"
"S222",0.0373271457734671,-0.110475024813939,"AIForg_mu","Valence"
"S224",0.0270496737518972,-0.0124356032837034,"ForgOri_mu","Valence"
"S224",0.0361416513070137,-0.0592729371004435,"AIOri_mu","Valence"
"S224",0.0291244623898287,-0.0481597307818328,"AIForg_mu","Valence"
"S225",0.0289615702816624,-0.0300692756209525,"ForgOri_mu","Valence"
"S225",0.0326522252034982,-0.0100096304556337,"AIOri_mu","Valence"
"S225",0.0351173773609564,0.0222442146890459,"AIForg_mu","Valence"
"S227",0.0281206166875059,0.0214015729454533,"ForgOri_mu","Valence"
"S227",0.0330641569932415,-0.031289496920032,"AIOri_mu","Valence"
"S227",0.0234765699309454,-0.0527230084306939,"AIForg_mu","Valence"
"S228",0.0221611958895983,-0.0117418205172959,"ForgOri_mu","Valence"
"S228",0.0322957306459086,0.00548836620872306,"AIOri_mu","Valence"
"S228",0.0286360631020823,0.0130767871008413,"AIForg_mu","Valence"
"S229",0.0256095717075449,-0.107366270791743,"ForgOri_mu","Valence"
"S229",0.0379399075510481,-0.156993390537697,"AIOri_mu","Valence"
"S229",0.0350823432894576,-0.0456866519783774,"AIForg_mu","Valence"
"S230",0.0203680023336783,-0.0297316860469677,"ForgOri_mu","Valence"
"S230",0.0315560084209774,-0.0132543037642958,"AIOri_mu","Valence"
"S230",0.0308156250227005,0.016687478260804,"AIForg_mu","Valence"
"S231",0.0266996121212853,-0.0519325624986905,"ForgOri_mu","Valence"
"S231",0.0353502313433945,-0.0515970340823411,"AIOri_mu","Valence"
"S231",0.0268817485429562,0.00173600014598163,"AIForg_mu","Valence"
"S232",0.025152207893465,0.0135954812851833,"ForgOri_mu","Valence"
"S232",0.0323684103594565,0.0263278112188381,"AIOri_mu","Valence"
"S232",0.0263070955461099,0.0159029956350636,"AIForg_mu","Valence"
"S233",0.0187293053782895,-0.0685949133115482,"ForgOri_mu","Valence"
"S233",0.0289701666446041,-0.0531378595346024,"AIOri_mu","Valence"
"S233",0.0359009042262182,0.0201411421902895,"AIForg_mu","Valence"
"S234",0.0259086681503134,0.0814853194147841,"ForgOri_mu","Valence"
"S234",0.0285138864019622,-0.00516204592138531,"AIOri_mu","Valence"
"S234",0.0282277362577132,-0.0880348403858138,"AIForg_mu","Valence"
"S235",0.025631834220629,-0.0317579008626931,"ForgOri_mu","Valence"
"S235",0.0274799003843514,-0.0363889602644864,"AIOri_mu","Valence"
"S235",0.0259049384745384,0.000110807363334159,"AIForg_mu","Valence"
"S236",0.0163663274006823,-0.00041054428992704,"ForgOri_mu","Valence"
"S236",0.0317021318400549,0.0619961108357463,"AIOri_mu","Valence"
"S236",0.0282616112064945,0.0631170192557882,"AIForg_mu","Valence"
"S237",0.0233999325480019,-0.0329693597911812,"ForgOri_mu","Valence"
"S237",0.0248790855739024,-0.0459451279105383,"AIOri_mu","Valence"
"S237",0.0265138414690006,-0.0121379563976934,"AIForg_mu","Valence"
"S238",0.0197075881418251,0.0214388350034407,"ForgOri_mu","Valence"
"S238",0.0317136380117608,-0.0484614123255756,"AIOri_mu","Valence"
"S238",0.0228576215100523,-0.0682492038314153,"AIForg_mu","Valence"
"S239",0.02173039955352,-0.0961377958455944,"ForgOri_mu","Valence"
"S239",0.0354728778566164,0.0227988067297497,"AIOri_mu","Valence"
"S239",0.0317135385589288,0.117283056048179,"AIForg_mu","Valence"
"S240",0.0281309009482882,-0.0244294565279245,"ForgOri_mu","Valence"
"S240",0.0325137954561589,-0.0611485234972879,"AIOri_mu","Valence"
"S240",0.0263281573390415,-0.0359089482859944,"AIForg_mu","Valence"
"S241",0.0204862791236184,0.0359535828201701,"ForgOri_mu","Valence"
"S241",0.0250354119283432,0.0101774257722485,"AIOri_mu","Valence"
"S241",0.0246296354715909,-0.0252897914968384,"AIForg_mu","Valence"
"S242",0.0224232789484692,0.0376576121705739,"ForgOri_mu","Valence"
"S242",0.0300498181147825,-0.0614558128176595,"AIOri_mu","Valence"
"S242",0.0262301422166091,-0.100934345248902,"AIForg_mu","Valence"
"S243",0.025810961340424,-0.0310448154237228,"ForgOri_mu","Valence"
"S243",0.0298589130766762,-0.0459402172508405,"AIOri_mu","Valence"
"S243",0.0266815255310377,-0.0183614112980681,"AIForg_mu","Valence"
"S244",0.0308484248183088,-0.032698514190235,"ForgOri_mu","Valence"
"S244",0.0341318533141676,-0.125442128133539,"AIOri_mu","Valence"
"S244",0.0471875987217622,-0.0982973649036875,"AIForg_mu","Valence"
"S245",0.030706041244086,0.0423777257111626,"ForgOri_mu","Valence"
"S245",0.0414085176867914,0.0337441207068394,"AIOri_mu","Valence"
"S245",0.0396153534420365,-0.00184421020461706,"AIForg_mu","Valence"
"S246",0.017668018243624,-0.0877014629413077,"ForgOri_mu","Valence"
"S246",0.0284969611738818,-0.105387302331702,"AIOri_mu","Valence"
"S246",0.0269230176210113,-0.0218944872346922,"AIForg_mu","Valence"
"S247",0.017074700401705,-0.00987917644578828,"ForgOri_mu","Valence"
"S247",0.0334120985686245,-0.0839225912253052,"AIOri_mu","Valence"
"S247",0.0278329476508018,-0.0744878093018004,"AIForg_mu","Valence"
"S248",0.0304069912908849,0.112140859614629,"ForgOri_mu","Valence"
"S248",0.0458001557790181,0.0376600501719725,"AIOri_mu","Valence"
"S248",0.0377132910598829,-0.0687608079672142,"AIForg_mu","Valence"
"S249",0.0225105454111186,-0.0348115267553394,"ForgOri_mu","Valence"
"S249",0.0231017669894359,-0.0423424818898888,"AIOri_mu","Valence"
"S249",0.023514608416277,-0.00880844128088204,"AIForg_mu","Valence"
"S250",0.0244324311013162,-0.0371233382620644,"ForgOri_mu","Valence"
"S250",0.0306462825558437,-0.0528310006916235,"AIOri_mu","Valence"
"S250",0.023495928305179,-0.0165631786948238,"AIForg_mu","Valence"
"S251",0.0206981376479144,-0.0636083935801744,"ForgOri_mu","Valence"
"S251",0.0290563106741764,-0.0850286794325535,"AIOri_mu","Valence"
"S251",0.0228618422517852,-0.0192137067433389,"AIForg_mu","Valence"
"S252",0.0276261679693214,0.0849521410666511,"ForgOri_mu","Valence"
"S252",0.0377102863968784,0.0397320903466581,"AIOri_mu","Valence"
"S252",0.0315699959807629,-0.0458922077715144,"AIForg_mu","Valence"
"S253",0.0177518562836833,-0.0426971851575454,"ForgOri_mu","Valence"
"S253",0.029763178072256,-0.0499497489478208,"AIOri_mu","Valence"
"S253",0.0278545031669186,-0.0139073406424221,"AIForg_mu","Valence"
"S254",0.0250949112518691,0.0792778285026832,"ForgOri_mu","Valence"
"S254",0.0277350027480348,0.0182128862441419,"AIOri_mu","Valence"
"S254",0.0320503252471086,-0.0613911455463755,"AIForg_mu","Valence"
"S255",0.0257723398432194,-0.0500581548883273,"ForgOri_mu","Valence"
"S255",0.0436533036637737,-0.0805394056625425,"AIOri_mu","Valence"
"S255",0.0396458221192976,-0.0268912279736118,"AIForg_mu","Valence"
"S256",0.025804370328044,-0.0396568191109573,"ForgOri_mu","Valence"
"S256",0.0308017900036747,-0.0322945318947932,"AIOri_mu","Valence"
"S256",0.0328944159423828,0.00391637906562789,"AIForg_mu","Valence"
"S257",0.0261901547600338,0.0144240922007123,"ForgOri_mu","Valence"
"S257",0.0418624229017698,-0.0542742603942002,"AIOri_mu","Valence"
"S257",0.0414640936323144,-0.0703461983276863,"AIForg_mu","Valence"
"S258",0.0231056814439539,-0.0329190724770775,"ForgOri_mu","Valence"
"S258",0.0289355822707939,-0.0257055506759185,"AIOri_mu","Valence"
"S258",0.0300988594629461,0.0138131385371674,"AIForg_mu","Valence"
"S259",0.01864859201677,-0.0778498856729235,"ForgOri_mu","Valence"
"S259",0.0274819857863001,-0.0283037673344883,"AIOri_mu","Valence"
"S259",0.0267290532453627,0.0502642598314008,"AIForg_mu","Valence"
"S260",0.0246795535909533,0.00249096887677788,"ForgOri_mu","Valence"
"S260",0.0374927776414467,0.0320822805153021,"AIOri_mu","Valence"
"S260",0.032770308912196,0.02175168901646,"AIForg_mu","Valence"
"S261",0.0234806448350615,-0.0123173147848286,"ForgOri_mu","Valence"
"S261",0.0304996543092613,-0.0265530839737879,"AIOri_mu","Valence"
"S261",0.0275642986818109,-0.0132034265399106,"AIForg_mu","Valence"
"S262",0.0251819414343308,-0.107317271254345,"ForgOri_mu","Valence"
"S262",0.0368571821661176,-0.123509050492487,"AIOri_mu","Valence"
"S262",0.0352396094808424,-0.0101204605927501,"AIForg_mu","Valence"
"S263",0.0227392890051176,-0.0227916403770474,"ForgOri_mu","Valence"
"S263",0.0337032044822426,-0.00593669692288532,"AIOri_mu","Valence"
"S263",0.0274584112711855,0.0168076519170946,"AIForg_mu","Valence"
"S264",0.0198887923669915,-0.011373072431465,"ForgOri_mu","Valence"
"S264",0.0286601581502919,-0.016905900152297,"AIOri_mu","Valence"
"S264",0.0304117327683656,-0.00593133767621151,"AIForg_mu","Valence"
"S265",0.0351419792657603,-0.0316355861328134,"ForgOri_mu","Valence"
"S265",0.042963535190421,-0.0289228699110381,"AIOri_mu","Valence"
"S265",0.036564546137522,-0.00227951724672598,"AIForg_mu","Valence"
"S266",0.0265480297199884,-0.0860804867784064,"ForgOri_mu","Valence"
"S266",0.0380840179902683,-0.0904339948382945,"AIOri_mu","Valence"
"S266",0.0432211269184622,-0.0106019829549094,"AIForg_mu","Valence"
"S268",0.0233127426654672,-0.019878848085773,"ForgOri_mu","Valence"
"S268",0.0280445209977019,0.0247676485257827,"AIOri_mu","Valence"
"S268",0.0244075621813205,0.0446798489507018,"AIForg_mu","Valence"
"S270",0.0214474900403368,-0.0249479410553207,"ForgOri_mu","Valence"
"S270",0.0340649810615128,-0.107598847286728,"AIOri_mu","Valence"
"S270",0.0263925802226924,-0.0817623874993098,"AIForg_mu","Valence"
"S271",0.0205840043032879,-0.0135711696233871,"ForgOri_mu","Valence"
"S271",0.0307395271352538,-0.0465129854557016,"AIOri_mu","Valence"
"S271",0.0260939380543416,-0.0328597649090112,"AIForg_mu","Valence"
"S272",0.0226120260555534,-0.0300558097378267,"ForgOri_mu","Valence"
"S272",0.0284831373321364,-0.0112078430134904,"AIOri_mu","Valence"
"S272",0.02983059083207,0.0175826913052252,"AIForg_mu","Valence"
"S273",0.0269770958122029,-0.069143124857411,"ForgOri_mu","Valence"
"S273",0.0352047389201906,-0.123329456002472,"AIOri_mu","Valence"
"S273",0.0250819628575117,-0.0563807511473174,"AIForg_mu","Valence"
"S274",0.0263580920152497,0.00807353194027516,"ForgOri_mu","Valence"
"S274",0.030806651218389,-0.0176067850476033,"AIOri_mu","Valence"
"S274",0.0308594161712062,-0.028446859852678,"AIForg_mu","Valence"
"S221",0.762471046496884,2.9037682547301,"Baseline_phi","Valence"
"S222",1.38927006060671,5.7970060283422,"Baseline_phi","Valence"
"S224",2.08489024489263,9.47679118343757,"Baseline_phi","Valence"
"S225",2.32697567313162,8.78512250294359,"Baseline_phi","Valence"
"S227",2.93450119352857,9.17990922717567,"Baseline_phi","Valence"
"S228",2.65096077432978,10.4004249752627,"Baseline_phi","Valence"
"S229",1.32256577289809,5.15398926325863,"Baseline_phi","Valence"
"S230",2.82426676202172,10.3542011383925,"Baseline_phi","Valence"
"S231",0.761634552490816,3.39142537311494,"Baseline_phi","Valence"
"S232",1.07465795920322,4.22864006662678,"Baseline_phi","Valence"
"S233",1.95832002732948,7.82628941807264,"Baseline_phi","Valence"
"S234",3.52982234579267,14.0849105330855,"Baseline_phi","Valence"
"S235",4.26484179472907,13.8489132025134,"Baseline_phi","Valence"
"S236",2.25941730463812,7.39404329080037,"Baseline_phi","Valence"
"S237",0.82735720205229,2.6646586425582,"Baseline_phi","Valence"
"S238",5.26803724477976,19.3011291423321,"Baseline_phi","Valence"
"S239",1.73356381133983,7.00767480696653,"Baseline_phi","Valence"
"S240",1.21798219250529,5.27917935010063,"Baseline_phi","Valence"
"S241",2.53086208061461,10.6659995197404,"Baseline_phi","Valence"
"S242",2.243021077653,7.81927466629689,"Baseline_phi","Valence"
"S243",0.88252169957689,3.48360446697702,"Baseline_phi","Valence"
"S244",0.819954719667431,3.55785638443594,"Baseline_phi","Valence"
"S245",0.563195010007633,2.62060316347601,"Baseline_phi","Valence"
"S246",5.76338293574195,19.0001348946906,"Baseline_phi","Valence"
"S247",1.1214356543076,4.41996595362303,"Baseline_phi","Valence"
"S248",0.49927956806558,1.89617368330543,"Baseline_phi","Valence"
"S249",6.001536146963,19.6458232327712,"Baseline_phi","Valence"
"S250",3.02862169254881,10.4726576755829,"Baseline_phi","Valence"
"S251",3.67461955180201,13.0228181347146,"Baseline_phi","Valence"
"S252",1.25189603947843,4.6587462929048,"Baseline_phi","Valence"
"S253",3.0665774368609,10.4500471961386,"Baseline_phi","Valence"
"S254",1.73579410013362,6.13192226033726,"Baseline_phi","Valence"
"S255",0.490281772339596,2.20373496034371,"Baseline_phi","Valence"
"S256",1.0076421914798,4.64344464289306,"Baseline_phi","Valence"
"S257",0.734539035820598,2.76180643260719,"Baseline_phi","Valence"
"S258",0.432403259569425,1.57062247614174,"Baseline_phi","Valence"
"S259",4.49696584371059,19.5497486629484,"Baseline_phi","Valence"
"S260",0.679830987113747,3.13462148132679,"Baseline_phi","Valence"
"S261",2.37075503843547,8.02605316591352,"Baseline_phi","Valence"
"S262",0.979464658347839,3.99631475511911,"Baseline_phi","Valence"
"S263",1.44998308287742,6.34089350009274,"Baseline_phi","Valence"
"S264",2.68924957066673,11.8821986692235,"Baseline_phi","Valence"
"S265",0.946384338902113,3.95876127152437,"Baseline_phi","Valence"
"S266",0.447948679205865,1.73399570804245,"Baseline_phi","Valence"
"S268",3.0498181194046,7.96397647267593,"Baseline_phi","Valence"
"S270",3.29550864409303,13.6810366141361,"Baseline_phi","Valence"
"S271",1.25829721556531,6.40317188662661,"Baseline_phi","Valence"
"S272",1.49881214763636,6.93475949626403,"Baseline_phi","Valence"
"S273",2.10378676090193,7.74461280889964,"Baseline_phi","Valence"
"S274",2.29704190166772,8.96432157533204,"Baseline_phi","Valence"
"S221",0.416152142872259,0.351716302718254,"ForgOri_phi","Valence"
"S221",0.570121884421164,0.133022826267014,"AIOri_phi","Valence"
"S221",0.665270921223869,-0.0243469003765091,"AIForg_phi","Valence"
"S222",0.794565564783818,1.42253299912253,"ForgOri_phi","Valence"
"S222",1.65871425502863,1.02139115154498,"AIOri_phi","Valence"
"S222",1.80274494013885,-0.571407751401098,"AIForg_phi","Valence"
"S224",1.33466519866096,1.47201712648413,"ForgOri_phi","Valence"
"S224",2.12016381858863,-0.0745980095017433,"AIOri_phi","Valence"
"S224",3.0437462640112,-1.61080992556406,"AIForg_phi","Valence"
"S225",1.15828247883022,1.22387941669795,"ForgOri_phi","Valence"
"S225",2.46693796730743,2.21234655987732,"AIOri_phi","Valence"
"S225",2.53496873461655,0.829875298528581,"AIForg_phi","Valence"
"S227",1.94798029153083,4.83034414115573,"ForgOri_phi","Valence"
"S227",3.02260159656129,2.42719015621679,"AIOri_phi","Valence"
"S227",3.61152299865677,-2.13058800914976,"AIForg_phi","Valence"
"S228",1.51819667277144,2.40608643185612,"ForgOri_phi","Valence"
"S228",2.36327311827594,0.238707812729629,"AIOri_phi","Valence"
"S228",2.94108581111796,-2.36766338643852,"AIForg_phi","Valence"
"S229",0.72864103295035,0.198525258675628,"ForgOri_phi","Valence"
"S229",1.31558388729404,0.311618266196886,"AIOri_phi","Valence"
"S229",1.50245566081803,-0.0861734089420625,"AIForg_phi","Valence"
"S230",1.73424709702812,0.577975406980181,"ForgOri_phi","Valence"
"S230",2.75755146558172,0.938799132737266,"AIOri_phi","Valence"
"S230",2.75937907987033,0.628164596335979,"AIForg_phi","Valence"
"S231",0.501914383815531,0.649479870785684,"ForgOri_phi","Valence"
"S231",1.08560109592626,1.46647427169757,"AIOri_phi","Valence"
"S231",1.03639307311925,0.740686175897558,"AIForg_phi","Valence"
"S232",0.796194826368582,0.817047849718596,"ForgOri_phi","Valence"
"S232",0.976093888840962,-0.181697611056166,"AIOri_phi","Valence"
"S232",1.38147716911606,-0.983858593429562,"AIForg_phi","Valence"
"S233",1.07679160026444,0.453080683447852,"ForgOri_phi","Valence"
"S233",1.86718501001267,0.345511038832568,"AIOri_phi","Valence"
"S233",1.97604166323771,0.0366683935257601,"AIForg_phi","Valence"
"S234",4.59487859709415,6.0197692263431,"ForgOri_phi","Valence"
"S234",3.01802777003051,3.2034012801311,"AIOri_phi","Valence"
"S234",4.79004802547503,-3.15864593471906,"AIForg_phi","Valence"
"S235",2.75362854417929,4.86547285106357,"ForgOri_phi","Valence"
"S235",4.21424107106197,5.99922492096808,"AIOri_phi","Valence"
"S235",4.7511818445347,0.806307595847536,"AIForg_phi","Valence"
"S236",1.62226474061021,2.25225402298033,"ForgOri_phi","Valence"
"S236",2.15766304534675,2.09784837607881,"AIOri_phi","Valence"
"S236",2.69534012230912,-0.453333819818578,"AIForg_phi","Valence"
"S237",0.440609285877333,0.122412683726517,"ForgOri_phi","Valence"
"S237",0.923480363590654,0.669564322778421,"AIOri_phi","Valence"
"S237",0.920725189296169,0.512809964648379,"AIForg_phi","Valence"
"S238",2.81737674121123,-0.134799134183033,"ForgOri_phi","Valence"
"S238",4.87735812653029,-0.867525492006935,"AIOri_phi","Valence"
"S238",4.66637139709771,-1.81999908982345,"AIForg_phi","Valence"
"S239",0.998534042672203,0.0214722657116928,"ForgOri_phi","Valence"
"S239",2.35804436271711,2.53446478897335,"AIOri_phi","Valence"
"S239",2.73541210928212,2.59402070101815,"AIForg_phi","Valence"
"S240",0.752546721194288,1.65124066224916,"ForgOri_phi","Valence"
"S240",1.53563353877407,0.980881751503666,"AIOri_phi","Valence"
"S240",1.60805747496238,-0.591988497500505,"AIForg_phi","Valence"
"S241",1.76873634924003,2.38327739270188,"ForgOri_phi","Valence"
"S241",3.08162912382608,2.66862754050508,"AIOri_phi","Valence"
"S241",3.19816666372299,0.318666436971772,"AIForg_phi","Valence"
"S242",1.48408348141909,1.79775009279983,"ForgOri_phi","Valence"
"S242",2.09609172969248,1.54131950213592,"AIOri_phi","Valence"
"S242",2.44195146829357,-0.485474111726974,"AIForg_phi","Valence"
"S243",0.566279181088481,1.13636676759374,"ForgOri_phi","Valence"
"S243",0.925759237984715,0.683329407734844,"AIOri_phi","Valence"
"S243",1.23643874790982,-0.55259245009223,"AIForg_phi","Valence"
"S244",0.573729064403587,0.625462140775932,"ForgOri_phi","Valence"
"S244",0.812657467448755,-0.606926202001561,"AIOri_phi","Valence"
"S244",0.832708513494681,-1.3462373273411,"AIForg_phi","Valence"
"S245",0.482858273824367,0.564519703236651,"ForgOri_phi","Valence"
"S245",0.762666848030112,0.786373249254869,"AIOri_phi","Valence"
"S245",0.899076046977268,0.298688546977401,"AIForg_phi","Valence"
"S246",2.77519587863316,0.822619034590291,"ForgOri_phi","Valence"
"S246",4.7939998915848,3.43941733314868,"AIOri_phi","Valence"
"S246",6.3344489605247,3.04335277792731,"AIForg_phi","Valence"
"S247",0.905392270127705,0.693905532037757,"ForgOri_phi","Valence"
"S247",1.07050972130403,0.116604668703349,"AIOri_phi","Valence"
"S247",1.10084932717898,-0.644356811969247,"AIForg_phi","Valence"
"S248",0.362145642643551,0.454838838024932,"ForgOri_phi","Valence"
"S248",0.477049692385575,0.410732236006182,"AIOri_phi","Valence"
"S248",0.643731233120731,-0.0117550478455721,"AIForg_phi","Valence"
"S249",2.54613324192984,2.27739819347847,"ForgOri_phi","Valence"
"S249",5.02165714247075,1.97483065901773,"AIOri_phi","Valence"
"S249",5.91368724738446,0.34363857015296,"AIForg_phi","Valence"
"S250",1.78493282190015,0.163929442945888,"ForgOri_phi","Valence"
"S250",2.17691610127097,0.56792203035241,"AIOri_phi","Valence"
"S250",2.88667853983586,-0.0612796730677987,"AIForg_phi","Valence"
"S251",1.7281427910874,-0.819048393079703,"ForgOri_phi","Valence"
"S251",4.18393477781001,3.90903419330916,"AIOri_phi","Valence"
"S251",3.99806629765318,4.79182847810641,"AIForg_phi","Valence"
"S252",1.03000445005663,1.71562023857656,"ForgOri_phi","Valence"
"S252",1.21942868020512,1.43797544709131,"AIOri_phi","Valence"
"S252",1.35819058344856,-0.392711493473358,"AIForg_phi","Valence"
"S253",1.07030848291605,0.931870798043916,"ForgOri_phi","Valence"
"S253",2.90505997153273,1.60632929931884,"AIOri_phi","Valence"
"S253",3.42291422017224,0.17182450289521,"AIForg_phi","Valence"
"S254",1.3060585348141,0.739235853921602,"ForgOri_phi","Valence"
"S254",1.51959957354824,-0.420376914024964,"AIOri_phi","Valence"
"S254",1.52758991729551,-1.27481227906766,"AIForg_phi","Valence"
"S255",0.317062458876074,0.0794780331900418,"ForgOri_phi","Valence"
"S255",0.5527723628727,0.0413760009950933,"AIOri_phi","Valence"
"S255",0.526946893462782,-0.0756276301844157,"AIForg_phi","Valence"
"S256",0.767643744333433,-0.968003110850064,"ForgOri_phi","Valence"
"S256",1.07582670374903,0.600927151435744,"AIOri_phi","Valence"
"S256",1.30234259931066,1.59163594874775,"AIForg_phi","Valence"
"S257",0.510108749985152,0.687691303984221,"ForgOri_phi","Valence"
"S257",0.667535737123184,-0.0810831932695095,"AIOri_phi","Valence"
"S257",0.870622848514929,-0.808285963093293,"AIForg_phi","Valence"
"S258",0.209948035204195,0.0779643918897579,"ForgOri_phi","Valence"
"S258",0.351791725477394,0.0173809534806827,"AIOri_phi","Valence"
"S258",0.394202490782197,-0.125685033441492,"AIForg_phi","Valence"
"S259",3.28012066644252,1.0392649526531,"ForgOri_phi","Valence"
"S259",5.03977497088291,4.64034417824089,"AIOri_phi","Valence"
"S259",5.26499760449717,2.88659604020883,"AIForg_phi","Valence"
"S260",0.353113402800647,0.062386063011834,"ForgOri_phi","Valence"
"S260",0.674360357741144,0.170853115078559,"AIOri_phi","Valence"
"S260",0.764911822309769,0.182432625745095,"AIForg_phi","Valence"
"S261",0.954708514658666,-0.467926172518184,"ForgOri_phi","Valence"
"S261",1.82218891213365,-0.614135146832449,"AIOri_phi","Valence"
"S261",1.97778059249175,-0.114329613222437,"AIForg_phi","Valence"
"S262",0.654542685030118,0.259498111335488,"ForgOri_phi","Valence"
"S262",0.773212032425069,0.073980853500615,"AIOri_phi","Valence"
"S262",0.94887246761214,0.0499612900888939,"AIForg_phi","Valence"
"S263",0.917123255782533,0.815501466708842,"ForgOri_phi","Valence"
"S263",1.95162440638164,1.48326971162513,"AIOri_phi","Valence"
"S263",1.84651631460295,0.428143253745732,"AIForg_phi","Valence"
"S264",1.539273295712,1.73158472992001,"ForgOri_phi","Valence"
"S264",2.4562952370714,-0.0708580807011687,"AIOri_phi","Valence"
"S264",3.58172149797946,-1.52495378226192,"AIForg_phi","Valence"
"S265",0.683852539737095,1.08815767846493,"ForgOri_phi","Valence"
"S265",0.989983531619715,-0.46563252333902,"AIOri_phi","Valence"
"S265",1.12689391834283,-1.53091079514223,"AIForg_phi","Valence"
"S266",0.290787118936808,0.0233029304722157,"ForgOri_phi","Valence"
"S266",0.811433935629798,1.2518989673518,"AIOri_phi","Valence"
"S266",0.825917548309022,1.28197054881704,"AIForg_phi","Valence"
"S268",1.4863518077307,0.397937325509575,"ForgOri_phi","Valence"
"S268",2.14318284183179,1.6547306622421,"AIOri_phi","Valence"
"S268",3.12981623499861,1.13587396643451,"AIForg_phi","Valence"
"S270",2.56548374450939,3.94435325281967,"ForgOri_phi","Valence"
"S270",3.73401281143818,2.60778478118346,"AIOri_phi","Valence"
"S270",4.55940696102186,-1.07428220542823,"AIForg_phi","Valence"
"S271",0.829101527963368,0.211809983961753,"ForgOri_phi","Valence"
"S271",2.39351049049509,2.17307665698922,"AIOri_phi","Valence"
"S271",2.71067904032501,1.8744575956691,"AIForg_phi","Valence"
"S272",0.979739529543887,1.14868243035108,"ForgOri_phi","Valence"
"S272",3.50046923040608,5.09057258319275,"AIOri_phi","Valence"
"S272",3.33098283642655,3.79417439737483,"AIForg_phi","Valence"
"S273",1.1103612087993,1.01903665006135,"ForgOri_phi","Valence"
"S273",1.76315120362515,0.252454793008115,"AIOri_phi","Valence"
"S273",1.50178366627405,-0.550384659301172,"AIForg_phi","Valence"
"S274",1.3772033441936,1.78482580571704,"ForgOri_phi","Valence"
"S274",2.19579445231439,1.47710959750542,"AIOri_phi","Valence"
"S274",2.33723751306772,-0.529521489485337,"AIForg_phi","Valence"
"S275",0.0297117310064615,0.45066770752512,"Baseline_mu","Valence"
"S276",0.0208505384842114,0.49124481346133,"Baseline_mu","Valence"
"S277",0.0215506366443755,0.406246856795295,"Baseline_mu","Valence"
"S278",0.0361207904352489,0.573167269913354,"Baseline_mu","Valence"
"S279",0.0274265086372586,0.46233019381394,"Baseline_mu","Valence"
"S280",0.0252859898114806,0.480404045361369,"Baseline_mu","Valence"
"S281",0.0348576205477022,0.513106923288812,"Baseline_mu","Valence"
"S282",0.0177956199163916,0.623377246506243,"Baseline_mu","Valence"
"S285",0.0273831810778802,0.616897995926848,"Baseline_mu","Valence"
"S287",0.0308622235990751,0.558720579919404,"Baseline_mu","Valence"
"S288",0.0314570963213626,0.576494759842194,"Baseline_mu","Valence"
"S289",0.0348718519493657,0.573323494378253,"Baseline_mu","Valence"
"S290",0.0315585047128805,0.574651086947062,"Baseline_mu","Valence"
"S291",0.0266474130910131,0.459404394704068,"Baseline_mu","Valence"
"S292",0.025194569147973,0.551575142478264,"Baseline_mu","Valence"
"S293",0.0264621749937444,0.415222707067044,"Baseline_mu","Valence"
"S295",0.0252804260660505,0.533097420513403,"Baseline_mu","Valence"
"S296",0.0167546667005697,0.35196479495566,"Baseline_mu","Valence"
"S297",0.0152317880116408,0.535223594588029,"Baseline_mu","Valence"
"S298",0.026900768672979,0.592858628591188,"Baseline_mu","Valence"
"S299",0.0356411745364817,0.606969265636363,"Baseline_mu","Valence"
"S300",0.0311621414414467,0.536276022616143,"Baseline_mu","Valence"
"S301",0.0202893846100725,0.483443846892887,"Baseline_mu","Valence"
"S302",0.0176458793529252,0.496473024011218,"Baseline_mu","Valence"
"S304",0.0256725451287019,0.514855740334442,"Baseline_mu","Valence"
"S305",0.0189300339188134,0.504658263295007,"Baseline_mu","Valence"
"S308",0.0216466082998154,0.519235787980006,"Baseline_mu","Valence"
"S309",0.0290761973211438,0.564408385585194,"Baseline_mu","Valence"
"S310",0.0335700500119767,0.430481591208007,"Baseline_mu","Valence"
"S311",0.0182286571005868,0.521712233732456,"Baseline_mu","Valence"
"S313",0.027738733246964,0.392200540416597,"Baseline_mu","Valence"
"S314",0.019170040436718,0.648764218817957,"Baseline_mu","Valence"
"S315",0.0271788969218364,0.48883661788558,"Baseline_mu","Valence"
"S316",0.0257971279083683,0.612902353363915,"Baseline_mu","Valence"
"S317",0.0236466714640273,0.501287840310829,"Baseline_mu","Valence"
"S318",0.0288370628051818,0.440339213531982,"Baseline_mu","Valence"
"S319",0.0251634682175186,0.459285769062337,"Baseline_mu","Valence"
"S321",0.0283866045096702,0.471275835682952,"Baseline_mu","Valence"
"S322",0.0269452543071738,0.516927624670418,"Baseline_mu","Valence"
"S323",0.0233759305761525,0.474928811853642,"Baseline_mu","Valence"
"S324",0.0216494644383393,0.538775510700546,"Baseline_mu","Valence"
"S325",0.0350176056772489,0.510291000687888,"Baseline_mu","Valence"
"S326",0.0268173544790636,0.435498004810765,"Baseline_mu","Valence"
"S327",0.0211956776555369,0.512976264379793,"Baseline_mu","Valence"
"S329",0.0199326146756802,0.493681905013552,"Baseline_mu","Valence"
"S330",0.0256798329686388,0.620252633113817,"Baseline_mu","Valence"
"S331",0.0321884447985617,0.482470371625517,"Baseline_mu","Valence"
"S332",0.024107924921821,0.575880427297999,"Baseline_mu","Valence"
"S334",0.0277812574553929,0.368985108733084,"Baseline_mu","Valence"
"S335",0.0195693872434781,0.544105751814463,"Baseline_mu","Valence"
"S275",0.0237980637672937,-0.0341351275344663,"ForgOri_mu","Valence"
"S275",0.0363059437801076,-0.0339299255327542,"AIOri_mu","Valence"
"S275",0.0322096921836849,-0.00400676309469006,"AIForg_mu","Valence"
"S276",0.0163118136050913,-0.0127148601492134,"ForgOri_mu","Valence"
"S276",0.025039225931077,-0.0745694530467554,"AIOri_mu","Valence"
"S276",0.0287670018619975,-0.0644615659424408,"AIForg_mu","Valence"
"S277",0.0204444314656032,-0.0234165664489549,"ForgOri_mu","Valence"
"S277",0.0252980491547231,-0.0448808424723116,"AIOri_mu","Valence"
"S277",0.0210267469382279,-0.0222919621491535,"AIForg_mu","Valence"
"S278",0.0346795426311027,-0.111474466018695,"ForgOri_mu","Valence"
"S278",0.0506648675524211,-0.146119774043058,"AIOri_mu","Valence"
"S278",0.0350191326197878,-0.0364411219035092,"AIForg_mu","Valence"
"S279",0.0276854114158,0.000586208622126633,"ForgOri_mu","Valence"
"S279",0.0370885416123352,-0.0659352513992223,"AIOri_mu","Valence"
"S279",0.0372282220894263,-0.0658444893016838,"AIForg_mu","Valence"
"S280",0.0199849166164992,-0.0359138134049965,"ForgOri_mu","Valence"
"S280",0.0387377045616685,0.0164155830605465,"AIOri_mu","Valence"
"S280",0.0313640149723872,0.0511097890823765,"AIForg_mu","Valence"
"S281",0.0241298558048283,-0.130109400238987,"ForgOri_mu","Valence"
"S281",0.031968193510267,-0.0869327125191432,"AIOri_mu","Valence"
"S281",0.0297377284918329,0.0469715264360064,"AIForg_mu","Valence"
"S282",0.0240012588939296,-0.0938162021842103,"ForgOri_mu","Valence"
"S282",0.0275567206553305,-0.0969843807632583,"AIOri_mu","Valence"
"S282",0.0207698967912007,-0.00640537289805554,"AIForg_mu","Valence"
"S285",0.0275398997634503,-0.0345803774613712,"ForgOri_mu","Valence"
"S285",0.0413977676736687,-0.0962705373691706,"AIOri_mu","Valence"
"S285",0.033423206566408,-0.0678527745501587,"AIForg_mu","Valence"
"S287",0.0275462506490139,-0.0360894125213937,"ForgOri_mu","Valence"
"S287",0.0328227807624627,-0.0937194861558065,"AIOri_mu","Valence"
"S287",0.0304305023485817,-0.0528314186680632,"AIForg_mu","Valence"
"S288",0.0254715984710782,-0.0761202553851897,"ForgOri_mu","Valence"
"S288",0.0342832517284211,0.00473274817951419,"AIOri_mu","Valence"
"S288",0.0410777224366775,0.0793251396445294,"AIForg_mu","Valence"
"S289",0.0268280044050269,-0.0394439394302467,"ForgOri_mu","Valence"
"S289",0.0477088020827379,-0.10299445538284,"AIOri_mu","Valence"
"S289",0.0451321053180238,-0.0685525991908529,"AIForg_mu","Valence"
"S290",0.0306684063997521,-0.156680567174469,"ForgOri_mu","Valence"
"S290",0.0392335114892623,-0.113078034811716,"AIOri_mu","Valence"
"S290",0.0383372195528765,0.0437557100010414,"AIForg_mu","Valence"
"S291",0.0216674655058787,-0.0243943662791603,"ForgOri_mu","Valence"
"S291",0.0350249591980317,-0.0917630191505659,"AIOri_mu","Valence"
"S291",0.0295062314620236,-0.0722194749345491,"AIForg_mu","Valence"
"S292",0.0236349779591565,-0.0427785271952866,"ForgOri_mu","Valence"
"S292",0.0371634607710084,-0.0712056125300144,"AIOri_mu","Valence"
"S292",0.0319989258387912,-0.0292015830995213,"AIForg_mu","Valence"
"S293",0.0310709086114629,-0.00647026634649719,"ForgOri_mu","Valence"
"S293",0.0372898988208199,-0.0249781561719703,"AIOri_mu","Valence"
"S293",0.0318796942354872,-0.0177330194351862,"AIForg_mu","Valence"
"S295",0.0238627583868811,-0.049679757740067,"ForgOri_mu","Valence"
"S295",0.0398085918740399,-0.0931089674336414,"AIOri_mu","Valence"
"S295",0.0346538524759273,-0.041539078356048,"AIForg_mu","Valence"
"S296",0.0202884334170081,-0.0316961325605852,"ForgOri_mu","Valence"
"S296",0.0252035858003016,0.0918310195038419,"AIOri_mu","Valence"
"S296",0.0265423436505979,0.126159191667457,"AIForg_mu","Valence"
"S297",0.0233445807845928,-0.111038387722773,"ForgOri_mu","Valence"
"S297",0.0287576947056602,-0.0745156626679889,"AIOri_mu","Valence"
"S297",0.0234587571469028,0.0317731969122711,"AIForg_mu","Valence"
"S298",0.0219440808439858,-0.0771882802202523,"ForgOri_mu","Valence"
"S298",0.0294709060844449,-0.0694789206180373,"AIOri_mu","Valence"
"S298",0.0334108389760574,0.00864532610515473,"AIForg_mu","Valence"
"S299",0.0237488539158929,-0.0173104352094,"ForgOri_mu","Valence"
"S299",0.0340889028507349,-0.10894808628874,"AIOri_mu","Valence"
"S299",0.03005006385657,-0.0951943975133128,"AIForg_mu","Valence"
"S300",0.0233483370185742,0.0455653152810408,"ForgOri_mu","Valence"
"S300",0.0352236926089542,-0.00924762341980362,"AIOri_mu","Valence"
"S300",0.0315032264297392,-0.0576096724224704,"AIForg_mu","Valence"
"S301",0.022738075804391,-0.0705281789323066,"ForgOri_mu","Valence"
"S301",0.036282733765138,-0.0131002395528077,"AIOri_mu","Valence"
"S301",0.0300744601043089,0.054927686483342,"AIForg_mu","Valence"
"S302",0.0230667476927671,-0.00477946487544664,"ForgOri_mu","Valence"
"S302",0.0289474282815068,-0.116657010889336,"AIOri_mu","Valence"
"S302",0.0282080022004132,-0.118355543788237,"AIForg_mu","Valence"
"S304",0.0173387742521734,0.0144596128868242,"ForgOri_mu","Valence"
"S304",0.0240377619924613,-0.00341001209321545,"AIOri_mu","Valence"
"S304",0.0239967991429866,-0.0204728703143214,"AIForg_mu","Valence"
"S305",0.0167419565305586,0.032287056682782,"ForgOri_mu","Valence"
"S305",0.0312852382428726,-0.0665703791494445,"AIOri_mu","Valence"
"S305",0.027974984860701,-0.094846764533817,"AIForg_mu","Valence"
"S308",0.0249984782117213,0.0108509034671445,"ForgOri_mu","Valence"
"S308",0.0318783510691768,0.0361506191373671,"AIOri_mu","Valence"
"S308",0.0337872572940262,0.0218341970009509,"AIForg_mu","Valence"
"S309",0.0275656952786492,-0.10815647721246,"ForgOri_mu","Valence"
"S309",0.0329779400695868,-0.0791334119336152,"AIOri_mu","Valence"
"S309",0.0317818348293913,0.0269167283812594,"AIForg_mu","Valence"
"S310",0.0225315744724609,-0.0623039442667362,"ForgOri_mu","Valence"
"S310",0.0431877533882284,0.0137378781164828,"AIOri_mu","Valence"
"S310",0.0340049845777079,0.0804977714790381,"AIForg_mu","Valence"
"S311",0.0231231544761255,-0.035608682011689,"ForgOri_mu","Valence"
"S311",0.0312108839509151,-0.0792590849467388,"AIOri_mu","Valence"
"S311",0.0266762712736619,-0.0397406672749184,"AIForg_mu","Valence"
"S313",0.0244103158745507,0.0302503244658654,"ForgOri_mu","Valence"
"S313",0.0345968903037666,0.0271018178206323,"AIOri_mu","Valence"
"S313",0.0272581901488036,-0.000954093464178324,"AIForg_mu","Valence"
"S314",0.0215825153621624,-0.04793857669291,"ForgOri_mu","Valence"
"S314",0.026982718682697,-0.069862786822088,"AIOri_mu","Valence"
"S314",0.0269200241263551,-0.026231728429334,"AIForg_mu","Valence"
"S315",0.0238337633880233,-0.0296226773060783,"ForgOri_mu","Valence"
"S315",0.0434452217080015,-0.042334462905883,"AIOri_mu","Valence"
"S315",0.0353072840002329,-0.0126561171442789,"AIForg_mu","Valence"
"S316",0.0327500137370305,-0.119091743090469,"ForgOri_mu","Valence"
"S316",0.0357010439241069,-0.0308239126573197,"AIOri_mu","Valence"
"S316",0.0418990099146426,0.0893498971555678,"AIForg_mu","Valence"
"S317",0.021995696743723,-0.0305575911603475,"ForgOri_mu","Valence"
"S317",0.0323837773092953,-0.0191598776296484,"AIOri_mu","Valence"
"S317",0.0339123580384055,0.0136029447620244,"AIForg_mu","Valence"
"S318",0.0234938282708345,-0.0446104515907698,"ForgOri_mu","Valence"
"S318",0.0390481715619049,-0.0841091485608829,"AIOri_mu","Valence"
"S318",0.0329049756121149,-0.0390128018751605,"AIForg_mu","Valence"
"S319",0.01979953765177,-0.025511518413015,"ForgOri_mu","Valence"
"S319",0.0310883777904024,-0.0689290294471374,"AIOri_mu","Valence"
"S319",0.0316145554953348,-0.04275792550234,"AIForg_mu","Valence"
"S321",0.0254048555611261,-0.0157102861872575,"ForgOri_mu","Valence"
"S321",0.0373629331258926,-0.00243692307863055,"AIOri_mu","Valence"
"S321",0.0321934110058153,0.0135489468127741,"AIForg_mu","Valence"
"S322",0.0210302766952067,-0.0554379526058459,"ForgOri_mu","Valence"
"S322",0.0365851585299998,-0.0224683598210853,"AIOri_mu","Valence"
"S322",0.0356746162104476,0.0325434523427718,"AIForg_mu","Valence"
"S323",0.0294298414243482,0.0292436273712917,"ForgOri_mu","Valence"
"S323",0.0360935831212248,0.0128545187866678,"AIOri_mu","Valence"
"S323",0.0318418013284894,-0.0226191537997026,"AIForg_mu","Valence"
"S324",0.0246612675897315,-0.134008368431016,"ForgOri_mu","Valence"
"S324",0.0319468677929935,-0.0791146726070288,"AIOri_mu","Valence"
"S324",0.0260903681173267,0.0603881477612807,"AIForg_mu","Valence"
"S325",0.0249445645427864,-0.00223038336219755,"ForgOri_mu","Valence"
"S325",0.0332411243567208,-0.0507645849607309,"AIOri_mu","Valence"
"S325",0.0330156247336449,-0.0433165302334561,"AIForg_mu","Valence"
"S326",0.0315312294120096,0.0204987059170967,"ForgOri_mu","Valence"
"S326",0.0462882551875373,-0.0153730292272691,"AIOri_mu","Valence"
"S326",0.033226186926337,-0.0315193182091149,"AIForg_mu","Valence"
"S327",0.0196110299702421,0.0241520090126708,"ForgOri_mu","Valence"
"S327",0.022747294953333,-0.024602553900353,"AIOri_mu","Valence"
"S327",0.0283560766319966,-0.0493027062312901,"AIForg_mu","Valence"
"S329",0.0218819447452419,-0.0571923890330075,"ForgOri_mu","Valence"
"S329",0.0298246153918999,-0.0654375052078353,"AIOri_mu","Valence"
"S329",0.0278081938938163,-0.00937298675960269,"AIForg_mu","Valence"
"S330",0.0224840832152744,-0.0625860234870431,"ForgOri_mu","Valence"
"S330",0.0342136044972451,-0.0678114901206615,"AIOri_mu","Valence"
"S330",0.0299421496291629,-0.00202211075967651,"AIForg_mu","Valence"
"S331",0.0228813909077087,-0.0161071660245357,"ForgOri_mu","Valence"
"S331",0.0419804522878276,-0.0506547718164211,"AIOri_mu","Valence"
"S331",0.0405939459803795,-0.0338065536516088,"AIForg_mu","Valence"
"S332",0.0300117199109528,-0.0848190505734238,"ForgOri_mu","Valence"
"S332",0.0385894490084612,-0.134355179777964,"AIOri_mu","Valence"
"S332",0.0329926734604059,-0.0480342376766379,"AIForg_mu","Valence"
"S334",0.0249590071421797,0.00518053828052714,"ForgOri_mu","Valence"
"S334",0.0437346040294428,0.000598064649279584,"AIOri_mu","Valence"
"S334",0.0355499255844512,-0.0123273682946073,"AIForg_mu","Valence"
"S335",0.0244778474603726,-0.0518620076793384,"ForgOri_mu","Valence"
"S335",0.0300676534331944,-0.0324244625724632,"AIOri_mu","Valence"
"S335",0.0281454199801967,0.0217488902516005,"AIForg_mu","Valence"
"S275",1.38301275153555,5.64031953624467,"Baseline_phi","Valence"
"S276",4.26267854285247,17.1367697043032,"Baseline_phi","Valence"
"S277",10.7333959354539,30.2297983092617,"Baseline_phi","Valence"
"S278",0.547799451925038,2.05897061694681,"Baseline_phi","Valence"
"S279",0.707681117416183,3.14127683662519,"Baseline_phi","Valence"
"S280",1.50690137263015,6.12052553347896,"Baseline_phi","Valence"
"S281",1.06448921460715,3.78754904364027,"Baseline_phi","Valence"
"S282",2.84534766127047,10.65032339972,"Baseline_phi","Valence"
"S285",1.20287044214925,5.03218384423649,"Baseline_phi","Valence"
"S287",1.28595052633898,5.88640425333737,"Baseline_phi","Valence"
"S288",0.762558948423504,3.37538727869933,"Baseline_phi","Valence"
"S289",0.798537131441206,3.68155905448122,"Baseline_phi","Valence"
"S290",1.44637618226488,4.99735205457049,"Baseline_phi","Valence"
"S291",1.56910689927976,7.13796632483902,"Baseline_phi","Valence"
"S292",2.14119472035475,8.58537232825482,"Baseline_phi","Valence"
"S293",1.27862959338065,5.65356707948883,"Baseline_phi","Valence"
"S295",1.25276893496027,5.14842971140016,"Baseline_phi","Valence"
"S296",5.0794953860462,16.531310097921,"Baseline_phi","Valence"
"S297",9.35573790822106,29.9685183246255,"Baseline_phi","Valence"
"S298",1.53729831474918,6.80216388726372,"Baseline_phi","Valence"
"S299",0.958950081542776,3.93813944264312,"Baseline_phi","Valence"
"S300",1.5271017176552,5.51581055850092,"Baseline_phi","Valence"
"S301",3.41245674707822,10.4658440556345,"Baseline_phi","Valence"
"S302",3.29863695358783,12.9663978249721,"Baseline_phi","Valence"
"S304",5.18742479415708,16.8704773144433,"Baseline_phi","Valence"
"S305",2.49638502714327,10.8436866070648,"Baseline_phi","Valence"
"S308",1.93401237278688,6.79366101874385,"Baseline_phi","Valence"
"S309",1.52120355476301,4.96865832730916,"Baseline_phi","Valence"
"S310",0.66166465560108,3.28623818403325,"Baseline_phi","Valence"
"S311",4.23089881031307,15.4981500050944,"Baseline_phi","Valence"
"S313",1.43000880907376,5.74877881979731,"Baseline_phi","Valence"
"S314",2.72558675522243,10.38962965661,"Baseline_phi","Valence"
"S315",1.03110603814808,4.33968480984509,"Baseline_phi","Valence"
"S316",0.811800107643805,3.31410982354204,"Baseline_phi","Valence"
"S317",2.00313659321349,7.6309257294734,"Baseline_phi","Valence"
"S318",1.32632049411431,5.1170498502791,"Baseline_phi","Valence"
"S319",1.94247342523618,7.69865078392691,"Baseline_phi","Valence"
"S321",1.16488718446498,4.69573022964929,"Baseline_phi","Valence"
"S322",1.73940251189508,6.9508721055973,"Baseline_phi","Valence"
"S323",3.70774608797956,10.657724783398,"Baseline_phi","Valence"
"S324",2.1140419528076,7.5100103947019,"Baseline_phi","Valence"
"S325",1.07403511845864,3.85764596628417,"Baseline_phi","Valence"
"S326",0.83537920841246,3.7380787043399,"Baseline_phi","Valence"
"S327",2.7397895121996,9.76094957572568,"Baseline_phi","Valence"
"S329",2.64079899861143,8.92291722496838,"Baseline_phi","Valence"
"S330",1.36487308932367,6.20781168242499,"Baseline_phi","Valence"
"S331",0.870662268001049,3.85939429127088,"Baseline_phi","Valence"
"S332",1.40782823356996,5.80457355061816,"Baseline_phi","Valence"
"S334",0.68881609151161,3.06017589813436,"Baseline_phi","Valence"
"S335",1.55965783868885,6.30045492367329,"Baseline_phi","Valence"
"S275",0.647151648785536,0.410566729258101,"ForgOri_phi","Valence"
"S275",1.77675577247058,1.66113714281415,"AIOri_phi","Valence"
"S275",2.01910612765006,0.934600396101922,"AIForg_phi","Valence"
"S276",2.82798395986685,3.14676491014083,"ForgOri_phi","Valence"
"S276",4.35682719219185,0.915848341761637,"AIOri_phi","Valence"
"S276",5.08832279564774,-2.43655090090451,"AIForg_phi","Valence"
"S277",3.63962920704707,0.215522902916792,"ForgOri_phi","Valence"
"S277",8.49162152108117,5.65596186617394,"AIOri_phi","Valence"
"S277",8.98011819140885,4.98073825974581,"AIForg_phi","Valence"
"S278",0.255551936258957,-0.156322468485581,"ForgOri_phi","Valence"
"S278",0.600245686846529,0.127859000768765,"AIOri_phi","Valence"
"S278",0.496461373521488,0.230998146934565,"AIForg_phi","Valence"
"S279",0.594891364162053,0.99811013732102,"ForgOri_phi","Valence"
"S279",0.752945448210084,0.0999249848570611,"AIOri_phi","Valence"
"S279",0.798014151608163,-0.869843079759999,"AIForg_phi","Valence"
"S280",0.858888295973096,0.533275728886897,"ForgOri_phi","Valence"
"S280",1.5296858163418,1.26978994852397,"AIOri_phi","Valence"
"S280",1.35313828209511,0.838576079299539,"AIForg_phi","Valence"
"S281",0.596086978283902,0.213012853097409,"ForgOri_phi","Valence"
"S281",1.06827085423262,0.331820755055429,"AIOri_phi","Valence"
"S281",1.19545611327009,0.199953502462301,"AIForg_phi","Valence"
"S282",1.42650488098466,0.812894768945145,"ForgOri_phi","Valence"
"S282",2.79534046113152,1.7860227478206,"AIOri_phi","Valence"
"S282",3.46287136974727,1.60875946679025,"AIForg_phi","Valence"
"S285",1.07248469085151,2.05540231780249,"ForgOri_phi","Valence"
"S285",1.56511064488904,0.382255597176165,"AIOri_phi","Valence"
"S285",1.31803672086586,-1.42082843712831,"AIForg_phi","Valence"
"S287",1.00739944123503,0.990636760464561,"ForgOri_phi","Valence"
"S287",2.07969842310258,2.53806475576877,"AIOri_phi","Valence"
"S287",2.16520952794363,1.45671319755943,"AIForg_phi","Valence"
"S288",0.433326713130306,-0.0321658342832365,"ForgOri_phi","Valence"
"S288",0.86270302222954,0.855295976082757,"AIOri_phi","Valence"
"S288",1.07732099475748,0.822030075498722,"AIForg_phi","Valence"
"S289",0.505782805586624,-0.160120297611805,"ForgOri_phi","Valence"
"S289",0.735859454743022,0.326861220007573,"AIOri_phi","Valence"
"S289",1.06572587946666,0.327315921016444,"AIForg_phi","Valence"
"S290",0.662778750144145,0.0816207995341298,"ForgOri_phi","Valence"
"S290",1.5135702216471,0.316088831636181,"AIOri_phi","Valence"
"S290",1.66295462111529,0.269861171989812,"AIForg_phi","Valence"
"S291",0.717810888976878,0.216815689042269,"ForgOri_phi","Valence"
"S291",1.66500272339857,0.797470789391572,"AIOri_phi","Valence"
"S291",1.60191935521164,0.599866093581052,"AIForg_phi","Valence"
"S292",1.19916606091467,1.26654872934001,"ForgOri_phi","Valence"
"S292",2.70961187980447,1.28986573626351,"AIOri_phi","Valence"
"S292",2.3246614821734,0.0224257300276447,"AIForg_phi","Valence"
"S293",0.988804968342196,0.714078380537959,"ForgOri_phi","Valence"
"S293",1.36694505455425,0.0812696676057105,"AIOri_phi","Valence"
"S293",1.05948697024273,-0.229398663430105,"AIForg_phi","Valence"
"S295",0.730754239165548,0.780737988438305,"ForgOri_phi","Valence"
"S295",1.33494660812213,0.637356992769198,"AIOri_phi","Valence"
"S295",1.43924269784893,-0.157311949072017,"AIForg_phi","Valence"
"S296",2.76336029731371,0.852307516577603,"ForgOri_phi","Valence"
"S296",5.02313404207682,5.20666626565614,"AIOri_phi","Valence"
"S296",5.10951505650999,4.69631403453326,"AIForg_phi","Valence"
"S297",4.31532054462959,-2.23662273503774,"ForgOri_phi","Valence"
"S297",7.45164565286399,-3.85085555874256,"AIOri_phi","Valence"
"S297",8.23427332984317,-2.32628667163648,"AIForg_phi","Valence"
"S298",1.25608917277497,-0.59151394223488,"ForgOri_phi","Valence"
"S298",1.36158960670495,-0.775469713937069,"AIOri_phi","Valence"
"S298",1.75125171068475,-0.182821255906778,"AIForg_phi","Valence"
"S299",0.622485609977931,0.454418843174795,"ForgOri_phi","Valence"
"S299",0.867197496557347,-0.00427394370445566,"AIOri_phi","Valence"
"S299",0.950025961103957,-0.534489751335634,"AIForg_phi","Valence"
"S300",1.04484713529408,1.11523504306228,"ForgOri_phi","Valence"
"S300",1.02458954653323,-0.590144354427216,"AIOri_phi","Valence"
"S300",1.42180542093809,-1.68834137287168,"AIForg_phi","Valence"
"S301",1.5542890787814,-1.67827381239233,"ForgOri_phi","Valence"
"S301",3.16030254703134,2.14633516085507,"AIOri_phi","Valence"
"S301",2.84893970678754,4.07587703610092,"AIForg_phi","Valence"
"S302",2.61803307448748,4.36218300389089,"ForgOri_phi","Valence"
"S302",4.14623671041997,2.26098286491936,"AIOri_phi","Valence"
"S302",4.6289073417072,-1.50426497751038,"AIForg_phi","Valence"
"S304",3.03028596810466,4.34554515405637,"ForgOri_phi","Valence"
"S304",5.06507318785814,1.83942659588996,"AIOri_phi","Valence"
"S304",5.9428363991857,-2.87933551803796,"AIForg_phi","Valence"
"S305",1.64289187663763,0.888325942157972,"ForgOri_phi","Valence"
"S305",2.29317725953052,0.00923971031731785,"AIOri_phi","Valence"
"S305",2.21690741854407,-1.04406160262149,"AIForg_phi","Valence"
"S308",1.24199206391896,1.63877929179298,"ForgOri_phi","Valence"
"S308",1.70343656104941,0.0820044950144432,"AIOri_phi","Valence"
"S308",1.48045940962533,-1.31308304256126,"AIForg_phi","Valence"
"S309",0.514837007285061,-0.3979947074635,"ForgOri_phi","Valence"
"S309",1.24612091385,-0.835011570547209,"AIOri_phi","Valence"
"S309",1.07612822194454,-0.617160701068562,"AIForg_phi","Valence"
"S310",0.488427512427954,0.435819288320217,"ForgOri_phi","Valence"
"S310",0.763474524603667,0.470248086165201,"AIOri_phi","Valence"
"S310",0.730781247541497,0.0450802250286644,"AIForg_phi","Valence"
"S311",2.54402639930912,2.41366448088232,"ForgOri_phi","Valence"
"S311",4.49835420821726,3.03090747170107,"AIOri_phi","Valence"
"S311",5.08577894753366,0.662113079144127,"AIForg_phi","Valence"
"S313",0.705667637625796,0.474442123544818,"ForgOri_phi","Valence"
"S313",1.62864374837703,1.32906169113037,"AIOri_phi","Valence"
"S313",1.73388772536287,0.89197675751768,"AIForg_phi","Valence"
"S314",1.53069922755205,1.78492926779703,"ForgOri_phi","Valence"
"S314",2.44459898988501,1.39633692806794,"AIOri_phi","Valence"
"S314",2.84431165568576,-0.261311342209053,"AIForg_phi","Valence"
"S315",0.51288044261669,0.381077155912919,"ForgOri_phi","Valence"
"S315",0.961307774812033,0.381884157315934,"AIOri_phi","Valence"
"S315",0.925259758849997,-0.102116267027155,"AIForg_phi","Valence"
"S316",0.513669988910818,-0.239583297523985,"ForgOri_phi","Valence"
"S316",0.821199876708088,0.345893468636021,"AIOri_phi","Valence"
"S316",0.781683431648299,0.58774831186112,"AIForg_phi","Valence"
"S317",1.0793253627437,1.00702607392103,"ForgOri_phi","Valence"
"S317",1.56326622680747,0.9217308122875,"AIOri_phi","Valence"
"S317",1.56582919306382,0.0172700701014175,"AIForg_phi","Valence"
"S318",1.073945396885,0.115325246764532,"ForgOri_phi","Valence"
"S318",1.19089838411874,-0.829252483385447,"AIOri_phi","Valence"
"S318",1.28159628978353,-0.867847607524756,"AIForg_phi","Valence"
"S319",1.22210400671921,1.64828003045691,"ForgOri_phi","Valence"
"S319",2.170116497102,0.971111171662583,"AIOri_phi","Valence"
"S319",2.27070264001491,-0.73085020862851,"AIForg_phi","Valence"
"S321",0.522796921744252,0.423813414722375,"ForgOri_phi","Valence"
"S321",1.40199577170434,0.933960699873027,"AIOri_phi","Valence"
"S321",1.28683649382208,0.597532687603023,"AIForg_phi","Valence"
"S322",0.777154876047071,-0.538584560673014,"ForgOri_phi","Valence"
"S322",1.81745916650099,0.585479902840794,"AIOri_phi","Valence"
"S322",1.70949855813923,1.16885231909006,"AIForg_phi","Valence"
"S323",2.49347406429886,2.91393212743529,"ForgOri_phi","Valence"
"S323",3.36470919457688,1.39533633421252,"AIOri_phi","Valence"
"S323",3.45652442588637,-1.60495615012964,"AIForg_phi","Valence"
"S324",0.980336597481262,0.336481766979572,"ForgOri_phi","Valence"
"S324",2.34755161561723,1.06932924946821,"AIOri_phi","Valence"
"S324",2.28607288415571,0.891247699281176,"AIForg_phi","Valence"
"S325",0.750171306236056,0.785192606225763,"ForgOri_phi","Valence"
"S325",0.90323288701706,0.188680329561644,"AIOri_phi","Valence"
"S325",0.975169281500836,-0.536574446300674,"AIForg_phi","Valence"
"S326",0.727052290645868,0.720589206268062,"ForgOri_phi","Valence"
"S326",0.859896782660303,0.522038534308673,"AIOri_phi","Valence"
"S326",1.00013562773743,-0.182927184639103,"AIForg_phi","Valence"
"S327",1.1990998776724,0.521169882798204,"ForgOri_phi","Valence"
"S327",2.80968921712249,2.94900765454201,"AIOri_phi","Valence"
"S327",2.45518983651356,2.33647112882239,"AIForg_phi","Valence"
"S329",1.36673899726921,0.0924577208363875,"ForgOri_phi","Valence"
"S329",2.04829508200087,-0.65928958356391,"AIOri_phi","Valence"
"S329",1.87405182337132,-0.768019728542227,"AIForg_phi","Valence"
"S330",0.779011920079104,0.415651520828226,"ForgOri_phi","Valence"
"S330",1.79963479108715,1.29396511145076,"AIOri_phi","Valence"
"S330",1.97259117813478,0.95393291975151,"AIForg_phi","Valence"
"S331",0.447661495082908,0.7785186111416,"ForgOri_phi","Valence"
"S331",0.832944441648133,0.458082519308321,"AIOri_phi","Valence"
"S331",0.882270830446964,-0.402183346660441,"AIForg_phi","Valence"
"S332",0.908532309779049,1.17504802382801,"ForgOri_phi","Valence"
"S332",1.359897733014,-0.521772451246262,"AIOri_phi","Valence"
"S332",1.46596491261863,-1.47562478281857,"AIForg_phi","Valence"
"S334",0.338111484822506,0.130501535724517,"ForgOri_phi","Valence"
"S334",0.758250082982593,-0.0171932939656383,"AIOri_phi","Valence"
"S334",0.679143936549547,-0.254211205506696,"AIForg_phi","Valence"
"S335",0.56994615949734,-0.013394174542479,"ForgOri_phi","Valence"
"S335",1.75565940072719,1.83650634862998,"AIOri_phi","Valence"
"S335",1.7306545782126,1.83531502443414,"AIForg_phi","Valence"
"S336",0.046264710620865,0.578554674674362,"Baseline_mu","Valence"
"S337",0.025653827464995,0.693242809800124,"Baseline_mu","Valence"
"S338",0.0237210053106626,0.477356821061735,"Baseline_mu","Valence"
"S339",0.0262084291629298,0.383928313569073,"Baseline_mu","Valence"
"S340",0.0216332703173462,0.626294773727723,"Baseline_mu","Valence"
"S341",0.028238923297774,0.532804039928847,"Baseline_mu","Valence"
"S342",0.0392412190187308,0.626285766434358,"Baseline_mu","Valence"
"S343",0.033506153448893,0.651014673155395,"Baseline_mu","Valence"
"S344",0.0220254265139792,0.637289577781967,"Baseline_mu","Valence"
"S346",0.0306008293863043,0.557711911177889,"Baseline_mu","Valence"
"S347",0.0288630214872289,0.480563273440602,"Baseline_mu","Valence"
"S348",0.0237128804237144,0.6049442590104,"Baseline_mu","Valence"
"S349",0.0246267699190398,0.539320110727567,"Baseline_mu","Valence"
"S350",0.0291912252574833,0.667740607275303,"Baseline_mu","Valence"
"S351",0.0209815852492771,0.471059317983111,"Baseline_mu","Valence"
"S352",0.0205233797485021,0.540299259550147,"Baseline_mu","Valence"
"S353",0.0353395712214718,0.614234718070951,"Baseline_mu","Valence"
"S354",0.0212957779988235,0.786387603100356,"Baseline_mu","Valence"
"S355",0.0229312796752925,0.502973945950965,"Baseline_mu","Valence"
"S356",0.0277165355504813,0.515549112633844,"Baseline_mu","Valence"
"S357",0.0249861742418071,0.419945099179857,"Baseline_mu","Valence"
"S358",0.020325382267804,0.465094624566511,"Baseline_mu","Valence"
"S359",0.0365107007131891,0.498658116966929,"Baseline_mu","Valence"
"S336",0.0303963440189468,0.045598341620173,"ForgOri_mu","Valence"
"S336",0.0416735554658317,-0.0200909670994822,"AIOri_mu","Valence"
"S336",0.0327508401898662,-0.0619228503670526,"AIForg_mu","Valence"
"S337",0.0194245591569739,0.00604312612942443,"ForgOri_mu","Valence"
"S337",0.031009779064122,-0.0558194551183442,"AIOri_mu","Valence"
"S337",0.0295184801010936,-0.0589606769726747,"AIForg_mu","Valence"
"S338",0.0245622965113169,0.0103491767769285,"ForgOri_mu","Valence"
"S338",0.0307708027594753,-0.0705737333192541,"AIOri_mu","Valence"
"S338",0.0296751688280317,-0.0821239159499237,"AIForg_mu","Valence"
"S339",0.0246891300392083,0.0156230755731949,"ForgOri_mu","Valence"
"S339",0.0361754500483244,-0.0304817471924372,"AIOri_mu","Valence"
"S339",0.0328019079130021,-0.0412471429690517,"AIForg_mu","Valence"
"S340",0.030089887318149,-0.0501123483220191,"ForgOri_mu","Valence"
"S340",0.045998807944643,-0.124456942019441,"AIOri_mu","Valence"
"S340",0.0481358505492757,-0.0773064228423072,"AIForg_mu","Valence"
"S341",0.0208890846497788,-0.138396270481314,"ForgOri_mu","Valence"
"S341",0.026963484321273,-0.116913867770456,"AIOri_mu","Valence"
"S341",0.0294287436634285,0.019739412050767,"AIForg_mu","Valence"
"S342",0.0294066260879883,-0.0404648703424461,"ForgOri_mu","Valence"
"S342",0.0386108786286302,0.0391879306441722,"AIOri_mu","Valence"
"S342",0.0368292694724177,0.0785109952191251,"AIForg_mu","Valence"
"S343",0.0199488535399197,-0.134300367590379,"ForgOri_mu","Valence"
"S343",0.0354323222173257,-0.078662494916461,"AIOri_mu","Valence"
"S343",0.0356417741292167,0.0554583691959722,"AIForg_mu","Valence"
"S344",0.023840746014982,0.021357595513743,"ForgOri_mu","Valence"
"S344",0.0394370969921202,-0.079386596645971,"AIOri_mu","Valence"
"S344",0.0354642421297456,-0.0961236289089635,"AIForg_mu","Valence"
"S346",0.0258182749035654,-0.0604907941759049,"ForgOri_mu","Valence"
"S346",0.0334358906451755,-0.0850714705487363,"AIOri_mu","Valence"
"S346",0.0364800803900819,-0.0214341363240645,"AIForg_mu","Valence"
"S347",0.0301927561524692,-0.0187405350868201,"ForgOri_mu","Valence"
"S347",0.0315969437578654,0.0146826397250636,"AIOri_mu","Valence"
"S347",0.0297599418900907,0.0338635690802023,"AIForg_mu","Valence"
"S348",0.0217456510151215,-0.0227417898414269,"ForgOri_mu","Valence"
"S348",0.0351318170001501,0.0012896215930181,"AIOri_mu","Valence"
"S348",0.0292370441070682,0.026736801316719,"AIForg_mu","Valence"
"S349",0.0263240206717189,-0.0485462791625651,"ForgOri_mu","Valence"
"S349",0.032071389632163,-0.0291644754581194,"AIOri_mu","Valence"
"S349",0.0336953791026406,0.0189119189537857,"AIForg_mu","Valence"
"S350",0.0255693698606668,-0.0595195869246647,"ForgOri_mu","Valence"
"S350",0.0374164707397861,-0.0849124905837945,"AIOri_mu","Valence"
"S350",0.0415264330399553,-0.0259755182222365,"AIForg_mu","Valence"
"S351",0.0164770243340792,-0.00834749451585218,"ForgOri_mu","Valence"
"S351",0.0211348326802634,-0.0503919497065938,"AIOri_mu","Valence"
"S351",0.0224138721451859,-0.0398918617516309,"AIForg_mu","Valence"
"S352",0.0249245553761512,-0.0583693914661232,"ForgOri_mu","Valence"
"S352",0.0371344456649399,-0.181403706932289,"AIOri_mu","Valence"
"S352",0.0406692128751416,-0.121127296221639,"AIForg_mu","Valence"
"S353",0.0328227818032745,-0.0130188639933305,"ForgOri_mu","Valence"
"S353",0.038007497965643,-0.0515500046607928,"AIOri_mu","Valence"
"S353",0.0342664614743553,-0.03561007036696,"AIForg_mu","Valence"
"S354",0.0190225440360138,-0.0786522420677099,"ForgOri_mu","Valence"
"S354",0.0241023513777774,-0.0708806222348088,"AIOri_mu","Valence"
"S354",0.0192129015536872,0.00928171685179496,"AIForg_mu","Valence"
"S355",0.0235398504769306,-0.106143020385268,"ForgOri_mu","Valence"
"S355",0.0315969700173141,-0.0982400192898742,"AIOri_mu","Valence"
"S355",0.0246954569508282,0.00130202328354881,"AIForg_mu","Valence"
"S356",0.0238402021582115,-0.000676331326982471,"ForgOri_mu","Valence"
"S356",0.0324755478635742,-0.0802436547428056,"AIOri_mu","Valence"
"S356",0.0230203540385119,-0.0816546116859215,"AIForg_mu","Valence"
"S357",0.0258063826963607,-0.014978231391807,"ForgOri_mu","Valence"
"S357",0.0313883590700409,0.0644472996256813,"AIOri_mu","Valence"
"S357",0.0335939167345812,0.0762610277896237,"AIForg_mu","Valence"
"S358",0.0221393370724048,0.0221594809648356,"ForgOri_mu","Valence"
"S358",0.0315506251243817,-0.00224344733678189,"AIOri_mu","Valence"
"S358",0.026228663033851,-0.0248682006586268,"AIForg_mu","Valence"
"S359",0.0323669231627641,-0.0588468676140895,"ForgOri_mu","Valence"
"S359",0.0463095185203106,0.00515773932439878,"AIOri_mu","Valence"
"S359",0.0447241575820034,0.0561572173591576,"AIForg_mu","Valence"
"S336",0.269267744462678,0.910535267351967,"Baseline_phi","Valence"
"S337",1.31784453365496,4.74289417733446,"Baseline_phi","Valence"
"S338",1.04167283644856,4.10196885846032,"Baseline_phi","Valence"
"S339",1.23709288371134,4.99316872789391,"Baseline_phi","Valence"
"S340",1.06696474890074,4.49261254861752,"Baseline_phi","Valence"
"S341",2.484191546444,8.97216136056517,"Baseline_phi","Valence"
"S342",0.279893250988111,1.19545048935896,"Baseline_phi","Valence"
"S343",1.15263281601095,4.23450060678706,"Baseline_phi","Valence"
"S344",2.23035941417936,7.96511165412795,"Baseline_phi","Valence"
"S346",1.6051011784461,5.91953769657942,"Baseline_phi","Valence"
"S347",1.45334766642465,5.44918098279171,"Baseline_phi","Valence"
"S348",2.89784573066021,10.631976507211,"Baseline_phi","Valence"
"S349",2.79152316109447,9.75123764930546,"Baseline_phi","Valence"
"S350",1.35086798587179,5.39176470952575,"Baseline_phi","Valence"
"S351",6.29152076781627,24.8894053134248,"Baseline_phi","Valence"
"S352",1.90276489711629,7.06692009745438,"Baseline_phi","Valence"
"S353",0.438013988326917,1.44612481084993,"Baseline_phi","Valence"
"S354",5.32386654444388,15.4393654327428,"Baseline_phi","Valence"
"S355",2.40006175595649,8.26951055883867,"Baseline_phi","Valence"
"S356",2.17521355899374,9.91603962060467,"Baseline_phi","Valence"
"S357",1.96823304650966,6.94750123014524,"Baseline_phi","Valence"
"S358",4.12715874916474,13.920546466898,"Baseline_phi","Valence"
"S359",0.619889235995607,2.7820374240516,"Baseline_phi","Valence"
"S336",0.143250366408513,0.239946232747531,"ForgOri_phi","Valence"
"S336",0.321196633419133,0.430284725266505,"AIOri_phi","Valence"
"S336",0.31014175328448,0.156123503064083,"AIForg_phi","Valence"
"S337",1.0412436250535,1.18906732687378,"ForgOri_phi","Valence"
"S337",1.41395634326607,0.760707126311299,"AIOri_phi","Valence"
"S337",1.46975901194627,-0.574734533398811,"AIForg_phi","Valence"
"S338",0.963527998705004,0.425722771183586,"ForgOri_phi","Valence"
"S338",0.880619589297347,-0.7693564009737,"AIOri_phi","Valence"
"S338",1.38691920447048,-1.32147296804481,"AIForg_phi","Valence"
"S339",0.801955662554857,0.376266581788686,"ForgOri_phi","Valence"
"S339",1.1394791344046,0.164746692203217,"AIOri_phi","Valence"
"S339",1.01227240000785,-0.107849273507868,"AIForg_phi","Valence"
"S340",0.73906725421654,0.699975836158701,"ForgOri_phi","Valence"
"S340",1.05360779978735,-0.0643038400809963,"AIOri_phi","Valence"
"S340",1.0378456647685,-0.791028902585374,"AIForg_phi","Valence"
"S341",1.80288998930703,0.207569445124265,"ForgOri_phi","Valence"
"S341",2.37593824725983,1.01961462375245,"AIOri_phi","Valence"
"S341",2.02444507075523,0.714143276536184,"AIForg_phi","Valence"
"S342",0.259666833552563,0.235520587625587,"ForgOri_phi","Valence"
"S342",0.378661768917008,0.404562689397469,"AIOri_phi","Valence"
"S342",0.411143681557586,0.153051270858333,"AIForg_phi","Valence"
"S343",0.599947359360822,-0.0253037318658977,"ForgOri_phi","Valence"
"S343",0.975853718254296,0.0393508341288027,"AIOri_phi","Valence"
"S343",1.00911241366563,0.125226699005672,"AIForg_phi","Valence"
"S344",1.27758439634276,2.20690023605663,"ForgOri_phi","Valence"
"S344",1.90296883916925,1.61284147725039,"AIOri_phi","Valence"
"S344",2.23812330734496,-0.547419523315185,"AIForg_phi","Valence"
"S346",1.10272237276451,1.4780862213344,"ForgOri_phi","Valence"
"S346",1.33223531458984,0.513356920787799,"AIOri_phi","Valence"
"S346",1.29891122806499,-0.89031264401558,"AIForg_phi","Valence"
"S347",0.725571255727607,-0.323552427301992,"ForgOri_phi","Valence"
"S347",1.00942959121645,0.822977374653146,"AIOri_phi","Valence"
"S347",1.12806812912839,1.23215898953815,"AIForg_phi","Valence"
"S348",0.959240439858661,0.939344390695873,"ForgOri_phi","Valence"
"S348",2.47747321125767,1.93636249954195,"AIOri_phi","Valence"
"S348",2.74788592214152,1.23813405679321,"AIForg_phi","Valence"
"S349",1.27471751542172,0.326947226766956,"ForgOri_phi","Valence"
"S349",1.96537503512816,-2.96334801870707,"AIOri_phi","Valence"
"S349",2.49554563520653,-3.42974882615369,"AIForg_phi","Valence"
"S350",0.855690066480605,0.600026934044397,"ForgOri_phi","Valence"
"S350",1.26629173960478,-0.102944514261598,"AIOri_phi","Valence"
"S350",1.22631262805304,-0.825173142512627,"AIForg_phi","Valence"
"S351",4.2304026115305,5.64385004581855,"ForgOri_phi","Valence"
"S351",7.79076385921893,5.67679849279952,"AIOri_phi","Valence"
"S351",6.35333933724574,0.602020831934855,"AIForg_phi","Valence"
"S352",0.92104901307275,0.288293529200955,"ForgOri_phi","Valence"
"S352",1.31509444517791,-1.16432405014,"AIOri_phi","Valence"
"S352",1.48322440975594,-1.47550241395822,"AIForg_phi","Valence"
"S353",0.46648843456708,0.670510577596163,"ForgOri_phi","Valence"
"S353",0.545986977450681,0.539356929209989,"AIOri_phi","Valence"
"S353",0.636133164995685,-0.211145231975295,"AIForg_phi","Valence"
"S354",2.12123022631616,0.512484317490275,"ForgOri_phi","Valence"
"S354",3.66344494878966,-0.0893052594075634,"AIOri_phi","Valence"
"S354",2.97996552263577,-0.593649192767358,"AIForg_phi","Valence"
"S355",1.35002887423638,-0.869347989253155,"ForgOri_phi","Valence"
"S355",1.85119206846741,-0.60261219755659,"AIOri_phi","Valence"
"S355",1.87860118768686,0.258798192252591,"AIForg_phi","Valence"
"S356",1.72747613178657,2.81609665535988,"ForgOri_phi","Valence"
"S356",2.64921048495703,0.697878619789217,"AIOri_phi","Valence"
"S356",3.09332439595461,-1.78606225289586,"AIForg_phi","Valence"
"S357",1.26175901732004,0.717507060515081,"ForgOri_phi","Valence"
"S357",2.16856449480245,0.244202119969026,"AIOri_phi","Valence"
"S357",2.18829445901569,-0.80131698490537,"AIForg_phi","Valence"
"S358",3.87962020621421,3.04957547341664,"ForgOri_phi","Valence"
"S358",3.63739908206952,3.5759598532836,"AIOri_phi","Valence"
"S358",5.81480011361969,-0.119474708869855,"AIForg_phi","Valence"
"S359",0.329774840046316,-0.198824710131581,"ForgOri_phi","Valence"
"S359",0.607909108305128,-0.23279545742659,"AIOri_phi","Valence"
"S359",0.539080157388501,-0.0620621652961324,"AIForg_phi","Valence"
