"Participant","Recruitment","Experiment_StartDate","Experiment_Duration","Browser_Version","Mobile","Platform","Screen_Width","Screen_Height","Gender","Age","Education","Student","Country","Ethnicity","Art_Expertise","Experiment_Enjoyment","Experiment_Quality","Experiment_Feedback","MINT_Derm_16","MINT_Resp_26","MINT_ExAc_1","MINT_Gast_33","MINT_Olfa_23","MINT_Derm_18","MINT_Sati_20","MINT_Resp_25","MINT_RelA_6","MINT_RelA_4","MINT_ExAc_2","MINT_SexS_9","MINT_SexS_7","MINT_Gast_32","MINT_Derm_17","MINT_Urin_15","MINT_CaCo_11","MINT_Urin_13","MINT_Sati_21","MINT_Card_29","MINT_CaCo_10","MINT_Resp_27","MINT_Sati_19","MINT_CaCo_12","MINT_AttentionCheck","MINT_Olfa_24","MINT_Gast_31","MINT_Urin_14","MINT_RelA_5","MINT_Card_28","MINT_Card_30","MINT_SexS_8","MINT_ExAc_3","MINT_Olfa_22","Duration_MINT","BAIT_AI_Knowledge","BAIT_AI_Use","BAIT_5_ImitatingReality","BAIT_12_Benefit","BAIT_4_VideosRealistic","BAIT_8_TextIssues","BAIT_1_ImagesRealistic","BAIT_2_ImagesIssues","BAIT_3_VideosIssues","BAIT_14_ArtRealistic","BAIT_6_EnvironmentReal","BAIT_9_Dangerous","BAIT_7_TextRealistic","BAIT_13_ArtIssues","BAIT_AttentionCheck","BAIT_10_Worry","BAIT_11_Exciting","Duration_BAIT","LifeSatisfaction","PHQ4_Depression_4","PHQ4_Anxiety_1","PHQ4_Depression_3","PHQ4_Anxiety_2","Duration_ERNS","ERNS_4_r","ERNS_3_r","ERNS_2_r","ERNS_1","ERNS_8_r","ERNS_7_r","ERNS_6_r","ERNS_5","VVIQ_Friend_1","VVIQ_Friend_2","VVIQ_Friend_3","VVIQ_Friend_4","VVIQ_Sun_5","VVIQ_Sun_7","VVIQ_Sun_6","VVIQ_Sun_8","VVIQ_Shop_9","VVIQ_Shop_10","VVIQ_Shop_11","VVIQ_Shop_12","VVIQ_Country_13","VVIQ_Country_14","VVIQ_Country_15","VVIQ_Country_16","Duration_VVIQ","Duration_TaskInstructions1","Duration_TaskInstructions2","Feedback_MoreBeautifulAI","Feedback_LessBeautifulAI","Feedback_BigDifferenceRealAI","Feedback_SmallDifferenceRealAI","Feedback_NoDifferenceRealAI","Feedback_BadForgeries","Feedback_GoodForgeries","Feedback_LabelsNoAttention","Feedback_LabelsPaidAttention","Feedback_LabelsNotMatched","Feedback_LabelsReversed","Feedback_LabelsAllReal","Feedback_LabelsAllAI","Feedback_ConfidenceReal","Feedback_ConfidenceAI","Task_AttentionCheck","Eyetracking_Validation1","Eyetracking_Validation2"
"S222","prolific",2025-08-17 21:51:13,26.0254,"chrome 139.0.0","false","Windows 10",1920,945,"Male",32,"Bachelor",FALSE,"United Kingdom","White",3,4,4,NA,5,4,5,5,4,6,1,3,1,4,6,5,5,4,6,0,0,4,0,4,0,2,3,4,0,4,4,2,4,2,2,4,4,1,1.63756666666667,5,"A few times per week",5,4,3,4,6,3,1,5,4,4,4,4,6,5,6,0.788483333333333,3,0.5,1,2,2,NA,NA,NA,NA,NA,NA,NA,NA,NA,3,3,3,2,4,4,4,2,2,2,3,4,2,2,3,2,1.17401666666667,0.60305,0.16325,FALSE,FALSE,FALSE,TRUE,FALSE,FALSE,TRUE,FALSE,TRUE,TRUE,FALSE,FALSE,FALSE,NA,NA,1,37.8230153835499,25.5744259098945
"S092","prolific",2025-08-15 13:35:03,41.3478666666667,"edge-chromium 139.0.0","false","Windows 10",1272,674,"Female",35,"High school",FALSE,"United Kingdom","White",3,4,4,NA,5,4,4,3,0,5,1,4,1,4,5,6,6,3,4,0,2,1,4,5,4,4,1,4,0,4,6,6,3,4,3,5,4,4,2.10948333333333,1,"A few times per month",4,4,6,5,6,4,3,2,5,5,4,6,6,5,4,1.40408333333333,7,1,1,1,1,NA,NA,NA,NA,NA,NA,NA,NA,NA,3,3,3,3,2,3,3,3,3,3,3,3,2,3,3,3,1.98616666666667,0.741566666666667,0.51815,FALSE,TRUE,FALSE,TRUE,FALSE,FALSE,TRUE,FALSE,TRUE,TRUE,FALSE,TRUE,FALSE,2,NA,1,2.03389830508475,8.96327683615819
"S009","fw",2025-07-23 20:10:38,61.3112666666667,"safari 17.6.0","false","Mac OS",1440,848,"Female",53,"High school",FALSE,"United Kingdom","White",5,4,4,"The only thing that slightly influenced my decisions on whether the paintings were AI, forgeries or real were if I liked them or not! ",2,4,4,5,4,4,2,3,2,6,5,6,6,5,2,1,0,5,5,1,1,4,1,4,6,3,4,6,5,4,4,6,2,3,5.1257,1,NA,4,1,6,3,6,2,3,0,5,6,6,6,3,6,1,2.10518333333333,8,0.5,0.5,0,1,0.950833333333333,0,0,0,4,0,0,0,4,3,3,3,3,3,3,3,3,4,3,3,3,2,2,3,3,4.12833333333333,1.29595,0.50745,FALSE,TRUE,FALSE,FALSE,FALSE,FALSE,TRUE,FALSE,FALSE,TRUE,FALSE,FALSE,FALSE,NA,NA,NA,11.8965517241379,25.3448275862069
"S161","prolific",2025-08-15 22:16:28,45.6460833333333,"chrome 139.0.0","false","Windows 10",1920,911,"Male",43,"Master",FALSE,"Australia","White",2,3,4,"was a tricky exercise",4,2,5,0,0,3,1,2,3,2,5,4,6,2,4,0,0,0,3,2,0,1,2,0,0,2,2,0,2,2,2,5,4,2,3.12818333333333,3,"A few times per week",3,3,4,2,6,2,4,3,4,5,3,5,6,5,3,1.84818333333333,4,0,0.5,0,0,NA,NA,NA,NA,NA,NA,NA,NA,NA,2,2,0,1,1,2,2,1,3,3,3,2,2,2,1,1,3.05816666666667,1.64155,0.408216666666667,FALSE,TRUE,FALSE,TRUE,FALSE,FALSE,TRUE,FALSE,FALSE,FALSE,FALSE,FALSE,FALSE,NA,NA,0.5,30.4378531073446,15.2542372881356
"S338","prolific",2025-08-27 19:28:58,36.1563833333333,"chrome 128.0.0","false","Mac OS",1280,678,"other",34,"Bachelor",TRUE,"Australia","White",5,4,4,NA,4,0,6,1,1,5,6,4,4,3,6,4,6,6,6,0,6,0,6,1,1,3,6,6,0,0,6,0,5,3,4,5,5,0,2.03936666666667,5,"Never",0,0,5,6,6,5,5,0,2,6,3,6,6,6,0,0.945266666666667,0,3,3,3,3,NA,NA,NA,NA,NA,NA,NA,NA,NA,2,2,2,2,1,2,2,2,2,2,2,2,3,2,3,2,2.41773333333333,0.9681,0.50585,FALSE,TRUE,FALSE,TRUE,FALSE,FALSE,TRUE,FALSE,TRUE,TRUE,TRUE,FALSE,TRUE,NA,4,1,8.34750337381916,15.5702210307473
"S095","prolific",2025-08-15 13:44:02,33.1782,"chrome 139.0.0","false","Mac OS",2560,1440,"Male",33,"Bachelor",FALSE,"United Kingdom","Black",4,4,4,NA,5,3,4,4,0,4,4,4,4,5,4,4,3,3,4,0,4,4,3,4,3,4,4,3,3,0,4,4,4,4,4,4,5,3,1.94338333333333,4,"A few times per month",3,3,3,5,3,3,4,3,4,4,4,3,3,5,3,0.755283333333333,7,0.5,0.5,0.5,0.5,NA,NA,NA,NA,NA,NA,NA,NA,NA,2,2,1,2,1,3,4,4,2,2,3,2,1,2,3,2,2.08356666666667,1.25308333333333,0.6347,FALSE,FALSE,FALSE,TRUE,FALSE,FALSE,TRUE,FALSE,FALSE,TRUE,FALSE,FALSE,FALSE,NA,NA,0.833333333333333,5.93220338983051,11.5195791934541
"S081","prolific",2025-08-15 13:02:53,32.3725833333333,"chrome 139.0.0","false","Mac OS",1417,788,"Female",36,"Master",FALSE,"United Kingdom","White",4,3,4,NA,3,3,2,2,2,2,4,3,4,4,4,4,3,2,4,2,3,2,4,3,2,2,4,2,0,1,2,4,4,3,2,3,3,1,1.90685,2,"A few times per month",3,4,4,4,4,3,2,3,4,3,3,3,6,4,4,0.973566666666667,4,0.5,0.5,0.5,0.5,NA,NA,NA,NA,NA,NA,NA,NA,NA,3,3,1,3,3,0,3,2,3,3,3,3,1,2,2,1,1.86778333333333,0.732416666666667,0.203233333333333,FALSE,FALSE,FALSE,TRUE,TRUE,FALSE,TRUE,FALSE,FALSE,TRUE,FALSE,FALSE,FALSE,NA,NA,0.833333333333333,41.5015604550488,41.3251283600121
"S168","prolific",2025-08-17 12:48:39,26.0808,"chrome 139.0.0","false","Windows 10",1396,675,"Male",33,"Bachelor",FALSE,"United States","White",4,1,4,NA,4,3,4,4,1,4,2,4,0,6,4,3,6,4,3,3,2,4,3,3,2,4,2,4,0,3,4,4,6,4,2,3,4,2,1.46241666666667,5,"Once a day",2,2,4,4,5,2,2,0,2,4,3,6,6,5,4,0.625283333333333,0,3,3,3,3,NA,NA,NA,NA,NA,NA,NA,NA,NA,3,3,3,3,3,3,3,3,3,3,3,3,2,2,2,3,1.3188,0.59845,0.16885,FALSE,TRUE,FALSE,TRUE,FALSE,FALSE,TRUE,FALSE,TRUE,FALSE,FALSE,FALSE,FALSE,NA,NA,1,26.4887005649718,13.7994350282486
"S021","os",2025-08-05 19:23:13,44.9303666666667,"ios 18.5.0","true","iOS",980,1657,"Female",25,"Bachelor",FALSE,"United Kingdom","White",2,4,3,NA,4,4,5,3,5,5,2,3,1,2,5,4,5,5,2,1,1,4,3,3,0,3,0,1,0,3,5,4,4,1,1,5,5,4,3.31516666666667,2,"A few times per month",4,4,5,5,6,5,5,6,4,6,4,4,6,6,2,2.06675,8,0.5,1,0.5,0.5,0.2777,0,0,0,4,0,1,0,4,2,3,1,2,2,2,3,2,3,2,2,1,2,2,2,2,3.45826666666667,0.476066666666667,1.34943333333333,FALSE,FALSE,FALSE,TRUE,FALSE,FALSE,TRUE,FALSE,TRUE,FALSE,FALSE,FALSE,FALSE,NA,NA,NA,1.08441558441558,1.27609427609428
"S313","prolific",2025-08-26 07:43:21,37.29395,"edge-chromium 139.0.0","false","Windows 10",1912,1074,"Female",46,"Bachelor",FALSE,"United States","East Asian",1,3,4,NA,3,6,5,6,6,6,4,5,3,1,5,0,0,6,4,4,2,5,6,6,4,4,3,6,0,3,6,5,1,6,6,0,5,0,2.6881,3,"A few times per week",4,3,6,1,5,1,4,5,4,6,4,3,6,6,5,1.42933333333333,4,1,3,1,3,NA,NA,NA,NA,NA,NA,NA,NA,NA,1,2,2,3,2,1,2,1,3,2,1,2,2,2,3,3,2.72521666666667,1.15223333333333,0.417716666666667,FALSE,FALSE,FALSE,TRUE,FALSE,FALSE,TRUE,FALSE,TRUE,FALSE,FALSE,FALSE,FALSE,NA,NA,1,18.7377751802065,2.57753750243522
"S037","prolific",2025-08-15 08:07:04,29.3141833333333,"chrome 138.0.0","false","Mac OS",1728,992,"Male",40,"High school",TRUE,"United States","Hispanic/Latino",2,4,4,NA,3,5,4,4,5,3,3,5,5,5,3,5,5,3,4,1,2,4,2,5,3,5,3,5,0,3,5,4,5,4,5,6,4,4,2.33948333333333,4,"A few times per week",2,6,4,5,4,3,4,4,4,2,4,2,6,3,6,1.49773333333333,5,0,0.5,0.5,0,NA,NA,NA,NA,NA,NA,NA,NA,NA,2,2,1,3,1,3,2,3,3,2,3,4,3,1,3,3,1.74856666666667,0.588533333333333,0.222466666666667,FALSE,FALSE,FALSE,TRUE,FALSE,FALSE,TRUE,FALSE,FALSE,TRUE,FALSE,FALSE,FALSE,NA,NA,0.5,6.11338398597312,4.06497175141243
"S229","prolific",2025-08-18 05:12:14,65.2160333333333,"edge-chromium 139.0.0","false","Windows 10",1318,642,"Male",39,"High school",FALSE,"United States","White",2,3,4,NA,4,2,2,3,1,4,4,4,2,3,1,4,5,5,3,2,1,2,2,3,3,3,4,2,0,1,2,2,4,3,1,5,1,2,2.44388333333333,4,"A few times per day",6,3,6,4,6,2,4,4,6,3,6,2,6,6,5,1.21915,7,0,0,0,0,NA,NA,NA,NA,NA,NA,NA,NA,NA,1,1,1,2,2,2,1,3,2,2,2,3,1,2,1,3,2.15838333333333,1.56168333333333,0.31415,FALSE,FALSE,FALSE,FALSE,TRUE,FALSE,TRUE,FALSE,TRUE,TRUE,FALSE,FALSE,TRUE,NA,4,0.833333333333333,35.3526552868658,15.5190672249496
"S357","prolific",2025-08-28 20:18:28,43.7091333333333,"chrome 139.0.0","false","Windows 10",1746,968,"Male",61,"Doctorate",NA,"United Kingdom","Mixed",2,3,4,"Interesting. The final part gave a very brief amount of time to judge whether original or AI - which was a bit frustrating (hence one star removed)",1,0,4,0,0,4,0,0,2,2,4,4,5,0,1,0,0,0,4,0,0,3,3,0,0,1,0,0,4,0,0,5,2,0,3.57246666666667,3,"A few times per month",4,1,2,4,4,4,4,4,4,5,4,4,6,6,4,2.45983333333333,9,0,0,0,0,NA,NA,NA,NA,NA,NA,NA,NA,NA,2,3,2,3,2,2,2,2,1,1,1,2,2,2,2,2,3.47803333333333,1.23131666666667,0.42885,TRUE,FALSE,TRUE,TRUE,FALSE,FALSE,TRUE,FALSE,FALSE,TRUE,FALSE,FALSE,FALSE,NA,NA,0.833333333333333,26.9491525423729,4.75452951490356
"S137","prolific",2025-08-15 16:31:55,40.4929666666667,"edge-chromium 139.0.0","false","Windows 10",2465,1286,"Male",58,"High school",TRUE,"United Kingdom","White",1,1,4,"you might wsnt to check monitor size, as this was hard to complete on a widescreen monitor",0,5,5,2,1,1,4,5,2,0,1,6,6,0,0,1,0,2,1,6,0,5,2,3,0,0,4,1,3,5,2,6,2,1,3.51981666666667,5,"A few times per month",4,1,4,3,5,3,3,2,3,4,3,5,6,6,2,2.59236666666667,9,0,2,1,2,NA,NA,NA,NA,NA,NA,NA,NA,NA,1,1,1,2,2,2,2,1,2,2,1,2,1,1,1,1,3.66696666666667,0.92845,0.16715,FALSE,FALSE,FALSE,FALSE,TRUE,FALSE,TRUE,FALSE,FALSE,TRUE,FALSE,FALSE,FALSE,NA,NA,0.833333333333333,31.600623417105,13.093312957303
"S075","prolific",2025-08-15 12:28:50,25.1169,"chrome 139.0.0","false","Windows 10",1920,945,"Female",39,"Doctorate",NA,"United Kingdom","White",2,4,4,"it was a unique study",6,5,5,6,6,6,0,6,3,5,5,5,5,6,6,0,0,5,3,6,0,6,2,0,0,2,5,0,5,6,6,5,5,6,1.32406666666667,4,"A few times per day",3,6,4,5,6,4,4,3,5,0,4,3,6,0,6,0.62175,9,0,0,0,0,NA,NA,NA,NA,NA,NA,NA,NA,NA,2,3,3,2,3,3,4,4,1,2,1,1,2,3,3,3,1.05981666666667,0.66835,0.110466666666667,FALSE,FALSE,FALSE,TRUE,FALSE,FALSE,TRUE,FALSE,TRUE,FALSE,FALSE,FALSE,FALSE,NA,NA,1,27.4576271186441,18.3954802259887
"S241","prolific",2025-08-18 08:53:10,26.53675,"chrome 139.0.0","false","Windows 10",1280,593,"Female",33,"Bachelor",FALSE,"United States","Hispanic/Latino",3,3,4,NA,2,4,4,2,3,4,4,4,2,4,4,4,3,3,5,4,1,4,4,5,2,5,3,4,0,2,3,2,2,3,4,4,2,4,1.73035,3,"A few times per week",3,3,4,3,2,2,3,4,4,3,3,2,3,4,3,0.877183333333333,7,0,0.5,0,0.5,NA,NA,NA,NA,NA,NA,NA,NA,NA,2,1,2,1,3,3,3,3,2,2,1,1,3,3,3,3,1.56116666666667,0.827183333333333,0.225266666666667,FALSE,TRUE,FALSE,TRUE,FALSE,FALSE,TRUE,FALSE,TRUE,FALSE,FALSE,FALSE,FALSE,NA,NA,0.666666666666667,23.5593220338983,11.9745762711864
"S228","prolific",2025-08-18 05:11:59,34.40725,"chrome 138.0.0","false","Mac OS",1068,702,"Male",75,"High school",FALSE,"United States","White",4,3,4,NA,1,0,3,0,1,0,2,0,0,3,0,5,4,0,1,0,3,2,4,0,1,1,0,0,0,0,2,4,5,0,0,2,3,0,2.68755,4,"A few times per day",3,3,5,4,5,2,4,3,5,3,3,5,6,4,4,1.43276666666667,7,0,0,0,0,NA,NA,NA,NA,NA,NA,NA,NA,NA,3,3,4,3,3,3,3,2,3,3,4,4,3,3,2,4,2.0126,1.20576666666667,0.264083333333333,FALSE,FALSE,FALSE,FALSE,TRUE,FALSE,TRUE,FALSE,TRUE,TRUE,TRUE,FALSE,FALSE,NA,NA,1,23.7824858757062,35.7542372881356
"S207","prolific",2025-08-17 18:38:56,36.9854666666667,"chrome 138.0.0","false","Mac OS",1280,711,"Female",55,"Bachelor",FALSE,"United Kingdom","White",1,4,4,"no thank you",2,2,2,3,0,0,2,2,3,4,4,4,4,4,1,2,0,3,4,4,2,3,0,0,0,0,3,2,4,3,0,4,4,1,3.91081666666667,0,"Never",4,3,4,4,3,3,3,2,4,3,3,3,6,5,3,1.203,9,0,0,0,0,NA,NA,NA,NA,NA,NA,NA,NA,NA,3,3,4,4,2,3,2,3,3,3,3,3,2,2,2,2,2.03916666666667,1.71693333333333,0.37635,FALSE,FALSE,FALSE,FALSE,TRUE,FALSE,TRUE,FALSE,FALSE,TRUE,FALSE,FALSE,FALSE,NA,NA,0.833333333333333,32.2033898305085,30.6020845509449
"S209","prolific",2025-08-17 19:14:53,25.2366,"chrome 139.0.0","false","Windows 10",1920,911,"Female",28,"Bachelor",FALSE,"United Kingdom","White",3,4,4,NA,5,3,4,3,1,2,1,2,4,1,2,5,5,3,6,4,2,4,2,2,2,3,4,2,4,1,3,2,3,2,2,5,2,4,1.31883333333333,5,"Once a day",3,4,4,4,4,2,3,2,4,4,4,4,6,5,4,0.50075,6,0.5,1,0.5,1,NA,NA,NA,NA,NA,NA,NA,NA,NA,2,2,2,2,3,3,2,2,3,3,4,4,2,2,2,2,0.786733333333333,0.333016666666667,0.05885,FALSE,TRUE,TRUE,FALSE,FALSE,FALSE,TRUE,FALSE,TRUE,TRUE,FALSE,FALSE,FALSE,NA,NA,1,30.8474576271186,16.7627118644068
"S148","prolific",2025-08-15 17:00:01,45.9677333333333,"chrome 139.0.0","false","Windows 10",1920,911,"Male",55,"Bachelor",FALSE,"United Kingdom","White",3,4,4,"nope",0,0,2,3,3,4,0,5,0,5,3,5,5,2,0,0,0,3,3,1,0,1,3,1,0,3,0,1,4,0,0,4,3,3,3.69795,4,"A few times per week",6,4,6,1,6,1,3,3,6,3,6,0,6,3,6,1.37355,9,0,0,0,0,NA,NA,NA,NA,NA,NA,NA,NA,NA,4,4,4,4,3,3,3,3,4,4,4,4,4,4,4,4,2.39731666666667,0.49715,0.385266666666667,FALSE,FALSE,FALSE,TRUE,FALSE,FALSE,TRUE,FALSE,FALSE,TRUE,FALSE,FALSE,FALSE,NA,NA,0.5,17.0058556456237,8.20607054963084
"S227","prolific",2025-08-18 04:33:40,25.7381,"chrome 139.0.0","false","Windows 10",1604,775,"Female",34,"Bachelor",FALSE,"United States","White",3,2,4,NA,0,3,0,3,2,0,0,2,2,3,4,0,0,2,1,0,0,0,0,0,0,3,3,0,0,0,3,0,2,0,3,0,2,0,1.5154,3,"Once a day",4,2,4,4,5,3,5,4,5,3,4,5,6,1,5,0.853983333333333,7,0.5,0.5,0,0.5,NA,NA,NA,NA,NA,NA,NA,NA,NA,3,2,3,2,2,2,1,2,1,1,2,2,2,2,3,2,1.30656666666667,0.449966666666667,0.0966833333333333,FALSE,FALSE,FALSE,FALSE,TRUE,FALSE,TRUE,FALSE,TRUE,TRUE,FALSE,FALSE,FALSE,NA,NA,1,18.7200467562829,16.0866785608088
"S015","os",2025-07-27 09:11:10,70.7125833333333,"chrome 138.0.0","false","Windows 10",1366,633,"Female",25,"Master",FALSE,"United Kingdom","Black",1,3,3,NA,4,0,1,0,0,4,0,0,3,3,4,4,0,0,0,0,0,0,0,2,0,0,0,0,5,0,2,0,4,0,0,3,4,0,4.42508333333333,1,NA,4,4,4,2,4,3,2,3,5,3,3,3,6,3,6,3.22545,7,0.5,0,0.5,0.5,2.24516666666667,0,0,0,4,0,1,1,4,3,3,3,3,3,4,4,4,4,4,4,4,4,4,4,2,4.86873333333333,2.11121666666667,0.674783333333333,FALSE,FALSE,FALSE,TRUE,FALSE,FALSE,TRUE,TRUE,FALSE,FALSE,FALSE,FALSE,FALSE,NA,NA,NA,NA,NA
"S264","prolific",2025-08-18 11:13:59,27.7592333333333,"chrome 138.0.0","false","Mac OS",1920,876,"Male",51,"Bachelor",FALSE,"United Kingdom","White",4,3,4,NA,2,1,4,1,1,1,3,1,2,4,4,5,4,1,2,1,1,2,1,4,1,1,3,1,0,3,1,3,4,4,2,4,4,2,1.47548333333333,4,"A few times per month",3,3,3,5,5,1,3,1,2,3,2,6,6,3,4,0.833933333333333,8,0,0,0,0,NA,NA,NA,NA,NA,NA,NA,NA,NA,3,3,3,3,3,3,3,3,3,3,3,3,3,3,3,3,0.9841,0.905816666666667,0.198666666666667,FALSE,TRUE,FALSE,FALSE,FALSE,FALSE,TRUE,FALSE,TRUE,FALSE,FALSE,FALSE,FALSE,NA,NA,1,8.89441234913506,16.0902122254846
"S008","os",2025-07-23 19:24:24,98.1488333333333,"samsung 28.0.0","true","Android OS",980,1758,"Female",60,"Doctorate",NA,"Turkey","White",4,4,3,"Thank you",2,1,0,1,0,2,1,1,1,1,2,0,0,1,2,1,0,1,1,1,1,1,1,2,1,0,1,1,2,0,0,0,0,0,7.67018333333333,2,NA,2,0,1,3,2,4,4,0,1,6,0,4,2,6,0,6.34906666666667,3,0.5,0.5,0,0.5,5.9374,0,3,0,4,2,0,0,4,2,1,2,2,2,2,3,4,1,1,1,1,2,1,3,2,13.5888833333333,2.1807,2.11203333333333,FALSE,TRUE,FALSE,TRUE,FALSE,TRUE,FALSE,FALSE,TRUE,FALSE,FALSE,FALSE,FALSE,NA,NA,NA,1.80147058823529,0
"S260","prolific",2025-08-18 10:18:40,30.4137166666667,"edge-chromium 139.0.0","false","Windows 10",1912,954,"Male",56,"Master",FALSE,"United Kingdom","White",4,2,4,"Too long for the amount paid. You should adjust. Plus would like to know how many I got 'right'.",5,5,4,5,1,5,4,4,1,3,5,6,6,5,5,2,1,2,2,3,2,3,1,5,0,2,6,4,3,5,3,6,4,2,2.32775,2,"Once a day",3,4,3,3,3,2,1,2,4,0,5,3,6,3,5,1.62793333333333,2,0.5,3,3,2,NA,NA,NA,NA,NA,NA,NA,NA,NA,4,3,2,2,4,4,4,4,4,4,4,4,4,4,4,4,1.35415,0.8163,0.218933333333333,FALSE,FALSE,FALSE,TRUE,FALSE,FALSE,TRUE,FALSE,TRUE,TRUE,FALSE,FALSE,FALSE,NA,NA,0.833333333333333,5.4180790960452,11.6553672316384
"S177","prolific",2025-08-17 15:49:03,35.2379833333333,"chrome 139.0.0","false","Windows 10",1056,744,"Female",53,"Bachelor",FALSE,"United States","White",3,2,4,NA,0,1,1,0,1,0,2,1,1,2,3,2,2,0,0,2,0,1,2,0,0,1,0,1,0,1,0,2,2,0,0,2,1,2,0.97805,4,"A few times per day",2,4,2,3,3,6,3,3,3,1,2,6,6,1,4,0.462033333333333,8,0.5,0.5,0,0,NA,NA,NA,NA,NA,NA,NA,NA,NA,1,2,2,2,2,1,3,4,2,2,2,2,1,2,3,2,0.505083333333333,0.167033333333333,0.0205333333333333,FALSE,FALSE,FALSE,FALSE,TRUE,FALSE,TRUE,FALSE,FALSE,TRUE,FALSE,FALSE,FALSE,NA,NA,0.833333333333333,34.3079096045198,12.8734658094681
"S061","prolific",2025-08-15 11:12:51,33.6126333333333,"chrome 139.0.0","false","Windows 10",1233,881,"Female",51,"Bachelor",FALSE,"United States","White",4,4,4,NA,6,2,4,3,1,6,0,4,0,3,6,6,4,3,6,1,0,4,0,6,2,3,0,5,0,0,4,5,5,6,6,5,4,0,2.36203333333333,3,"A few times per week",1,2,3,4,2,3,4,3,3,5,4,0,6,6,1,1.39055,6,2,3,3,3,NA,NA,NA,NA,NA,NA,NA,NA,NA,3,3,2,3,1,1,1,2,2,1,0,0,0,1,1,1,1.87693333333333,0.87855,0.44285,FALSE,FALSE,FALSE,FALSE,TRUE,FALSE,TRUE,FALSE,TRUE,FALSE,FALSE,FALSE,FALSE,NA,NA,0.833333333333333,16.9988310929281,17.4321982630451
"S078","prolific",2025-08-15 12:34:05,36.7169,"chrome 139.0.0","false","Mac OS",1280,688,"Female",42,"Bachelor",FALSE,"United Kingdom","White",3,3,4,NA,2,1,4,0,0,3,3,3,3,1,4,4,4,0,4,1,0,0,1,1,0,2,3,1,0,0,0,3,4,3,3,3,4,4,1.7323,3,"Once a day",4,4,4,3,4,3,3,3,5,2,4,3,6,5,5,0.577116666666667,6,0.5,0.5,0.5,0.5,NA,NA,NA,NA,NA,NA,NA,NA,NA,2,3,1,3,2,0,1,0,2,2,1,0,2,1,1,0,3.7615,0.700983333333333,0.168916666666667,FALSE,FALSE,FALSE,TRUE,FALSE,FALSE,TRUE,FALSE,TRUE,FALSE,FALSE,FALSE,FALSE,NA,NA,0.666666666666667,11.3559322033898,10.1553672316384
"S188","prolific",2025-08-17 17:33:31,27.24315,"chrome 139.0.0","false","Windows 10",1280,665,"Female",27,"Bachelor",FALSE,"United Kingdom","White",2,0,4,NA,6,4,6,0,0,5,0,0,0,3,6,3,3,0,3,6,6,6,6,6,6,0,6,6,0,3,0,3,0,6,5,0,0,0,1.9885,3,"A few times per week",2,2,5,1,5,1,1,0,3,6,5,0,6,6,3,0.957483333333333,3,1,1,1,1,NA,NA,NA,NA,NA,NA,NA,NA,NA,1,1,1,1,1,1,1,1,1,1,1,1,1,1,1,1,1.70171666666667,0.435133333333333,0.306333333333333,FALSE,FALSE,FALSE,FALSE,TRUE,FALSE,TRUE,FALSE,TRUE,FALSE,FALSE,FALSE,TRUE,NA,3,0.833333333333333,32.2740599662622,20.5898185635028
"S032","prolific",2025-08-14 17:36:23,48.4355666666667,"chrome 138.0.0","false","Windows 10",1920,945,"Male",38,"Bachelor",FALSE,"United Kingdom","White",4,4,4,"good fun - thanks!",2,4,6,4,3,5,5,4,4,4,5,4,5,4,5,1,0,3,2,4,4,4,4,1,0,5,5,4,4,4,5,4,4,4,1.97185,5,"A few times per day",4,5,5,2,6,1,3,5,4,2,5,3,6,2,6,1.00831666666667,9,0.5,0.5,0.5,0.5,NA,NA,NA,NA,NA,NA,NA,NA,NA,3,3,3,3,2,3,3,3,3,3,3,3,3,3,3,3,1.40375,0.258333333333333,0.245266666666667,FALSE,FALSE,FALSE,FALSE,TRUE,FALSE,TRUE,FALSE,TRUE,TRUE,FALSE,FALSE,TRUE,NA,4,0.75,40.8812585232807,37.886392452565
"S306","prolific",2025-08-18 21:22:24,59.6038833333333,"edge-chromium 139.0.0","false","Windows 10",1358,650,"Female",30,"Master",FALSE,"United Kingdom","Black",4,3,3,NA,4,5,5,4,5,4,0,4,4,4,6,4,1,6,4,0,4,0,2,4,0,4,0,5,0,4,4,1,4,5,4,5,4,0,3.9477,4,"Once a day",3,3,5,5,5,3,2,5,5,4,5,4,6,5,5,2.6528,5,1,1,1,2,NA,NA,NA,NA,NA,NA,NA,NA,NA,4,3,3,2,2,1,4,3,4,4,4,3,4,3,3,3,2.65866666666667,2.66581666666667,0.359683333333333,FALSE,TRUE,FALSE,TRUE,TRUE,TRUE,TRUE,FALSE,TRUE,FALSE,FALSE,TRUE,TRUE,1,2,0.5,33.6085229002322,5.77009817575855
"S136","prolific",2025-08-15 16:31:05,27.2493,"firefox 141.0.0","false","Windows 10",1920,1075,"Male",54,"Bachelor",FALSE,"Ireland","White",1,3,4,"Please send results, nice study.",4,4,4,4,2,4,2,4,3,3,5,5,5,4,3,0,0,1,1,4,1,3,1,1,0,1,4,2,5,3,4,5,4,2,1.8199,2,"A few times per month",3,3,3,6,2,5,5,1,2,5,3,5,6,5,3,0.9971,6,0,0,0,0,NA,NA,NA,NA,NA,NA,NA,NA,NA,3,2,2,2,3,3,3,3,3,1,3,2,2,2,2,2,1.25246666666667,1.09076666666667,0.357066666666667,FALSE,TRUE,FALSE,TRUE,FALSE,FALSE,TRUE,FALSE,TRUE,TRUE,FALSE,FALSE,FALSE,NA,NA,0.833333333333333,20,20
"S067","prolific",2025-08-15 11:48:37,39.4341333333333,"chrome 139.0.0","false","Mac OS",1470,831,"Male",46,"High school",FALSE,"United States","White",4,2,4,NA,4,3,5,2,2,4,1,3,4,4,5,3,5,3,4,1,2,3,3,3,2,2,2,4,0,2,4,3,4,4,3,4,5,1,3.33698333333333,5,"A few times per day",4,3,6,3,6,1,4,2,4,5,4,5,6,5,5,1.66913333333333,7,0.5,0.5,0.5,0.5,NA,NA,NA,NA,NA,NA,NA,NA,NA,3,3,3,3,2,2,2,2,2,2,2,2,2,2,2,2,1.75903333333333,1.10943333333333,0.159283333333333,FALSE,FALSE,FALSE,TRUE,FALSE,FALSE,TRUE,FALSE,FALSE,FALSE,FALSE,FALSE,TRUE,NA,3,0.5,9.75423728813559,5.59390220144165
"S038","prolific",2025-08-15 08:13:26,42.3920666666667,"firefox 141.0.0","false","Windows 10",1920,967,"Male",63,"Bachelor",FALSE,"United Kingdom","White",4,3,4,"Some slight technical issues with screen size changes but not a show stopper",2,2,3,1,2,2,5,1,5,4,4,2,6,3,5,1,0,3,4,1,1,1,3,0,0,4,1,0,6,1,1,6,2,2,2.56923333333333,4,"A few times per day",4,6,4,5,5,2,4,4,4,2,4,5,6,1,6,1.60993333333333,3,1,0.5,0.5,1,NA,NA,NA,NA,NA,NA,NA,NA,NA,2,2,3,1,3,3,3,3,1,1,2,3,2,3,3,2,3.10833333333333,0.531616666666667,0.28235,FALSE,FALSE,FALSE,TRUE,FALSE,FALSE,TRUE,FALSE,FALSE,TRUE,FALSE,TRUE,FALSE,4,NA,0.666666666666667,16.3319238900634,20
"S145","prolific",2025-08-15 16:51:05,36.5464166666667,"chrome 139.0.0","false","Windows 10",1920,911,"Male",36,"High school",FALSE,"United Kingdom","White",2,4,4,"It was difficult to decide which was AI or not, AI is alot better at image Gen nowadays than a year ago!",6,3,6,4,4,6,4,2,4,6,6,6,6,6,6,1,0,0,2,4,0,3,4,0,0,5,4,0,6,3,1,6,5,4,5.32643333333333,4,"A few times per week",4,5,1,5,6,3,6,0,3,2,4,6,6,1,6,1.5682,8,0,0.5,0,0,NA,NA,NA,NA,NA,NA,NA,NA,NA,4,4,4,4,4,4,4,4,4,4,3,4,4,4,4,4,1.46565,0.832966666666667,0.326866666666667,FALSE,FALSE,FALSE,TRUE,FALSE,FALSE,TRUE,FALSE,TRUE,FALSE,FALSE,FALSE,FALSE,NA,NA,1,12.5282485875706,23.2203389830508
"S185","prolific",2025-08-17 16:50:18,48.6161333333333,"chrome 139.0.0","false","Windows 10",1707,948,"Female",50,"Bachelor",FALSE,"United States","White",3,4,4,"The second part of determining what the painting were was more difficult than I expected. ",5,4,2,5,1,6,6,5,1,5,5,6,6,5,6,4,0,5,5,5,1,4,5,1,0,4,5,1,4,5,5,6,5,5,3.60738333333333,4,"A few times per month",2,2,3,2,5,5,5,1,4,4,3,5,6,5,3,1.72695,3,0,0.5,0.5,0,NA,NA,NA,NA,NA,NA,NA,NA,NA,3,2,1,3,3,3,3,4,3,3,3,3,3,3,3,3,4.54835,0.773033333333333,0.215083333333333,FALSE,FALSE,FALSE,TRUE,FALSE,FALSE,TRUE,FALSE,TRUE,TRUE,FALSE,FALSE,FALSE,NA,NA,1,6.65877223989631,15.320843643219
"S083","prolific",2025-08-15 13:04:53,46.8588333333333,"edge-chromium 139.0.0","false","Windows 10",1358,642,"Female",61,"High school",FALSE,"United Kingdom","White",1,4,4,NA,3,3,6,6,4,4,0,4,3,6,6,6,6,6,4,0,0,0,3,1,0,5,2,0,0,4,4,4,6,4,5,6,6,5,3.14505,1,"A few times per month",6,4,6,1,6,2,3,5,5,3,3,3,6,3,3,2.04986666666667,9,0,0.5,0,0,NA,NA,NA,NA,NA,NA,NA,NA,NA,4,4,3,4,4,4,4,3,4,4,4,3,3,3,4,3,2.90375,1.64986666666667,0.61485,FALSE,FALSE,FALSE,TRUE,FALSE,FALSE,TRUE,FALSE,TRUE,FALSE,FALSE,FALSE,FALSE,NA,NA,1,10.8954124579125,4.3779625949074
"S131","prolific",2025-08-15 16:20:27,30.60785,"chrome 139.0.0","false","Windows 10",1920,911,"Male",29,"Bachelor",FALSE,"United Kingdom","White",3,4,4,"N/A",3,0,6,3,3,4,3,0,2,3,6,4,4,3,2,1,0,1,4,3,0,3,3,0,0,2,3,2,4,1,2,4,5,4,2.46025,4,"A few times per week",5,3,3,6,3,4,5,0,3,4,2,6,6,6,3,1.19105,5,0,0.5,0.5,0,NA,NA,NA,NA,NA,NA,NA,NA,NA,3,4,3,3,4,4,4,4,4,4,3,4,3,4,4,3,1.32921666666667,0.332583333333333,0.329233333333333,FALSE,TRUE,TRUE,TRUE,FALSE,FALSE,TRUE,FALSE,FALSE,FALSE,FALSE,FALSE,FALSE,NA,NA,0.666666666666667,31.1941638139768,26.6166958893435
"S016","dm",2025-07-28 13:28:47,67.7728833333333,"edge-chromium 136.0.0","false","Windows 10",1528,746,"Female",21,"High school",TRUE,"United Kingdom","South Asian",2,4,3,NA,6,6,6,5,4,6,6,6,2,4,6,6,4,4,5,5,2,6,5,5,3,5,5,6,0,0,4,6,5,4,4,5,6,0,3.79031666666667,3,NA,2,3,4,6,4,5,5,2,4,5,0,6,0,4,5,2.10081666666667,2,2,3,3,3,0.850633333333333,4,4,4,3,4,4,3,3,4,4,3,4,1,0,2,3,4,4,4,3,3,3,3,3,4.54223333333333,0.8731,0.435116666666667,FALSE,FALSE,FALSE,TRUE,FALSE,FALSE,TRUE,FALSE,TRUE,FALSE,FALSE,FALSE,FALSE,NA,NA,NA,6.84463276836158,5.06214689265537
"S290","prolific",2025-08-18 16:36:24,30.8927833333333,"safari 18.5.0","false","Mac OS",1080,707,"Female",23,"Bachelor",FALSE,"United Kingdom","White",3,3,3,NA,1,5,5,3,4,4,2,3,2,2,5,4,3,4,2,1,2,3,2,2,2,3,4,2,0,5,4,6,4,2,2,4,6,5,1.64175,2,"A few times per week",4,3,4,4,4,3,5,3,6,5,3,6,6,4,4,0.8437,5,0.5,0.5,0.5,0,NA,NA,NA,NA,NA,NA,NA,NA,NA,3,3,1,2,2,4,3,1,4,3,2,3,4,3,3,2,1.21711666666667,0.414183333333333,0.136266666666667,FALSE,TRUE,FALSE,TRUE,TRUE,TRUE,FALSE,FALSE,TRUE,TRUE,FALSE,FALSE,FALSE,NA,NA,1,23.9967532467532,6
"S040","prolific",2025-08-15 08:59:52,58.5736333333333,"chrome 139.0.0","false","Mac OS",1440,812,"Male",33,"Master",FALSE,"United States","Hispanic/Latino",4,3,4,"
The newest image generation models can indeed produce outputs that are indistinguishable from human forgery (not sure about originals yet). I tried to take a page off Benjamin's book and focus on the paintings' 'aura', but I'm afraid this didn't help me much. Look forward to seeing how I did.

As a feedback, I would suggest you include at least one more break during the evaluation session, as my neck feels really stiff now! That's the only reason why I deducted one star from my review, other than that, the experience was quite enjoyable.




",3,4,5,4,2,4,1,3,5,4,2,6,6,4,3,1,1,3,2,2,1,3,4,1,0,1,3,1,2,3,2,4,4,2,3.05618333333333,4,"A few times per day",2,3,5,3,6,2,2,3,5,6,3,2,6,6,5,1.3127,8,0,0.5,0,0.5,NA,NA,NA,NA,NA,NA,NA,NA,NA,3,3,1,3,3,3,3,3,3,2,2,3,3,3,3,3,4.50193333333333,1.96193333333333,0.3022,FALSE,FALSE,FALSE,TRUE,FALSE,FALSE,TRUE,FALSE,TRUE,TRUE,TRUE,FALSE,FALSE,NA,NA,1,38.3986708482676,38.0800248138958
"S114","prolific",2025-08-15 15:35:12,42.74995,"chrome 139.0.0","false","Windows 10",1536,695,"Male",70,"High school",FALSE,"United Kingdom","White",4,3,4,NA,4,2,5,4,0,5,4,5,6,5,5,6,6,4,5,1,0,4,5,1,1,3,4,1,0,0,3,4,4,3,3,6,5,0,3.46276666666667,4,"A few times per month",5,5,5,3,5,2,2,4,4,6,5,6,6,6,5,1.71291666666667,9,0,0,0,0,NA,NA,NA,NA,NA,NA,NA,NA,NA,3,2,2,3,2,2,3,3,2,3,1,2,2,3,2,3,2.67676666666667,1.2065,0.518183333333333,FALSE,FALSE,FALSE,FALSE,TRUE,FALSE,TRUE,FALSE,FALSE,TRUE,FALSE,FALSE,FALSE,NA,NA,0.833333333333333,17.8591466978375,12.2026988130759
"S166","prolific",2025-08-17 12:47:51,22.22245,"chrome 139.0.0","false","Mac OS",1440,700,"Male",38,"Master",TRUE,"United States","White",1,2,3,"no",2,1,0,1,1,1,0,0,1,3,5,0,1,0,2,0,0,0,0,1,0,1,1,0,0,0,2,0,5,3,0,0,2,0,1.35616666666667,2,"A few times per week",3,4,6,3,4,4,5,4,4,1,4,4,6,1,5,0.607983333333333,9,0,0,0,0,NA,NA,NA,NA,NA,NA,NA,NA,NA,1,1,1,1,1,1,1,2,1,1,2,1,2,1,2,2,0.725783333333333,0.198083333333333,0.125233333333333,FALSE,FALSE,FALSE,FALSE,TRUE,FALSE,TRUE,FALSE,TRUE,FALSE,FALSE,FALSE,FALSE,NA,NA,0.5,14.6242937853107,15.635593220339
"S302","prolific",2025-08-18 17:21:36,31.4367666666667,"chrome 139.0.0","false","Windows 10",1536,730,"Female",66,"Master",FALSE,"Australia",NA,4,4,4,NA,6,4,4,5,2,5,4,4,4,3,6,5,5,5,6,3,1,5,3,6,3,4,2,5,0,2,6,5,5,4,4,5,5,1,2.39348333333333,2,"Never",4,3,5,4,5,3,3,2,4,5,5,4,6,6,4,1.331,7,0,0.5,0,0,NA,NA,NA,NA,NA,NA,NA,NA,NA,3,2,3,4,3,2,2,2,4,3,3,4,3,3,3,2,1.63128333333333,0.866216666666667,0.315533333333333,FALSE,TRUE,FALSE,TRUE,FALSE,TRUE,FALSE,FALSE,TRUE,FALSE,FALSE,FALSE,FALSE,NA,NA,1,26.4943502824859,2.35310734463277
"S126","prolific",2025-08-15 16:08:38,33.8821,"chrome 138.0.0","false","Windows 10",1920,945,"Male",37,"Bachelor",FALSE,"United Kingdom","South Asian",1,2,3,NA,1,3,4,3,2,2,4,1,3,4,5,3,4,3,2,1,3,0,3,1,0,2,3,4,0,1,2,1,4,1,0,3,4,1,2.54071666666667,3,"A few times per day",4,5,5,4,4,2,2,4,3,1,3,5,6,1,5,1.22036666666667,6,1,1,0.5,0.5,NA,NA,NA,NA,NA,NA,NA,NA,NA,3,3,1,1,2,1,1,2,1,0,1,3,2,1,2,2,2.00093333333333,0.6684,0.132066666666667,FALSE,FALSE,TRUE,FALSE,FALSE,FALSE,TRUE,FALSE,FALSE,TRUE,FALSE,FALSE,FALSE,NA,NA,0.5,10.4354178842782,7.67124488603156
"S285","prolific",2025-08-18 15:11:41,34.6687,"chrome 138.0.0","false","Windows 10",1536,730,"Male",49,"Bachelor",FALSE,"United Kingdom","White",2,4,4,NA,3,1,3,1,0,4,3,1,2,5,2,6,6,1,5,2,0,3,4,1,0,0,5,1,0,0,2,3,5,1,2,6,3,2,2.45726666666667,3,"A few times per week",2,3,5,4,5,4,4,1,2,3,4,5,6,4,3,1.27665,4,0,1,0,0,NA,NA,NA,NA,NA,NA,NA,NA,NA,2,3,3,1,2,3,2,3,1,1,0,2,3,3,1,1,2.22431666666667,1.19308333333333,0.191683333333333,FALSE,FALSE,FALSE,FALSE,TRUE,FALSE,TRUE,FALSE,TRUE,FALSE,FALSE,FALSE,FALSE,NA,NA,0.833333333333333,25.6306253652835,1.37931034482759
"S156","prolific",2025-08-15 17:28:32,29.9717666666667,"chrome 138.0.0","false","Mac OS",1786,995,"Female",55,"Bachelor",FALSE,"United Kingdom","White",4,3,4,NA,3,2,5,5,2,6,4,5,4,4,6,6,6,5,4,2,0,4,6,3,0,1,6,1,0,5,6,6,3,5,1,6,6,0,2.18271666666667,5,"A few times per day",4,2,5,4,6,2,3,5,6,5,6,5,6,6,2,1.0529,6,1,2,2,2,NA,NA,NA,NA,NA,NA,NA,NA,NA,3,3,3,3,3,3,4,4,3,2,2,4,3,3,3,3,1.96748333333333,1.35088333333333,0.2828,FALSE,FALSE,FALSE,TRUE,TRUE,FALSE,TRUE,FALSE,TRUE,TRUE,FALSE,FALSE,TRUE,NA,1,1,10.2256751757307,15.6967962156641
"S203","prolific",2025-08-17 18:28:41,33.4026333333333,"chrome 139.0.0","false","Windows 10",1280,593,"Male",20,"Bachelor",TRUE,"United Kingdom","Mixed",2,4,4,NA,5,4,5,3,4,5,5,3,3,5,4,4,5,5,5,3,0,5,5,3,1,2,5,3,0,0,5,4,5,4,4,4,5,3,2.89396666666667,5,"A few times per week",5,3,6,1,6,3,2,5,6,3,5,3,6,5,5,1.20246666666667,6,0,0.5,0.5,0.5,NA,NA,NA,NA,NA,NA,NA,NA,NA,3,4,3,4,4,4,4,4,4,4,4,4,4,4,4,4,1.27795,0.749016666666667,0.293383333333333,TRUE,FALSE,FALSE,TRUE,FALSE,FALSE,TRUE,FALSE,TRUE,FALSE,FALSE,FALSE,FALSE,NA,NA,1,2.35593220338983,3.0088450495508
"S119","prolific",2025-08-15 15:45:30,30.51605,"chrome 139.0.0","false","Mac OS",1440,778,"Male",42,"Bachelor",FALSE,"United Kingdom","Southeast Asian",2,2,4,NA,5,6,5,4,4,5,3,6,4,4,6,4,5,4,5,1,4,3,2,5,4,6,2,4,0,4,5,4,4,6,6,6,5,3,1.82813333333333,4,"A few times per day",4,4,2,6,5,4,6,4,5,3,2,4,6,4,4,1.03105,7,0,0.5,0,0,NA,NA,NA,NA,NA,NA,NA,NA,NA,2,2,3,2,2,2,2,2,2,2,2,2,2,2,2,2,1.56141666666667,0.891716666666667,0.392116666666667,FALSE,TRUE,FALSE,TRUE,FALSE,TRUE,FALSE,FALSE,TRUE,FALSE,FALSE,FALSE,FALSE,NA,NA,1,15.2542372881356,19.9689265536723
"S093","prolific",2025-08-15 13:38:43,34.8419,"chrome 139.0.0","false","Windows 10",1536,730,"Female",33,"High school",FALSE,"United Kingdom","White",2,4,4,NA,5,0,5,0,1,6,0,0,3,4,6,6,6,3,4,0,0,4,4,2,0,0,2,3,0,3,4,1,5,3,0,6,4,4,2.97113333333333,4,"A few times per day",6,4,6,4,6,2,4,3,6,5,4,5,6,4,5,1.88806666666667,7,1,0.5,1,0.5,NA,NA,NA,NA,NA,NA,NA,NA,NA,3,3,2,1,3,3,3,3,2,1,2,2,2,2,2,1,1.685,0.580483333333333,0.05575,FALSE,TRUE,TRUE,FALSE,FALSE,TRUE,FALSE,FALSE,TRUE,FALSE,FALSE,FALSE,FALSE,NA,NA,0.5,10.3660522843477,12.657224418094
"S090","prolific",2025-08-15 13:34:20,38.1402333333333,"firefox 141.0.0","false","Windows 10",1920,947,"Female",63,"Bachelor",FALSE,"United Kingdom","White",3,3,3,"No",3,2,3,4,3,4,4,2,3,3,4,5,4,5,4,0,0,1,3,2,1,2,1,1,0,3,4,1,3,2,2,3,4,3,2.29381666666667,4,"Once a day",5,5,4,4,5,2,4,4,3,5,5,5,6,5,6,1.46543333333333,7,0,0.5,0.5,0.5,NA,NA,NA,NA,NA,NA,NA,NA,NA,3,3,2,2,3,1,1,1,2,2,2,2,3,3,3,2,3.06481666666667,2.07911666666667,0.7901,FALSE,TRUE,FALSE,TRUE,FALSE,FALSE,TRUE,FALSE,TRUE,FALSE,FALSE,FALSE,FALSE,NA,NA,1,20,20
"S257","prolific",2025-08-18 10:14:21,39.0050833333333,"chrome 139.0.0","false","Windows 10",1920,911,"Male",32,"Bachelor",FALSE,"United Kingdom","South Asian",0,4,4,"Enjoyed this experiment, got me thinking about art properly.",3,3,6,0,5,0,0,0,0,0,5,4,3,0,0,0,0,0,5,0,0,0,1,3,0,4,4,0,0,0,0,3,4,4,2.16165,4,"Once a day",4,6,6,6,4,2,5,5,6,3,3,6,6,5,4,0.910883333333333,5,3,0.5,0.5,3,NA,NA,NA,NA,NA,NA,NA,NA,NA,3,3,2,4,3,1,1,4,4,4,4,4,3,4,4,3,1.6267,1.13125,0.5197,FALSE,FALSE,TRUE,FALSE,FALSE,TRUE,FALSE,FALSE,FALSE,FALSE,FALSE,TRUE,FALSE,3,NA,0.666666666666667,55.8699590882525,22.8531073446328
"S113","prolific",2025-08-15 15:33:25,31.8272166666667,"ios 18.6.0","true","iOS",737,1231,"Female",54,"High school",FALSE,"United Kingdom","White",3,4,4,NA,5,6,0,4,1,6,4,6,4,5,5,5,4,3,5,3,3,6,6,4,3,2,5,5,0,4,4,5,6,5,5,5,4,3,1.95845,1,"A few times per month",4,4,5,3,5,1,4,5,5,3,5,4,6,5,4,1.26196666666667,5,1,0,0,0,NA,NA,NA,NA,NA,NA,NA,NA,NA,2,2,2,3,2,1,2,2,2,2,2,2,3,2,2,2,1.76228333333333,0.696,0.3576,FALSE,FALSE,FALSE,FALSE,TRUE,FALSE,TRUE,FALSE,FALSE,TRUE,FALSE,FALSE,FALSE,NA,NA,0.666666666666667,3.06838106370544,0.344827586206897
"S051","prolific",2025-08-15 10:18:07,36.07505,"chrome 138.0.0","false","Chrome OS",1366,633,"Female",49,"High school",FALSE,"United Kingdom","White",4,4,4,NA,2,1,6,1,0,5,0,5,4,4,6,6,6,6,4,0,0,5,4,0,0,2,0,3,0,6,1,0,3,4,1,6,6,0,2.20603333333333,2,"A few times per month",5,3,2,2,4,5,6,0,4,2,6,6,6,4,4,1.2587,8,0,1,0,0.5,NA,NA,NA,NA,NA,NA,NA,NA,NA,3,3,2,3,3,2,2,3,3,4,3,4,2,2,2,3,2.63471666666667,1.2562,0.63305,FALSE,FALSE,FALSE,FALSE,TRUE,FALSE,TRUE,FALSE,TRUE,FALSE,FALSE,FALSE,FALSE,NA,NA,1,19.9310863273712,8.13076209850403
"S178","prolific",2025-08-17 15:50:18,61.4950333333333,"chrome 138.0.0","false","Mac OS",1280,678,"Male",31,"Bachelor",FALSE,"United States","White",4,4,4,NA,3,4,4,2,3,4,1,3,3,4,5,5,5,3,3,0,2,2,1,4,1,5,1,1,0,4,4,1,5,4,5,4,5,4,1.30081666666667,4,"Once a day",5,5,4,5,5,4,6,3,3,1,2,3,6,1,6,0.694866666666667,8,0,0,0,0,NA,NA,NA,NA,NA,NA,NA,NA,NA,1,1,1,2,3,3,3,3,1,2,2,4,1,3,3,2,0.8814,0.232233333333333,0.102683333333333,FALSE,TRUE,FALSE,TRUE,FALSE,FALSE,TRUE,FALSE,TRUE,FALSE,FALSE,TRUE,FALSE,3,NA,1,20.245205493666,17.3944705927228
"S080","prolific",2025-08-15 13:00:44,32.2053666666667,"chrome 139.0.0","false","Windows 10",1920,1077,"Female",33,"Bachelor",FALSE,"United States","White",4,4,4,"n/a",3,3,4,5,1,4,2,5,4,5,5,6,5,5,5,0,0,0,3,6,0,5,1,0,0,0,5,1,4,6,4,1,4,0,1.62285,5,"A few times per day",4,6,5,3,6,2,2,6,6,1,4,3,6,1,6,1.0562,10,0,0.5,0.5,0,NA,NA,NA,NA,NA,NA,NA,NA,NA,3,3,2,1,4,3,4,2,1,2,2,1,2,3,1,2,1.95935,0.0705166666666667,0.1681,FALSE,FALSE,FALSE,TRUE,TRUE,FALSE,TRUE,FALSE,TRUE,TRUE,TRUE,FALSE,FALSE,NA,NA,0.666666666666667,49.4007403078122,20.5028248587571
"S341","prolific",2025-08-28 11:59:22,26.7119,"chrome 139.0.0","false","Windows 10",1920,911,"Female",57,"High school",FALSE,"United States","White",1,0,4,NA,0,0,2,1,0,2,2,0,0,3,5,3,3,1,0,0,1,3,4,1,1,1,4,2,0,0,3,2,2,0,0,4,1,0,1.96398333333333,0,"Never",5,1,4,4,4,3,0,3,3,6,3,3,6,6,1,1.05016666666667,6,0,0,0,0,NA,NA,NA,NA,NA,NA,NA,NA,NA,3,1,2,3,3,0,3,3,0,3,2,0,0,1,1,1,2.01323333333333,0.514316666666667,0.18225,FALSE,FALSE,FALSE,FALSE,TRUE,FALSE,TRUE,FALSE,TRUE,FALSE,FALSE,FALSE,FALSE,NA,NA,0.833333333333333,4.81704885343968,3.25007433838834
"S353","prolific",2025-08-28 17:57:29,48.14115,"chrome 138.0.0","false","Chrome OS",1366,599,"Male",43,"High school",FALSE,"United Kingdom","White",4,4,4,NA,5,3,4,4,6,5,0,3,4,4,6,6,6,5,6,1,1,5,0,3,2,1,1,4,0,6,5,5,6,3,1,6,1,6,3.64776666666667,4,"Once a day",3,6,6,3,6,4,4,4,5,4,5,2,6,0,6,1.65728333333333,9,0,0.5,0,0,NA,NA,NA,NA,NA,NA,NA,NA,NA,3,1,0,2,3,3,3,3,4,4,4,4,2,2,2,1,2.53783333333333,0.948083333333333,0.2516,FALSE,TRUE,FALSE,TRUE,FALSE,FALSE,TRUE,FALSE,TRUE,FALSE,FALSE,FALSE,FALSE,NA,NA,1,27.6140577039464,9.5964597609521
"S202","prolific",2025-08-17 18:28:02,29.2018,"chrome 139.0.0","true","Android OS",980,1824,"Male",36,"Bachelor",FALSE,"United Kingdom","White",4,3,4,NA,1,1,4,1,4,1,3,1,4,5,4,4,5,1,2,2,0,2,3,2,2,3,3,2,0,1,1,3,4,1,1,4,4,2,2.138,5,"A few times per week",4,5,2,5,4,4,1,3,4,1,2,5,6,1,5,1.10035,4,1,0.5,1,2,NA,NA,NA,NA,NA,NA,NA,NA,NA,2,3,2,1,3,2,3,1,3,3,3,3,2,2,2,1,1.45375,0.9011,0.239,FALSE,TRUE,FALSE,TRUE,FALSE,TRUE,FALSE,FALSE,TRUE,FALSE,FALSE,FALSE,FALSE,NA,NA,1,3.79120879120879,3.22411798727588
"S084","prolific",2025-08-15 13:06:01,40.7470666666667,"ios 18.6.0","true","iOS",980,1693,"Female",35,"Bachelor",FALSE,"United Kingdom","White",3,4,4,"Thank you ",5,6,5,6,0,6,6,5,5,6,5,6,6,6,6,6,2,6,6,4,0,6,6,4,0,0,6,5,5,4,4,6,4,4,2.20476666666667,4,"A few times per month",0,3,5,6,4,5,4,0,5,6,6,6,6,6,2,1.41905,8,0,0.5,0.5,0,NA,NA,NA,NA,NA,NA,NA,NA,NA,2,2,2,3,4,4,4,4,3,3,1,3,4,4,4,4,1.65075,0.780816666666667,0.32985,FALSE,TRUE,TRUE,FALSE,FALSE,FALSE,TRUE,FALSE,TRUE,TRUE,FALSE,FALSE,FALSE,NA,NA,0.833333333333333,1.20689655172414,0.172413793103448
"S356","prolific",2025-08-28 20:16:35,34.2975666666667,"chrome 138.0.0","false","Mac OS",1440,812,"Male",27,"Bachelor",TRUE,"United Kingdom","White",3,4,4,"This was a good study, I enjoyed it.",5,2,5,2,1,3,1,3,2,3,3,2,3,3,5,1,4,4,4,2,1,2,1,4,0,4,2,1,4,3,2,5,4,3,1.74776666666667,3,"Once a day",3,5,5,4,5,2,5,3,3,5,3,6,6,5,5,0.8913,6,0,0.5,0,0,NA,NA,NA,NA,NA,NA,NA,NA,NA,3,3,2,3,3,2,2,2,4,4,2,3,2,2,2,3,1.37496666666667,1.17568333333333,0.265066666666667,FALSE,TRUE,TRUE,FALSE,FALSE,FALSE,TRUE,FALSE,TRUE,FALSE,FALSE,FALSE,FALSE,NA,NA,1,19.7372881355932,11.5395480225989
"S187","prolific",2025-08-17 17:32:27,43.8900333333333,"chrome 139.0.0","false","Windows 10",750,615,"Male",60,"Doctorate",NA,"United Kingdom","White",3,4,4,NA,2,2,5,2,0,4,4,2,4,5,5,4,3,2,4,0,0,1,5,2,0,3,5,0,0,3,3,0,3,2,1,3,5,2,3.14206666666667,4,"A few times per day",4,6,4,4,6,2,2,3,2,1,5,3,6,2,6,2.39726666666667,7,0,0,0,0,NA,NA,NA,NA,NA,NA,NA,NA,NA,2,3,2,3,3,3,2,2,2,2,2,3,2,3,3,2,3.70381666666667,1.53165,0.894983333333333,FALSE,FALSE,FALSE,FALSE,TRUE,FALSE,TRUE,FALSE,FALSE,TRUE,FALSE,FALSE,FALSE,NA,NA,0.5,23.5217221897526,5.05649717514124
"S232","prolific",2025-08-18 08:12:09,44.56385,"chrome 139.0.0","false","Windows 10",1600,747,"Male",53,"Doctorate",NA,"United States","White",4,4,4,"Nothing in particular.  But very interesting and thoughtful study.",6,2,3,5,3,5,6,5,4,5,6,6,6,6,6,4,5,4,0,3,1,5,6,1,0,1,6,4,5,4,2,6,3,5,3.03298333333333,5,"A few times per day",6,5,6,0,6,4,3,6,5,1,6,0,6,2,6,1.54135,8,0,1,0.5,0.5,NA,NA,NA,NA,NA,NA,NA,NA,NA,4,3,3,4,4,4,1,4,4,4,3,4,4,3,3,4,2.76823333333333,1.82095,0.5018,FALSE,FALSE,FALSE,FALSE,TRUE,FALSE,TRUE,FALSE,TRUE,TRUE,FALSE,FALSE,FALSE,NA,NA,0.666666666666667,21.9322137058674,11.65
"S195","prolific",2025-08-17 17:53:14,44.4850833333333,"chrome 139.0.0","false","Windows 10",1920,911,"Female",41,"High school",FALSE,"United Kingdom","White",3,4,4,NA,4,6,4,6,6,6,5,6,2,4,6,6,6,6,6,6,6,2,6,6,6,6,0,6,0,3,6,4,4,6,5,6,6,6,2.15138333333333,1,"A few times per month",2,1,3,5,2,3,5,4,1,4,3,6,6,6,0,1.94003333333333,2,3,3,3,3,NA,NA,NA,NA,NA,NA,NA,NA,NA,1,1,1,1,2,2,2,3,1,2,3,3,0,2,3,3,1.33266666666667,0.381016666666667,0.0448333333333333,FALSE,TRUE,FALSE,FALSE,FALSE,TRUE,FALSE,FALSE,TRUE,TRUE,FALSE,FALSE,TRUE,NA,3,0.833333333333333,10.2781301385953,7.90039934225981
"S088","prolific",2025-08-15 13:17:07,29.6871166666667,"edge-chromium 139.0.0","false","Windows 10",1592,744,"Male",33,"High school",FALSE,"United Kingdom","White",2,4,4,NA,3,1,2,2,4,2,5,2,3,4,4,2,2,2,1,0,0,1,4,0,2,2,2,0,0,0,1,1,3,2,0,2,0,0,2.21023333333333,3,"A few times per week",2,3,5,3,5,1,3,4,5,6,4,3,6,5,5,0.94245,7,1,1,1,1,NA,NA,NA,NA,NA,NA,NA,NA,NA,2,2,2,2,2,2,1,2,2,1,1,2,2,3,2,3,1.40293333333333,1.4308,0.26745,FALSE,FALSE,FALSE,TRUE,FALSE,FALSE,TRUE,FALSE,FALSE,TRUE,FALSE,FALSE,FALSE,NA,NA,1,25.228813559322,41.1915059419443
"S315","prolific",2025-08-26 10:38:57,38.7231166666667,"chrome 139.0.0","false","Windows 10",1536,703,"Male",42,"Bachelor",FALSE,"United States","White",1,4,4,"no comments",5,3,5,5,4,5,3,3,3,4,4,2,6,5,6,1,1,3,5,4,2,4,1,2,0,5,4,5,4,4,3,6,4,3,2.04736666666667,2,"A few times per month",2,3,5,5,4,4,4,4,3,4,2,4,6,5,4,1.07028333333333,0,2,2,3,3,NA,NA,NA,NA,NA,NA,NA,NA,NA,3,2,1,1,2,3,3,2,2,2,3,1,2,2,2,3,2.14573333333333,1.01425,0.541683333333333,FALSE,FALSE,FALSE,FALSE,TRUE,FALSE,TRUE,FALSE,TRUE,FALSE,FALSE,FALSE,FALSE,NA,NA,1,14.5721800116891,10.1666666666667
"S041","prolific",2025-08-15 09:14:00,30.2007666666667,"chrome 109.0.0","false","Windows 10",1366,657,"Female",33,"High school",FALSE,"United Kingdom","White",2,3,4,NA,2,1,4,2,1,4,4,3,2,2,4,6,6,3,4,4,0,5,5,3,2,1,4,4,0,3,4,4,3,3,2,4,3,2,1.90833333333333,4,"A few times per week",5,4,6,5,4,2,2,5,5,2,3,3,6,2,5,0.966316666666667,4,2,0.5,1,1,NA,NA,NA,NA,NA,NA,NA,NA,NA,3,1,0,3,2,2,2,2,4,1,2,2,2,2,1,1,1.54503333333333,0.650383333333333,0.213316666666667,FALSE,FALSE,FALSE,TRUE,FALSE,FALSE,TRUE,FALSE,FALSE,TRUE,FALSE,FALSE,FALSE,NA,NA,0.833333333333333,42.477649028982,18.2173243659347
"S347","prolific",2025-08-28 12:50:10,30.3289833333333,"chrome 139.0.0","false","Mac OS",1680,962,"Female",44,"Bachelor",FALSE,"United Kingdom","White",1,4,4,"Some of the questions were very personal!",2,4,2,4,6,1,6,4,0,1,5,6,4,4,6,0,5,5,4,5,5,0,4,2,0,4,4,6,1,4,2,4,3,4,2.36153333333333,2,"A few times per month",0,2,4,5,4,3,5,1,2,5,2,6,6,6,5,1.09335,5,1,2,1,1,NA,NA,NA,NA,NA,NA,NA,NA,NA,2,3,3,3,3,3,3,3,4,3,3,3,2,2,2,2,1.65166666666667,0.90395,0.24745,FALSE,FALSE,FALSE,FALSE,TRUE,FALSE,TRUE,FALSE,FALSE,TRUE,TRUE,FALSE,FALSE,NA,NA,1,7.79378531073446,10.4745762711864
"S286","prolific",2025-08-18 15:22:30,52.5194833333333,"chrome 138.0.0","false","Windows 10",1259,598,"Female",37,"High school",TRUE,"United States","White",3,4,4,"I found this to be a very interesting survey.",6,5,3,6,6,5,3,5,5,0,6,1,2,6,6,1,5,4,1,5,5,5,3,5,0,0,6,5,3,5,5,5,3,5,10.3378333333333,4,"A few times per week",4,4,4,4,5,3,2,5,5,1,3,5,6,3,4,2.23745,0,3,3,3,3,NA,NA,NA,NA,NA,NA,NA,NA,NA,1,2,0,2,2,2,2,1,1,1,1,1,3,3,2,2,1.95348333333333,0.665683333333333,1.78963333333333,TRUE,FALSE,FALSE,TRUE,FALSE,FALSE,TRUE,FALSE,FALSE,FALSE,FALSE,FALSE,TRUE,NA,3,0.5,5.10526315789474,4.40128205128205
"S312","prolific",2025-08-26 07:42:20,37.3016833333333,"chrome 138.0.0","false","Chrome OS",1920,945,"Female",35,"Master",FALSE,"United States","White",4,2,4,"just a little long ",5,2,2,1,4,4,4,4,1,2,5,6,6,2,6,4,4,4,4,5,5,1,5,6,0,5,4,2,2,5,5,4,2,3,2.42543333333333,2,"Never",2,5,5,3,5,3,3,5,5,5,4,3,6,3,3,2.77523333333333,7,1,1,1,1,NA,NA,NA,NA,NA,NA,NA,NA,NA,3,3,3,3,2,3,3,2,3,3,3,3,2,2,2,3,2.23566666666667,0.842733333333333,1.41103333333333,FALSE,FALSE,FALSE,FALSE,TRUE,FALSE,TRUE,FALSE,TRUE,TRUE,FALSE,FALSE,FALSE,NA,NA,0.5,0,21.661915459986
"S070","prolific",2025-08-15 12:14:05,35.9841666666667,"chrome 138.0.0","false","Mac OS",1920,1113,"Male",42,"Bachelor",FALSE,"United Kingdom","White",3,3,4,"Interesting survey, best of luck with your research!",1,2,4,2,0,5,1,1,4,3,5,3,3,2,1,0,2,3,4,2,2,1,0,3,0,2,2,0,2,2,3,2,3,0,2.706,5,"A few times per day",4,5,4,5,5,4,4,5,4,4,2,3,6,3,5,1.15338333333333,3,2,1,2,2,NA,NA,NA,NA,NA,NA,NA,NA,NA,3,3,2,4,2,1,2,3,2,1,1,3,4,4,2,2,2.8607,1.39748333333333,0.8929,FALSE,FALSE,FALSE,TRUE,FALSE,TRUE,FALSE,FALSE,FALSE,TRUE,FALSE,FALSE,FALSE,NA,NA,0.666666666666667,4.23728813559322,19.2118644067797
"S318","prolific",2025-08-26 15:38:25,25.5610333333333,"edge-chromium 139.0.0","false","Windows 10",1241,556,"Female",58,"Bachelor",FALSE,"United Kingdom","White",0,4,4,NA,5,5,6,5,1,5,1,4,0,6,6,6,3,5,5,0,0,1,5,6,0,5,1,6,0,5,4,2,6,4,5,5,6,4,1.50043333333333,2,"A few times per day",2,6,4,6,3,4,5,4,5,1,2,2,6,4,6,0.85965,7,0.5,1,0.5,1,NA,NA,NA,NA,NA,NA,NA,NA,NA,3,3,2,3,3,3,3,3,3,3,3,3,3,4,2,3,1.4805,0.872583333333333,0.597416666666667,FALSE,TRUE,TRUE,FALSE,FALSE,FALSE,TRUE,FALSE,TRUE,TRUE,FALSE,FALSE,FALSE,NA,NA,1,1.66949152542373,2.21507890122735
"S245","prolific",2025-08-18 09:34:03,35.9111166666667,"chrome 93.0.4577","false","Chrome OS",1920,961,"Male",31,"Master",FALSE,"United Kingdom","White",3,4,4,"Absolutely brilliant study, thank you for the opportunity.",0,6,6,6,6,6,3,5,4,6,6,6,6,6,2,0,0,0,6,3,2,6,2,6,0,6,6,2,6,6,5,4,6,6,2.23495,4,"A few times per week",5,6,5,5,6,6,4,0,2,6,5,0,6,6,6,1.82686666666667,7,0,0,0,0,NA,NA,NA,NA,NA,NA,NA,NA,NA,2,0,0,1,2,2,2,2,2,1,1,1,2,2,2,2,1.90235,0.714733333333333,0.213916666666667,TRUE,FALSE,TRUE,FALSE,FALSE,FALSE,TRUE,FALSE,TRUE,FALSE,FALSE,FALSE,FALSE,NA,NA,1,29.8575498575499,19.6153846153846
"S235","prolific",2025-08-18 08:24:12,41.9411333333333,"chrome 139.0.0","false","Windows 10",1280,598,"Female",54,"Bachelor",TRUE,"United Kingdom","White",4,4,4,NA,3,3,5,4,2,4,2,4,4,4,4,5,5,4,1,0,3,3,2,5,3,4,3,4,0,4,3,1,5,4,3,5,5,2,2.70823333333333,3,"A few times per month",4,4,5,3,5,4,4,2,5,3,5,4,6,4,5,1.47641666666667,7,0,2,0,1,NA,NA,NA,NA,NA,NA,NA,NA,NA,2,2,2,3,2,2,3,3,3,2,3,3,2,2,3,3,2.81236666666667,0.90605,0.300933333333333,TRUE,FALSE,TRUE,FALSE,FALSE,FALSE,TRUE,FALSE,TRUE,TRUE,FALSE,FALSE,FALSE,NA,NA,0.833333333333333,32.9249281184765,13.2791520756637
"S179","prolific",2025-08-17 15:58:17,45.11805,"chrome 138.0.0","false","Windows 10",1536,730,"Female",21,"Bachelor",FALSE,"United States","White",2,4,4,"no",4,1,5,2,0,3,4,3,4,4,5,5,5,5,4,3,0,4,4,3,2,0,5,1,0,0,5,1,5,2,2,5,6,0,4.26583333333333,4,"Once a day",5,5,5,1,5,1,1,4,5,1,6,3,6,2,5,2.32111666666667,9,0,0,0.5,0,NA,NA,NA,NA,NA,NA,NA,NA,NA,4,2,4,3,3,3,3,3,3,2,2,3,2,2,2,1,3.92455,3.57446666666667,1.33646666666667,FALSE,FALSE,FALSE,TRUE,FALSE,FALSE,TRUE,FALSE,FALSE,FALSE,TRUE,FALSE,FALSE,NA,NA,0.833333333333333,14.9323777005342,8.34701159678858
"S316","prolific",2025-08-26 10:45:28,30.1551,"chrome 139.0.0","false","Mac OS",1512,823,"Female",36,"Master",FALSE,"United States","White",3,2,4,NA,4,2,0,0,3,6,6,1,0,5,5,6,6,0,6,0,0,1,4,0,1,0,6,1,0,2,0,0,4,1,1,6,2,3,1.97761666666667,3,"A few times per week",5,4,6,3,4,1,2,5,4,3,4,3,6,6,4,1.95696666666667,8,0,0.5,0.5,0.5,NA,NA,NA,NA,NA,NA,NA,NA,NA,0,0,0,0,0,0,0,0,0,0,0,0,0,0,0,0,1.55485,0.422283333333333,0.180666666666667,FALSE,FALSE,TRUE,FALSE,FALSE,FALSE,TRUE,FALSE,TRUE,TRUE,FALSE,FALSE,FALSE,NA,NA,1,17.8579777907656,0.169491525423729
"S294","prolific",2025-08-18 16:40:19,44.6244666666667,"chrome 139.0.0","false","Windows 10",1536,695,"Male",33,"Master",TRUE,"United Kingdom","Black",5,3,3,"Thank you for the invite, ",4,4,1,5,3,3,5,3,6,3,4,3,4,4,3,4,5,5,5,3,5,2,3,3,4,1,4,5,3,4,3,3,3,5,2.0245,5,"Once a day",5,5,5,5,5,5,5,5,5,1,6,6,6,3,6,0.871533333333333,10,0,0,0,0,NA,NA,NA,NA,NA,NA,NA,NA,NA,2,2,2,3,3,3,3,3,2,2,2,2,3,3,3,3,1.03066666666667,0.734433333333333,0.1808,TRUE,FALSE,FALSE,FALSE,FALSE,TRUE,FALSE,FALSE,TRUE,TRUE,FALSE,FALSE,FALSE,NA,NA,0.5,39.5490661241449,6.28412784703405
"S271","prolific",2025-08-18 13:11:58,29.0037166666667,"chrome 128.0.0","false","Mac OS",1280,623,"Female",32,"Master",FALSE,"United Kingdom","White",4,4,4,NA,3,2,5,1,4,4,4,1,3,4,5,5,5,1,5,1,1,5,1,2,3,2,1,4,0,4,1,5,4,1,2,5,5,3,1.84526666666667,4,"A few times per week",6,5,5,6,5,2,3,4,4,2,2,4,6,3,5,1.14891666666667,8,0.5,1,0.5,2,NA,NA,NA,NA,NA,NA,NA,NA,NA,1,2,1,3,3,1,2,1,2,1,1,2,1,1,1,2,2.23021666666667,0.891183333333333,0.4336,FALSE,FALSE,FALSE,TRUE,FALSE,FALSE,FALSE,FALSE,TRUE,FALSE,FALSE,FALSE,FALSE,NA,NA,1,21.3191994583425,19.534189758766
"S057","prolific",2025-08-15 11:08:17,30.5078833333333,"chrome 139.0.0","false","Mac OS",1462,890,"Male",48,"High school",FALSE,"Saudi Arabia","White",2,4,4,NA,6,5,6,5,3,6,5,4,5,2,6,6,6,4,4,1,1,6,5,4,5,4,3,5,0,3,5,4,2,5,3,6,6,1,2.35826666666667,4,"A few times per day",5,5,6,5,5,2,6,6,5,4,2,6,6,2,6,1.15271666666667,6,1,2,1,1,NA,NA,NA,NA,NA,NA,NA,NA,NA,2,2,3,3,3,4,3,3,4,3,3,4,3,3,2,3,2.08775,0.670266666666667,0.289533333333333,FALSE,FALSE,FALSE,FALSE,TRUE,FALSE,TRUE,FALSE,FALSE,FALSE,FALSE,TRUE,FALSE,4,NA,0.666666666666667,21.728813559322,3.33898305084746
"S350","prolific",2025-08-28 14:12:53,24.0324666666667,"chrome 138.0.0","false","Mac OS",1470,831,"Female",25,"Bachelor",FALSE,"United States","White",4,3,4,NA,5,5,3,5,2,6,2,5,4,5,5,6,5,6,5,1,5,4,6,5,5,5,1,5,0,0,5,5,5,5,5,5,4,0,1.44013333333333,4,"A few times per day",2,2,1,5,3,5,6,0,2,5,0,6,6,6,3,0.793133333333333,8,0.5,3,0.5,3,NA,NA,NA,NA,NA,NA,NA,NA,NA,4,3,3,4,4,4,3,4,4,3,4,4,3,4,4,4,0.959583333333333,0.608216666666667,0.20485,FALSE,TRUE,FALSE,TRUE,FALSE,FALSE,TRUE,FALSE,TRUE,FALSE,FALSE,FALSE,FALSE,NA,NA,0.666666666666667,5.90677966101695,5.23446327683616
"S103","prolific",2025-08-15 14:15:48,44.3699,"chrome 139.0.0","false","Mac OS",1440,754,"Male",31,"Master",FALSE,"United Kingdom","White",5,3,4,"My gut feelings were probably wrong - I don't know enough about art to find a forgery, though for spotting AI i tended to study the faces and outlines if they were available. If the woman sitting on cheese isn't AI-generated I'll buy the painting and eat it.",3,3,5,3,2,5,4,2,2,2,4,6,6,3,4,4,1,4,4,2,2,3,3,3,0,4,4,4,4,3,2,6,3,3,1.45146666666667,4,"A few times per week",2,3,4,6,5,5,5,0,3,5,2,6,6,5,3,0.864933333333333,6,1,2,1,3,NA,NA,NA,NA,NA,NA,NA,NA,NA,3,2,1,3,3,3,4,2,3,3,4,3,3,1,4,4,1.89688333333333,0.667466666666667,0.31695,FALSE,TRUE,FALSE,TRUE,FALSE,FALSE,TRUE,FALSE,TRUE,TRUE,FALSE,FALSE,FALSE,NA,NA,1,15.4545454545455,5
"S211","prolific",2025-08-17 20:47:30,39.6308333333333,"chrome 139.0.0","false","Windows 10",1368,777,"Male",37,"High school",FALSE,"United Kingdom","White",2,3,4,"With the quality of content from AI now in all honestly I think it was impossible to tell if any were AI generated or in fact real. When it came to deciding wether human or AI when I chose human i left the slider in the middle for fake or original as it is impossible to tell.",2,3,6,3,1,6,1,1,4,5,6,6,6,2,3,0,0,3,2,4,0,1,5,0,0,6,5,1,6,2,4,4,6,4,2.79531666666667,3,"A few times per month",6,6,6,1,4,2,1,5,4,2,5,5,6,2,6,1.55026666666667,8,0,0.5,0,0,NA,NA,NA,NA,NA,NA,NA,NA,NA,2,3,2,3,2,2,3,2,3,3,4,3,2,2,2,2,2.42603333333333,1.44383333333333,0.00426666666666667,FALSE,FALSE,FALSE,FALSE,TRUE,FALSE,TRUE,FALSE,FALSE,FALSE,FALSE,TRUE,FALSE,3,NA,0.666666666666667,13.4875405132565,9.53368261389886
"S029","fw",2025-08-13 15:21:04,34.3539,"ios 18.6.0","true","iOS",980,1687,"Female",53,"Master",FALSE,"United Kingdom","White",3,3,4,NA,4,3,3,2,3,5,3,4,2,3,5,4,3,4,3,2,2,1,4,3,3,2,2,5,6,4,4,2,3,4,4,3,6,2,1.90301666666667,3,"A few times per week",3,3,3,4,3,3,3,2,3,3,2,4,6,3,4,1.04646666666667,3,2,1,1,1,0.5065,1,2,1,4,2,1,1,4,3,3,2,1,3,2,4,2,3,3,3,2,3,3,3,2,1.74405,0.498933333333333,0.171766666666667,FALSE,FALSE,FALSE,FALSE,TRUE,FALSE,TRUE,FALSE,TRUE,FALSE,FALSE,FALSE,FALSE,NA,NA,NA,1.63335738335738,0.377358490566038
"S146","prolific",2025-08-15 16:52:29,24.5138833333333,"chrome 139.0.0","false","Windows 10",1536,695,"Female",30,"Bachelor",FALSE,"United Kingdom","White",3,1,3,"There should be more breaks and I found it too reptetive.",0,1,1,0,0,2,1,0,2,3,2,0,0,1,1,1,2,1,0,1,1,0,0,0,1,0,0,0,0,0,0,1,0,3,0.802633333333333,3,"A few times per week",4,1,4,3,4,4,2,2,3,4,2,4,6,3,2,0.464066666666667,1,2,2,1,1,NA,NA,NA,NA,NA,NA,NA,NA,NA,3,4,0,2,2,1,2,3,0,1,0,2,3,1,3,4,0.876466666666667,0.217516666666667,0.0623166666666667,FALSE,FALSE,FALSE,TRUE,FALSE,FALSE,TRUE,FALSE,FALSE,TRUE,FALSE,TRUE,FALSE,2,NA,0.666666666666667,5.93220338983051,7.25141242937853
"S147","prolific",2025-08-15 16:58:55,37.9778,"chrome 133.0.0","false","Windows 10",1280,593,"Male",42,"Bachelor",FALSE,"United Kingdom","Black",5,4,4,"Everything was clear and understandable to me. I really enjoyed the experiment and I was really focused too.",5,5,6,6,0,4,1,4,6,5,6,2,5,6,0,0,0,0,4,0,0,6,4,0,0,2,6,0,6,5,6,3,5,0,3.82065,4,"A few times per week",3,2,4,4,3,0,4,4,4,1,3,5,6,1,4,1.75841666666667,9,0,0,0,0,NA,NA,NA,NA,NA,NA,NA,NA,NA,4,3,3,3,3,3,3,3,4,3,3,3,3,3,3,3,2.46588333333333,1.71456666666667,0.751266666666667,FALSE,TRUE,FALSE,FALSE,FALSE,TRUE,FALSE,FALSE,TRUE,FALSE,FALSE,FALSE,FALSE,NA,NA,0.833333333333333,13.1582491582492,12.0030607058909
"S059","prolific",2025-08-15 11:12:12,30.5518,"chrome 139.0.0","false","Windows 10",1920,991,"Male",28,"High school",FALSE,"United Kingdom","Mixed",1,3,4,"no",0,0,4,0,0,0,0,0,0,3,6,5,6,0,0,0,0,0,0,0,0,0,3,0,0,0,0,0,3,0,0,6,4,3,1.66878333333333,5,"A few times per day",6,5,5,4,6,1,3,6,4,2,2,3,6,1,5,0.893233333333333,2,0,0,0,0,NA,NA,NA,NA,NA,NA,NA,NA,NA,3,3,3,4,2,2,4,1,1,2,3,3,3,2,2,4,2.04561666666667,0.59585,0.1721,FALSE,FALSE,FALSE,TRUE,FALSE,FALSE,TRUE,FALSE,FALSE,TRUE,FALSE,TRUE,FALSE,4,NA,1,15.5537697253068,8.24576271186441
"S269","prolific",2025-08-18 13:11:48,50.9373666666667,"chrome 139.0.0","false","Windows 10",1093,506,"Female",61,"High school",FALSE,"United Kingdom","White",2,4,4,NA,2,1,3,2,1,3,1,2,2,3,4,6,4,2,4,5,5,5,5,2,2,3,2,2,0,0,2,5,2,2,1,6,2,0,3.83056666666667,3,"A few times per week",5,4,4,3,6,2,4,6,6,2,6,3,6,0,6,1.802,6,1,1,0,1,NA,NA,NA,NA,NA,NA,NA,NA,NA,1,1,1,2,3,2,2,2,3,2,4,2,2,2,3,3,3.81495,1.02731666666667,0.381266666666667,FALSE,FALSE,FALSE,FALSE,TRUE,FALSE,TRUE,FALSE,FALSE,TRUE,FALSE,TRUE,FALSE,4,NA,0.5,10.4390243902439,17.6920247268295
"S266","prolific",2025-08-18 12:01:06,50.9109833333333,"chrome 139.0.0","false","Windows 10",1920,945,"Male",26,"Bachelor",FALSE,"United States","Hispanic/Latino",4,4,4,NA,5,6,6,3,4,4,3,0,4,6,0,5,6,4,6,0,3,4,6,4,4,6,3,6,0,6,3,0,0,4,4,0,0,6,3.59055,6,"A few times per day",6,6,6,0,6,6,6,0,6,0,6,6,6,6,6,1.6721,5,0.5,0.5,0.5,0.5,NA,NA,NA,NA,NA,NA,NA,NA,NA,2,2,2,2,2,2,2,2,2,2,2,2,2,2,2,2,0.910316666666667,0.242933333333333,0.0861,TRUE,FALSE,FALSE,TRUE,FALSE,FALSE,TRUE,FALSE,TRUE,FALSE,FALSE,FALSE,FALSE,NA,NA,0.666666666666667,19.771186440678,25.9468147282291
"S358","prolific",2025-08-28 20:25:43,35.5946166666667,"chrome 139.0.0","false","Windows 10",1536,738,"Female",35,"Bachelor",FALSE,"United Kingdom","White",5,2,4,NA,4,1,4,1,1,4,0,1,1,3,5,3,3,1,4,0,4,4,6,1,2,1,1,1,0,1,2,1,5,1,1,3,4,3,2.47656666666667,5,"A few times per day",4,4,4,4,5,4,5,2,4,4,5,3,6,4,5,0.825733333333333,9,0,0.5,0.5,0.5,NA,NA,NA,NA,NA,NA,NA,NA,NA,4,4,3,4,3,2,2,3,2,1,1,2,2,2,3,1,2.03685,1.0768,0.146716666666667,FALSE,FALSE,FALSE,FALSE,TRUE,FALSE,TRUE,FALSE,TRUE,TRUE,FALSE,FALSE,TRUE,NA,1,0.833333333333333,19.8139800846359,27.7251427809735
"S236","prolific",2025-08-18 08:29:43,37.6592833333333,"chrome 139.0.0","false","Windows 10",1536,730,"Female",54,"High school",FALSE,"United Kingdom","White",1,4,4,NA,4,1,2,0,0,5,4,2,3,5,5,5,3,2,3,4,1,3,5,2,1,1,5,3,0,1,1,1,5,2,1,5,1,2,2.56933333333333,2,"A few times per day",6,5,6,2,6,2,6,0,5,3,6,3,6,5,4,1.52678333333333,3,1,2,2,2,NA,NA,NA,NA,NA,NA,NA,NA,NA,3,3,1,3,2,2,1,2,0,1,2,3,1,1,1,1,2.7533,0.987816666666667,0.50675,FALSE,FALSE,FALSE,TRUE,FALSE,FALSE,TRUE,FALSE,TRUE,TRUE,FALSE,FALSE,FALSE,NA,NA,0.833333333333333,11.8156862745098,5.10380434782609
"S354","prolific",2025-08-28 17:58:22,40.5029833333333,"chrome 139.0.0","false","Windows 10",1536,826,"Female",54,"Master",FALSE,"United Kingdom","Black",5,4,4,"No thanks",1,1,0,1,0,3,5,4,0,6,6,6,0,2,0,0,0,0,0,1,0,1,0,1,0,0,2,0,6,0,2,5,6,0,3.20456666666667,5,"A few times per day",6,5,6,5,3,0,4,6,6,0,6,6,6,1,6,1.37895,8,0,0,0,0,NA,NA,NA,NA,NA,NA,NA,NA,NA,3,2,2,3,3,3,2,3,3,3,4,3,2,1,3,3,1.9041,1.90341666666667,0.384633333333333,TRUE,FALSE,FALSE,TRUE,FALSE,FALSE,TRUE,FALSE,TRUE,FALSE,FALSE,TRUE,FALSE,3,NA,0.833333333333333,35.3224235339957,42.0368718406185
"S101","prolific",2025-08-15 14:13:25,37.6662166666667,"firefox 140.0.0","false","Windows 10",1280,560,"Female",39,"Bachelor",FALSE,"United Kingdom","White",4,4,4,"I found this really interesting - I don't like the idea of AI art, or at least not the way it's currently happening, and I'd much rather view art by a human being regardless of quality, but I found it more difficult than I thought to be sure which was which! ",2,1,5,4,0,6,6,1,3,2,5,5,4,4,4,2,5,6,4,5,4,0,6,0,0,0,2,0,0,1,0,4,0,0,1.97168333333333,3,"Never",3,2,4,5,5,3,4,0,3,5,2,4,6,6,3,1.11165,6,0.5,3,0,1,NA,NA,NA,NA,NA,NA,NA,NA,NA,1,1,0,1,1,2,2,2,2,1,2,2,2,1,1,1,2.08573333333333,0.9125,0.46775,FALSE,FALSE,FALSE,TRUE,TRUE,FALSE,TRUE,FALSE,TRUE,TRUE,FALSE,TRUE,FALSE,1,NA,0.833333333333333,20,20
"S323","prolific",2025-08-26 15:51:39,35.0542166666667,"chrome 139.0.0","false","Windows 10",1920,953,"Female",40,"High school",FALSE,"United Kingdom","White",3,3,4,NA,2,3,5,3,2,2,3,3,4,3,3,3,1,3,3,3,3,4,4,3,4,1,4,3,0,2,3,4,1,4,2,3,4,2,2.10748333333333,3,"A few times per week",4,2,4,2,5,2,4,5,5,5,5,3,6,6,2,1.05158333333333,7,0.5,1,0.5,0.5,NA,NA,NA,NA,NA,NA,NA,NA,NA,3,2,1,1,2,1,1,2,2,1,2,3,1,2,1,1,1.8771,0.584283333333333,0.285316666666667,FALSE,FALSE,FALSE,TRUE,FALSE,FALSE,TRUE,FALSE,TRUE,FALSE,FALSE,FALSE,FALSE,NA,NA,1,10.4154190831572,5.67231638418079
"S333","prolific",2025-08-27 10:32:50,32.6889333333333,"safari 26.0.0","false","Mac OS",1625,923,"Male",30,"Master",TRUE,"United Kingdom","White",3,3,4,NA,1,3,4,5,1,5,4,3,4,4,5,4,6,4,3,4,1,2,5,5,3,4,2,2,0,4,4,1,4,2,4,5,4,2,1.99636666666667,4,"A few times per day",5,6,3,1,6,3,4,5,5,5,6,2,6,5,6,0.8927,8,0,0.5,0,0,NA,NA,NA,NA,NA,NA,NA,NA,NA,3,2,3,2,3,2,3,3,3,2,3,2,3,4,3,2,1.75708333333333,1.21606666666667,0.576666666666667,FALSE,FALSE,FALSE,TRUE,FALSE,FALSE,TRUE,FALSE,TRUE,TRUE,FALSE,FALSE,FALSE,NA,NA,0.333333333333333,20.1724137931034,8.75803623611923
"S220","prolific",2025-08-17 21:50:38,44.3533833333333,"edge-chromium 139.0.0","false","Windows 10",1272,594,"Male",53,"Bachelor",FALSE,"United Kingdom","White",2,3,3,NA,2,2,4,2,3,3,2,2,2,3,4,5,6,2,2,1,1,1,1,3,2,2,1,1,0,4,2,1,4,2,2,6,4,2,2.43696666666667,2,"A few times per month",5,4,5,3,5,4,1,3,3,3,5,4,6,4,3,1.39536666666667,6,0.5,0.5,0.5,0.5,NA,NA,NA,NA,NA,NA,NA,NA,NA,2,3,2,3,3,3,3,3,2,2,2,2,2,2,3,2,2.9268,1.62386666666667,0.4995,FALSE,FALSE,FALSE,TRUE,FALSE,FALSE,TRUE,FALSE,TRUE,FALSE,FALSE,FALSE,FALSE,NA,NA,0.666666666666667,8.46912137151763,9.65597147950089
"S198","prolific",2025-08-17 18:01:18,29.1804,"chrome 139.0.0","false","Mac OS",1205,581,"Female",37,"Bachelor",FALSE,"United Kingdom","White",1,4,4,NA,1,3,5,1,0,2,4,4,3,4,5,5,5,1,0,0,0,0,5,2,4,0,3,2,0,0,1,2,5,1,2,5,1,2,3.36968333333333,4,"A few times per day",4,6,4,3,5,5,4,5,4,0,5,3,6,0,6,0.909966666666667,6,0,0,0,0,NA,NA,NA,NA,NA,NA,NA,NA,NA,3,3,2,1,3,4,3,3,2,1,2,3,3,2,2,4,1.42503333333333,1.14898333333333,0.402966666666667,FALSE,FALSE,FALSE,TRUE,FALSE,FALSE,TRUE,FALSE,FALSE,TRUE,FALSE,FALSE,FALSE,NA,NA,1,7.60991827904068,6.21320896928585
"S307","prolific",2025-08-18 21:22:45,39.7350333333333,"chrome 109.0.0","false","Windows 10",1366,768,"Male",38,"High school",FALSE,"United Kingdom","White",5,4,4,NA,6,0,6,0,6,6,6,0,2,6,6,3,0,0,6,0,0,6,6,0,0,0,6,0,0,6,0,0,6,0,0,0,6,6,3.38845,3,"A few times per month",6,6,6,2,6,6,2,6,6,6,6,6,6,6,6,0.869583333333333,5,0,0.5,0,0.5,NA,NA,NA,NA,NA,NA,NA,NA,NA,4,4,4,4,2,0,2,0,4,4,4,4,3,3,3,3,1.83031666666667,0.779883333333333,0.348616666666667,FALSE,FALSE,FALSE,FALSE,TRUE,FALSE,TRUE,FALSE,FALSE,TRUE,FALSE,FALSE,FALSE,NA,NA,0.5,50.8208020050125,28.8508771929825
"S231","prolific",2025-08-18 07:11:30,34.09285,"chrome 139.0.0","false","Windows 10",1366,599,"Female",35,"High school",FALSE,"United States",NA,2,3,4,NA,4,0,5,0,3,3,1,0,2,4,6,5,6,0,3,0,1,0,0,0,0,0,4,0,0,3,0,0,4,0,0,5,0,2,2.35423333333333,4,"A few times per week",5,3,5,1,6,4,5,2,5,3,5,4,6,4,3,1.6145,5,0.5,2,1,2,NA,NA,NA,NA,NA,NA,NA,NA,NA,3,3,2,3,4,4,4,3,2,2,2,2,1,2,3,2,1.98895,1.01251666666667,0.255066666666667,FALSE,FALSE,FALSE,TRUE,FALSE,FALSE,TRUE,FALSE,TRUE,TRUE,TRUE,FALSE,FALSE,NA,NA,1,12.0084745762712,3.54802259887006
"S259","prolific",2025-08-18 10:16:04,33.2606166666667,"chrome 138.0.0","false","Windows 10",1920,945,"Female",33,"Bachelor",FALSE,"United Kingdom","White",1,4,4,NA,4,3,4,2,3,3,4,3,4,3,5,5,6,2,2,3,3,4,4,3,3,2,5,2,0,0,2,5,3,3,2,5,3,4,1.45591666666667,2,"A few times per month",3,3,2,3,4,6,4,1,3,3,4,6,3,3,3,0.690983333333333,7,0.5,0.5,0,0.5,NA,NA,NA,NA,NA,NA,NA,NA,NA,4,3,2,3,2,1,2,1,2,2,2,1,2,2,2,1,1.2452,0.586466666666667,0.16335,FALSE,FALSE,FALSE,TRUE,FALSE,FALSE,TRUE,FALSE,TRUE,FALSE,FALSE,FALSE,FALSE,NA,NA,0.666666666666667,14.4604519774011,5.90960451977401
"S163","prolific",2025-08-17 10:55:03,32.6948666666667,"safari 18.6.0","false","Mac OS",1364,764,"Female",44,"Bachelor",FALSE,"United States","East Asian",4,3,4,NA,6,5,5,6,2,6,5,6,4,4,6,6,6,6,6,2,5,6,5,6,2,5,6,3,0,5,6,5,2,6,6,6,5,0,1.69278333333333,2,"Once a day",4,4,5,4,5,4,5,5,5,6,5,6,6,4,6,1.10206666666667,6,0,2,0,0.5,NA,NA,NA,NA,NA,NA,NA,NA,NA,2,2,1,1,1,3,3,4,1,2,2,3,1,2,2,2,1.3691,0.513333333333333,0.143483333333333,FALSE,TRUE,FALSE,TRUE,FALSE,FALSE,TRUE,FALSE,TRUE,TRUE,FALSE,TRUE,FALSE,1,NA,1,19.2847343609301,10.9443176912342
"S352","prolific",2025-08-28 15:11:24,25.7905666666667,"chrome 139.0.0","false","Windows 10",1536,695,"Female",46,"Bachelor",FALSE,"United States","White",3,1,3,"Too long.",2,3,2,3,2,5,0,2,2,6,4,4,2,3,6,0,0,0,5,4,3,4,4,5,0,0,1,0,6,4,4,2,3,1,1.61791666666667,1,"Never",2,0,5,4,4,1,3,0,2,5,4,6,6,6,0,1.00378333333333,5,0.5,0.5,0.5,0,NA,NA,NA,NA,NA,NA,NA,NA,NA,2,2,3,1,2,2,2,4,1,1,2,1,1,2,3,1,1.49131666666667,0.192733333333333,0.1692,FALSE,FALSE,FALSE,TRUE,FALSE,FALSE,TRUE,FALSE,TRUE,FALSE,FALSE,FALSE,FALSE,NA,NA,0.833333333333333,28.8816775525841,6.73913043478261
"S186","prolific",2025-08-17 17:31:28,37.7425,"chrome 130.0.0","false","Windows 10",1280,593,"Male",28,"Bachelor",FALSE,"United Kingdom","Black",4,4,4,NA,4,4,4,3,3,4,2,3,3,3,4,4,3,3,3,0,3,3,3,2,2,3,2,3,0,2,3,2,6,3,4,3,2,2,2.06358333333333,4,"A few times per week",6,4,5,3,4,2,2,3,5,4,6,5,6,5,4,1.86126666666667,7,0,0.5,0,0,NA,NA,NA,NA,NA,NA,NA,NA,NA,3,3,3,3,3,3,2,3,3,3,3,3,2,2,3,3,2.06298333333333,2.25016666666667,0.377433333333333,FALSE,TRUE,FALSE,TRUE,FALSE,FALSE,TRUE,FALSE,TRUE,FALSE,FALSE,FALSE,FALSE,NA,NA,1,19.2355407370806,6.90512265512265
"S197","prolific",2025-08-17 17:58:17,50.13255,"chrome 139.0.0","false","Mac OS",1261,737,"Male",62,"Bachelor",FALSE,"United Kingdom","Mixed",6,4,4,NA,6,5,5,3,0,6,3,4,3,2,6,6,6,2,6,0,0,1,3,2,0,4,4,1,0,3,3,1,2,3,5,6,5,1,3.54175,4,"A few times per month",1,1,4,3,3,4,4,0,0,6,1,6,6,6,0,1.7668,7,0,1,0,0,NA,NA,NA,NA,NA,NA,NA,NA,NA,4,3,3,3,4,3,4,4,4,4,4,4,3,4,4,3,3.48045,1.06693333333333,0.36145,FALSE,FALSE,FALSE,FALSE,FALSE,FALSE,FALSE,FALSE,TRUE,FALSE,FALSE,FALSE,FALSE,NA,NA,0.833333333333333,2.71186440677966,0
"S072","prolific",2025-08-15 12:14:11,25.9215166666667,"chrome 139.0.0","false","Windows 10",2048,1111,"Female",35,"Bachelor",FALSE,"Norway","White",1,4,4,NA,5,4,5,4,2,5,4,4,3,4,6,5,5,4,6,2,2,5,1,4,2,3,5,2,0,3,4,2,4,4,4,5,5,4,1.77518333333333,3,"Never",4,2,4,5,4,4,5,3,4,3,2,5,6,6,3,1.04256666666667,5,2,3,3,2,NA,NA,NA,NA,NA,NA,NA,NA,NA,3,3,4,3,2,2,2,2,2,2,2,3,3,3,3,3,2.2142,0.881266666666667,0.2625,FALSE,FALSE,FALSE,TRUE,FALSE,FALSE,TRUE,FALSE,TRUE,FALSE,FALSE,FALSE,TRUE,NA,2,1,18.455094486655,17.1215663354763
"S165","prolific",2025-08-17 11:52:45,33.2202666666667,"chrome 138.0.0","false","Chrome OS",1517,731,"Male",44,"Doctorate",NA,"United States","White",2,3,4,NA,1,4,3,3,1,3,2,3,5,3,5,5,5,4,3,1,0,4,4,5,3,5,5,3,0,3,4,4,5,4,5,5,5,3,2.1624,4,"Once a day",1,5,4,4,4,6,4,2,4,1,4,5,6,0,5,1.04781666666667,6,2,2,3,3,NA,NA,NA,NA,NA,NA,NA,NA,NA,2,2,2,1,4,3,2,3,2,2,2,3,3,3,3,3,1.66095,1.33008333333333,0.32,FALSE,FALSE,TRUE,FALSE,FALSE,FALSE,TRUE,FALSE,TRUE,FALSE,TRUE,TRUE,FALSE,4,NA,0.666666666666667,13.7643529451421,9.4675637673413
"S173","prolific",2025-08-17 13:50:18,38.6184166666667,"chrome 139.0.0","false","Windows 10",1600,731,"Female",46,"Bachelor",FALSE,"United States","White",4,3,4,NA,4,3,5,4,0,4,3,0,0,0,6,3,0,4,0,0,4,3,0,0,0,0,3,0,0,0,4,2,0,0,0,2,0,4,3.34648333333333,4,"A few times per week",0,3,6,4,5,0,4,0,6,1,4,6,6,4,3,1.57591666666667,4,2,2,2,2,NA,NA,NA,NA,NA,NA,NA,NA,NA,3,3,1,2,2,3,2,3,2,0,2,3,3,2,3,2,2.99235,1.27041666666667,0.3481,FALSE,TRUE,TRUE,FALSE,FALSE,FALSE,TRUE,FALSE,TRUE,FALSE,FALSE,FALSE,FALSE,NA,NA,1,13.4491986834415,8.72465060957478
"S115","prolific",2025-08-15 15:36:31,32.4908,"chrome 138.0.0","false","Windows 10",1920,919,"Female",38,"Master",FALSE,"United Kingdom","White",0,3,4,NA,1,1,5,0,0,5,2,0,1,1,4,6,5,2,0,0,0,0,3,3,0,0,4,1,0,0,0,0,3,1,0,4,0,0,2.54875,2,"A few times per week",3,3,3,4,3,4,3,2,2,4,2,1,6,4,3,1.50643333333333,9,0,0,0,0,NA,NA,NA,NA,NA,NA,NA,NA,NA,3,3,3,3,2,2,3,3,2,0,1,2,3,2,3,2,3.04193333333333,1.1434,0.336966666666667,FALSE,FALSE,FALSE,FALSE,TRUE,FALSE,TRUE,TRUE,FALSE,FALSE,FALSE,FALSE,FALSE,NA,NA,0.5,17.9180790960452,19.183615819209
"S112","prolific",2025-08-15 15:32:46,35.4432,"chrome 139.0.0","false","Windows 10",1280,551,"Female",20,"Bachelor",TRUE,"United Kingdom","White",5,4,4,NA,4,5,4,3,2,6,5,4,2,5,4,5,5,4,5,5,5,5,5,2,2,2,4,4,0,2,4,4,5,4,5,4,4,2,2.44733333333333,4,"A few times per week",5,4,5,2,5,2,2,5,4,5,4,6,6,5,3,1.56613333333333,7,0.5,0.5,0.5,1,NA,NA,NA,NA,NA,NA,NA,NA,NA,2,2,1,3,2,2,1,3,1,1,2,3,2,1,2,1,2.72843333333333,0.944333333333333,0.45615,FALSE,FALSE,FALSE,TRUE,FALSE,FALSE,TRUE,FALSE,FALSE,TRUE,FALSE,TRUE,FALSE,3,NA,1,4.20056497175141,0.672316384180791
"S349","prolific",2025-08-28 14:12:31,36.8521,"chrome 139.0.0","false","Windows 10",1536,826,"Male",34,"Doctorate",NA,"United States","White",1,2,4,"I started to get a little burned out toward the end. I tried to stay focused, though. ",6,6,5,5,3,4,2,5,3,6,5,5,3,5,6,2,1,3,2,5,1,6,3,5,0,5,6,4,6,6,6,3,6,3,2.31666666666667,2,"A few times per week",1,2,2,6,3,5,6,3,3,3,3,5,6,4,3,1.13848333333333,9,0,2,0,2,NA,NA,NA,NA,NA,NA,NA,NA,NA,4,3,4,4,4,4,4,4,3,3,4,4,4,4,4,4,2.34401666666667,0.9832,0.348466666666667,FALSE,FALSE,FALSE,FALSE,TRUE,FALSE,TRUE,FALSE,TRUE,FALSE,FALSE,FALSE,FALSE,NA,NA,1,2.7236508864212,6.57909604519774
"S111","prolific",2025-08-15 15:32:37,30.2103166666667,"chrome 139.0.0","false","Windows 10",1536,695,"Male",34,"Bachelor",FALSE,"United Kingdom","South Asian",4,4,4,NA,6,0,6,2,0,6,5,0,2,5,4,3,6,2,0,0,0,1,5,0,0,0,4,0,0,0,2,0,5,0,2,4,4,0,1.6468,2,"A few times per month",5,6,3,6,5,2,4,1,5,2,2,5,6,6,6,0.726183333333333,6,0.5,1,1,1,NA,NA,NA,NA,NA,NA,NA,NA,NA,3,3,2,2,3,1,1,0,4,4,3,2,4,3,2,2,1.99185,0.779316666666667,0.30305,FALSE,TRUE,FALSE,TRUE,FALSE,FALSE,TRUE,FALSE,FALSE,TRUE,FALSE,TRUE,FALSE,2,NA,1,6.06497175141243,0.511396843950906
"S193","prolific",2025-08-17 17:52:28,41.9606666666667,"edge-chromium 138.0.0","false","Windows 10",1638,972,"Male",47,"Bachelor",FALSE,"United Kingdom","White",4,4,4,NA,3,3,6,2,1,5,1,4,5,4,5,5,6,4,2,0,0,0,0,3,0,2,2,1,0,1,4,1,5,3,4,5,5,2,2.11753333333333,4,"A few times per month",6,2,1,4,5,2,5,0,6,3,3,5,6,5,2,0.9544,8,0,0.5,0,0.5,NA,NA,NA,NA,NA,NA,NA,NA,NA,4,4,4,4,4,4,4,4,3,2,2,2,3,3,3,3,1.78198333333333,0.228183333333333,0.162433333333333,FALSE,TRUE,FALSE,FALSE,TRUE,FALSE,TRUE,FALSE,TRUE,TRUE,FALSE,FALSE,FALSE,NA,NA,0.833333333333333,23.8406816502488,9.38954523948679
"S053","prolific",2025-08-15 10:39:00,36.26465,"ios 18.3.0","true","iOS",980,1707,"Male",43,"Master",FALSE,"United Kingdom","White",5,4,4,"A bit repetitive but fun at the same time",4,3,1,2,0,5,6,2,1,2,6,6,6,3,0,4,5,6,6,6,5,0,5,6,0,0,0,6,6,3,2,6,5,1,2.43531666666667,5,"A few times per week",4,6,6,0,6,0,0,6,6,0,6,3,6,0,6,1.50941666666667,8,0.5,0.5,1,0.5,NA,NA,NA,NA,NA,NA,NA,NA,NA,3,3,2,4,4,4,4,4,4,3,4,4,4,4,4,4,1.93673333333333,0.729433333333333,0.324016666666667,FALSE,FALSE,FALSE,FALSE,TRUE,FALSE,TRUE,FALSE,FALSE,TRUE,FALSE,FALSE,FALSE,NA,NA,0.5,0.392156862745098,0.444664031620553
"S012","fw",2025-07-24 14:15:59,55.7291666666667,"chrome 138.0.0","false","Windows 10",1536,730,"Male",55,"Doctorate",NA,"Nicaragua","White",2,2,3,"A little long - the mind started wandering on the final section",0,1,2,1,1,1,5,1,3,3,5,5,4,1,1,1,0,5,3,0,0,1,4,0,0,0,1,3,6,1,0,5,5,0,4.68273333333333,2,NA,5,5,3,5,5,3,3,1,1,4,2,4,1,4,4,2.19336666666667,7,1,0.5,0.5,0.5,1.39063333333333,3,3,1,2,3,2,2,2,4,3,3,1,2,2,3,3,1,2,1,4,3,2,3,2,4.08933333333333,1.554,0.194966666666667,FALSE,FALSE,FALSE,FALSE,TRUE,FALSE,TRUE,FALSE,TRUE,TRUE,FALSE,TRUE,FALSE,4,NA,NA,8.52766413403468,4.53495064082296
"S293","prolific",2025-08-18 16:38:46,57.5148,"chrome 138.0.0","false","Chrome OS",1616,774,"Female",30,"Master",FALSE,"United Kingdom","Black",5,3,4,"No",4,5,4,5,4,5,2,5,4,4,5,4,4,4,3,2,3,3,3,2,2,4,1,1,0,6,6,3,5,5,5,3,4,1,5.40691666666667,5,"Once a day",6,5,6,4,6,5,5,4,4,6,6,5,6,6,6,2.54206666666667,7,1,0.5,0,0.5,NA,NA,NA,NA,NA,NA,NA,NA,NA,2,2,2,3,1,1,1,1,3,2,2,2,1,2,2,2,4.83126666666667,4.10506666666667,1.43011666666667,FALSE,FALSE,TRUE,FALSE,FALSE,FALSE,TRUE,FALSE,TRUE,FALSE,FALSE,FALSE,FALSE,NA,NA,1,6.0519039155111,15.6137317966586
"S261","prolific",2025-08-18 10:26:07,27.5793166666667,"safari 18.6.0","false","Mac OS",1440,698,"Male",45,"High school",FALSE,"United Kingdom","White",1,4,4,"Identifying which was AI and which wasn't was extremely difficult!",5,1,4,2,3,4,2,1,2,2,4,3,4,5,5,3,1,5,5,2,2,2,3,3,0,4,4,1,3,2,3,4,5,2,1.31916666666667,2,"Once a day",3,3,3,3,4,4,4,2,2,2,2,3,6,2,5,0.711566666666667,5,0,0.5,0,0,NA,NA,NA,NA,NA,NA,NA,NA,NA,2,2,3,3,3,3,3,2,1,1,0,0,2,1,1,1,2.56506666666667,0.699116666666667,0.23245,FALSE,FALSE,FALSE,FALSE,TRUE,FALSE,TRUE,TRUE,FALSE,TRUE,FALSE,FALSE,FALSE,NA,NA,0.833333333333333,11.3289760348584,7.94901960784314
"S102","prolific",2025-08-15 14:13:43,43.6079333333333,"chrome 138.0.0","false","Windows 10",1366,599,"Female",50,"High school",FALSE,"United Kingdom","White",4,4,4,NA,3,5,4,3,0,4,1,5,2,5,5,5,5,5,5,0,0,2,1,5,4,3,5,1,0,4,5,0,4,5,5,5,4,3,3.44143333333333,3,"A few times per month",4,4,6,4,5,5,3,5,4,3,4,4,6,4,5,1.6846,5,0.5,1,1,1,NA,NA,NA,NA,NA,NA,NA,NA,NA,3,3,3,2,3,2,3,2,3,2,3,2,2,2,2,3,2.83573333333333,1.53616666666667,0.894516666666667,FALSE,FALSE,FALSE,TRUE,FALSE,FALSE,TRUE,FALSE,TRUE,FALSE,FALSE,FALSE,FALSE,NA,NA,0.833333333333333,10.4545454545455,8.81944444444444
"S079","prolific",2025-08-15 12:42:03,54.906,"chrome 139.0.0","false","Windows 10",1229,539,"Male",73,"Bachelor",FALSE,"United Kingdom","White",2,4,4,"fascinating...",3,3,5,3,1,4,3,2,3,4,5,5,5,4,5,5,1,5,4,4,2,2,5,2,0,3,4,4,5,3,3,5,5,1,3.48861666666667,4,"A few times per week",4,5,5,4,5,1,2,4,5,3,3,3,6,3,6,2.45943333333333,7,0.5,0.5,0,1,NA,NA,NA,NA,NA,NA,NA,NA,NA,2,2,1,3,3,3,3,3,3,2,2,3,3,3,3,2,3.9861,1.39896666666667,1.3201,TRUE,FALSE,FALSE,TRUE,FALSE,FALSE,TRUE,FALSE,FALSE,TRUE,FALSE,FALSE,FALSE,NA,NA,0.833333333333333,13.8983050847458,17.1101694915254
"S281","prolific",2025-08-18 14:07:17,44.11205,"chrome 138.0.0","false","Windows 10",1440,765,"Female",64,"High school",FALSE,"United Kingdom","White",2,4,4,"The pictures were a bit depressing and dull.",5,3,5,5,0,5,1,4,0,3,5,6,5,6,6,0,2,0,1,6,2,1,5,4,0,2,4,4,3,4,5,6,3,0,2.75033333333333,3,"Never",5,6,5,6,6,4,4,4,6,2,5,4,6,1,4,1.60575,9,0,0.5,0,0.5,NA,NA,NA,NA,NA,NA,NA,NA,NA,4,4,3,3,3,2,3,3,4,2,4,4,3,3,2,1,2.3812,1.42663333333333,0.534283333333333,FALSE,TRUE,FALSE,FALSE,TRUE,TRUE,FALSE,FALSE,FALSE,FALSE,FALSE,FALSE,TRUE,NA,3,1,20.5677966101695,25.3107344632768
"S069","prolific",2025-08-15 12:10:46,29.50675,"chrome 137.0.0","false","Chrome OS",1536,679,"Male",59,"Bachelor",FALSE,"United Kingdom","White",1,0,4,NA,4,1,6,1,2,3,5,2,3,1,6,6,6,1,1,0,5,0,5,3,5,3,6,5,0,6,1,0,2,3,3,6,5,3,1.8018,2,"A few times per day",4,4,5,4,5,5,2,5,4,4,4,3,6,4,4,1.07738333333333,4,2,3,2,3,NA,NA,NA,NA,NA,NA,NA,NA,NA,2,2,1,1,1,1,1,1,2,1,1,1,1,1,1,1,1.23505,1.4887,0.489016666666667,TRUE,FALSE,FALSE,TRUE,FALSE,FALSE,TRUE,FALSE,FALSE,TRUE,FALSE,FALSE,FALSE,NA,NA,0.833333333333333,19.4892492426423,19.6526879879453
"S301","prolific",2025-08-18 17:00:09,35.6762333333333,"edge-chromium 139.0.0","false","Windows 10",2040,1154,"Male",27,"Bachelor",FALSE,"United Kingdom","White",1,4,4,NA,5,0,4,1,0,5,1,1,3,4,4,2,2,1,5,1,1,3,4,3,0,2,4,4,0,5,1,1,4,4,4,3,3,0,2.82491666666667,4,"A few times per week",4,5,4,5,5,0,4,4,3,5,5,4,6,1,5,1.50666666666667,8,0,0,0,0,NA,NA,NA,NA,NA,NA,NA,NA,NA,2,2,2,2,1,2,1,3,1,1,1,2,1,2,1,1,1.50106666666667,1.87515,0.980833333333333,FALSE,FALSE,FALSE,TRUE,FALSE,FALSE,TRUE,FALSE,TRUE,FALSE,FALSE,FALSE,FALSE,NA,NA,0.833333333333333,16.3208649912332,23.9858757062147
"S018","os",2025-07-30 18:15:00,51.8896,"ios 18.5.0","true","iOS",691,1178,"Female",51,"Bachelor",FALSE,"Germany","White",4,4,3,NA,0,2,4,5,0,4,2,0,2,4,6,5,0,2,1,0,1,1,0,4,1,4,4,2,0,4,4,0,5,2,4,2,5,1,4.00808333333333,3,"A few times per day",5,2,6,2,6,1,1,5,5,5,6,1,6,5,6,2.58743333333333,9,0,0,0,0.5,1.54333333333333,0,1,1,3,3,0,0,4,3,2,2,2,2,2,2,2,3,3,3,3,3,3,3,3,3.35826666666667,0.940383333333333,0.672216666666667,FALSE,FALSE,FALSE,TRUE,FALSE,FALSE,TRUE,TRUE,FALSE,FALSE,FALSE,FALSE,FALSE,NA,NA,NA,3.06838106370544,1.36762127410871
"S094","prolific",2025-08-15 13:40:11,33.0387,"chrome 103.0.0","false","Mac OS",1920,858,"Male",45,"High school",FALSE,"United Kingdom","White",2,4,4,"no",3,4,5,5,4,5,5,3,5,4,6,5,5,5,4,0,0,2,4,3,1,4,3,2,0,2,4,3,5,3,3,6,6,3,2.54673333333333,3,"A few times per week",5,5,5,1,6,2,4,4,4,3,5,3,6,2,5,1.40985,7,0,0,0.5,0,NA,NA,NA,NA,NA,NA,NA,NA,NA,3,2,2,3,3,3,3,3,4,3,3,3,2,3,2,3,1.79171666666667,1.44166666666667,0.416183333333333,FALSE,FALSE,FALSE,TRUE,FALSE,FALSE,TRUE,FALSE,TRUE,TRUE,FALSE,FALSE,FALSE,NA,NA,1,16.8497397790209,11.5198714202221
"S230","prolific",2025-08-18 06:50:27,40.73385,"chrome 138.0.0","false","Windows 10",1536,855,"Male",47,"Bachelor",FALSE,"Australia","East Asian",1,4,4,NA,4,1,5,2,0,1,1,0,3,4,5,6,6,0,6,1,0,0,5,0,0,0,2,1,0,1,1,2,2,0,2,4,6,1,3.177,4,"A few times per week",4,3,4,3,6,4,5,5,6,4,6,2,6,4,4,1.46518333333333,4,2,1,2,0.5,NA,NA,NA,NA,NA,NA,NA,NA,NA,3,3,1,3,3,2,2,3,2,1,1,2,1,2,1,1,3.45385,1.37936666666667,0.60825,FALSE,TRUE,FALSE,TRUE,TRUE,FALSE,TRUE,FALSE,TRUE,FALSE,FALSE,FALSE,FALSE,NA,NA,0.833333333333333,12.7966101694915,6.94915254237288
"S192","prolific",2025-08-17 17:51:10,41.8532666666667,"chrome 139.0.0","false","Windows 10",1366,599,"Female",49,"High school",FALSE,"United Kingdom","White",2,4,4,NA,4,1,5,3,2,5,2,1,4,5,5,5,6,3,3,0,1,3,4,4,0,1,3,3,0,5,2,3,5,4,2,5,4,2,4.11381666666667,2,"A few times per month",4,4,4,2,5,2,2,5,3,3,4,2,6,3,5,2.23943333333333,8,0,0.5,0,0.5,NA,NA,NA,NA,NA,NA,NA,NA,NA,4,4,4,4,3,3,3,3,4,4,4,4,2,2,3,2,3.24528333333333,1.77026666666667,0.63995,FALSE,FALSE,FALSE,FALSE,TRUE,FALSE,TRUE,FALSE,TRUE,FALSE,FALSE,FALSE,FALSE,NA,NA,0.833333333333333,2.52824858757062,11.7346580946815
"S170","prolific",2025-08-17 13:11:25,43.12885,"chrome 139.0.0","false","Windows 10",1366,768,"Female",52,"High school",NA,"United States","White",2,4,4,"i found that i knew some of the paintings and felt that I tried to decide if they were real or forgeries!  Great exercise.",4,2,2,5,1,4,6,3,1,4,4,6,5,5,5,2,0,5,1,5,0,3,6,4,0,0,6,0,5,4,3,3,4,0,2.34076666666667,0,"A few times per month",3,1,5,5,6,3,2,4,2,4,5,3,6,5,3,1.33746666666667,8,0,0,0.5,0.5,NA,NA,NA,NA,NA,NA,NA,NA,NA,2,4,2,3,3,4,3,1,1,2,3,3,3,2,3,0,2.04766666666667,0.724616666666667,0.316133333333333,FALSE,FALSE,FALSE,TRUE,FALSE,FALSE,TRUE,FALSE,FALSE,TRUE,FALSE,FALSE,FALSE,NA,NA,1,11.3197586726998,17.2739209320092
"S091","prolific",2025-08-15 13:34:40,43.7907,"chrome 138.0.0","false","Windows 10",1366,633,"Female",31,"High school",FALSE,"United Kingdom","Black",4,4,4,"none",0,6,4,6,5,6,0,6,6,6,6,6,6,6,0,0,0,4,0,0,0,6,4,0,0,3,6,1,6,6,6,6,6,4,3.27036666666667,3,"A few times per day",4,6,4,4,4,3,3,3,4,3,4,6,6,5,6,2.01305,10,0,0,0,0,NA,NA,NA,NA,NA,NA,NA,NA,NA,2,4,4,4,2,4,4,4,4,4,4,4,4,4,4,4,1.74318333333333,1.2655,0.378033333333333,FALSE,TRUE,TRUE,FALSE,FALSE,FALSE,TRUE,FALSE,FALSE,TRUE,TRUE,FALSE,FALSE,NA,NA,1,8.01190476190476,30.8942307692308
"S174","prolific",2025-08-17 14:48:23,46.4019333333333,"firefox 141.0.0","false","Windows 10",766,724,"Female",35,"Bachelor",FALSE,"United States","Mixed",4,4,4,"I just enjoyed viewing the art & analyzing my feelings about it",3,4,6,6,6,2,2,4,6,6,6,6,6,3,3,0,0,0,6,4,0,6,3,0,0,0,5,3,6,4,4,6,6,5,2.19921666666667,5,"A few times per week",3,3,6,3,6,0,3,0,4,4,2,6,6,6,6,1.22578333333333,8,0.5,0,0.5,0,NA,NA,NA,NA,NA,NA,NA,NA,NA,4,4,2,3,4,4,4,4,4,2,4,4,2,4,4,2,1.44201666666667,0.43055,1.00771666666667,FALSE,FALSE,FALSE,TRUE,FALSE,FALSE,TRUE,FALSE,TRUE,FALSE,FALSE,FALSE,FALSE,NA,NA,0.833333333333333,20,20
"S247","prolific",2025-08-18 09:35:42,37.18955,"chrome 139.0.0","false","Windows 10",1280,585,"Female",48,"Bachelor",FALSE,"United Kingdom","White",4,3,4,NA,5,3,5,0,0,6,0,4,5,5,6,5,5,2,2,0,0,1,0,1,0,3,0,0,0,0,5,1,6,3,3,5,5,0,2.55305,3,"A few times per week",4,0,4,5,5,5,6,1,4,6,1,5,6,6,2,1.80691666666667,9,0,0.5,0,0,NA,NA,NA,NA,NA,NA,NA,NA,NA,3,3,2,3,3,3,3,3,4,4,4,4,3,3,4,3,2.02048333333333,1.26308333333333,0.617733333333333,FALSE,TRUE,FALSE,TRUE,FALSE,FALSE,TRUE,TRUE,FALSE,TRUE,FALSE,FALSE,FALSE,NA,NA,1,8.81007310795985,7.79661016949153
"S006","os",2025-07-23 18:19:30,49.8527666666667,"chrome 138.0.0","false","Mac OS",1196,941,"Female",28,"Master",TRUE,"United Kingdom","White",4,1,4,"took me an hour, not half an hour",4,2,4,3,2,4,5,2,2,3,4,4,3,4,4,3,3,4,5,3,1,2,4,2,0,2,4,5,4,2,3,3,4,1,2.806,2,NA,3,1,4,4,5,4,3,1,2,6,4,4,2,6,2,1.6933,7,0.5,0.5,0,0,0.783983333333333,2,2,4,1,3,2,3,0,3,2,2,2,1,1,2,2,2,2,1,2,1,2,1,0,2.54358333333333,0.74845,0.359833333333333,FALSE,FALSE,FALSE,TRUE,FALSE,FALSE,TRUE,FALSE,TRUE,FALSE,FALSE,FALSE,FALSE,NA,NA,NA,10.9677576466004,7.29144749659069
"S204","prolific",2025-08-17 18:30:26,33.9278833333333,"chrome 139.0.0","false","Windows 10",1802,752,"Male",45,"Bachelor",FALSE,"United Kingdom","White",2,4,4,NA,5,2,4,2,4,1,4,5,4,3,5,0,5,0,0,1,0,5,0,1,0,1,5,1,0,0,1,0,4,1,2,0,5,0,3.7093,4,"A few times per month",5,2,6,5,6,1,1,2,1,5,5,6,6,5,4,1.59821666666667,8,0,0,0,0,NA,NA,NA,NA,NA,NA,NA,NA,NA,2,3,1,2,2,2,2,1,2,4,1,2,2,2,2,2,1.75293333333333,0.825683333333333,0.200516666666667,FALSE,FALSE,FALSE,TRUE,FALSE,FALSE,TRUE,FALSE,FALSE,TRUE,FALSE,FALSE,FALSE,NA,NA,0.5,35.4938632378726,29.9915254237288
"S074","prolific",2025-08-15 12:20:02,28.27305,"chrome 137.0.0","false","Windows 10",1034,528,"Male",33,"Bachelor",FALSE,"United Kingdom","South Asian",1,1,4,NA,5,4,5,2,1,5,5,2,3,5,3,5,5,2,5,0,2,1,5,2,1,2,4,2,0,0,3,1,5,2,2,6,5,1,1.79471666666667,4,"A few times per day",2,5,4,5,5,2,5,1,1,4,2,6,6,1,5,0.851933333333333,2,3,2,3,3,NA,NA,NA,NA,NA,NA,NA,NA,NA,3,3,1,2,3,4,3,3,3,1,2,1,2,1,3,2,1.10836666666667,0.25525,0.214333333333333,FALSE,FALSE,FALSE,FALSE,TRUE,FALSE,TRUE,TRUE,FALSE,TRUE,FALSE,FALSE,FALSE,NA,NA,0.833333333333333,10.9426466516965,15.1161802812115
"S130","prolific",2025-08-15 16:18:19,22.7832333333333,"chrome 139.0.0","false","Mac OS",1512,823,"Male",43,"Doctorate",NA,"United Kingdom","Southeast Asian",4,4,4,NA,5,4,4,1,1,4,3,4,4,6,2,4,2,3,1,2,4,5,2,4,2,1,1,1,4,2,4,2,4,5,2,2,4,3,1.23535,4,"Once a day",2,4,2,4,3,3,3,4,4,1,2,4,5,1,6,0.6294,6,0.5,1,0.5,0.5,NA,NA,NA,NA,NA,NA,NA,NA,NA,2,2,2,1,2,2,1,1,2,2,2,2,3,3,2,1,0.688883333333333,0.475583333333333,0.51235,TRUE,FALSE,FALSE,TRUE,FALSE,TRUE,FALSE,FALSE,TRUE,TRUE,FALSE,FALSE,FALSE,NA,NA,0.666666666666667,7.28813559322034,22.0310734463277
"S184","prolific",2025-08-17 16:50:09,26.5183166666667,"edge-chromium 138.0.0","false","Windows 10",1358,642,"Female",26,"High school",TRUE,"United States","White",3,3,4,NA,5,1,3,2,0,3,5,2,3,2,3,5,5,1,4,0,1,2,5,1,1,2,4,1,0,0,2,0,2,1,1,4,4,0,1.33291666666667,4,"A few times per day",4,4,4,5,4,3,3,5,5,2,5,3,6,3,5,0.673933333333333,5,1,2,1,2,NA,NA,NA,NA,NA,NA,NA,NA,NA,2,2,1,1,3,1,3,4,2,2,1,2,3,3,3,3,1.31816666666667,0.448083333333333,0.152333333333333,FALSE,FALSE,FALSE,TRUE,FALSE,FALSE,TRUE,FALSE,FALSE,FALSE,FALSE,TRUE,FALSE,3,NA,0.833333333333333,41.2849563405583,36.671287046287
"S117","prolific",2025-08-15 15:42:31,37.3158833333333,"chrome 139.0.0","false","Windows 10",1536,730,"Male",55,"Bachelor",FALSE,"United Kingdom","South Asian",2,4,4,"I cannot tell the difference",1,1,4,0,1,4,5,0,0,2,2,6,6,0,5,3,0,6,5,1,2,1,2,0,0,1,0,4,2,4,0,6,1,1,2.42261666666667,3,"A few times per day",5,5,5,4,5,2,1,2,5,3,5,6,6,5,6,1.34263333333333,7,0,0.5,0.5,0.5,NA,NA,NA,NA,NA,NA,NA,NA,NA,4,4,2,3,4,4,4,2,3,1,3,2,3,2,3,3,1.88191666666667,1.25808333333333,0.402316666666667,FALSE,FALSE,FALSE,TRUE,FALSE,FALSE,TRUE,FALSE,TRUE,FALSE,FALSE,FALSE,FALSE,NA,NA,1,12.5423728813559,2.88135593220339
"S035","prolific",2025-08-15 07:35:50,32.8889333333333,"chrome 139.0.0","false","Windows 10",1920,953,"Female",57,"Bachelor",FALSE,"United States","White",1,1,3,NA,0,1,3,2,1,2,4,1,3,5,4,1,3,2,0,1,1,2,4,1,1,1,2,2,0,1,2,1,4,1,1,1,3,2,2.84585,2,"A few times per month",5,4,5,3,5,3,2,5,4,3,4,2,6,3,4,1.44993333333333,8,0,1,0.5,1,NA,NA,NA,NA,NA,NA,NA,NA,NA,3,1,1,1,3,2,3,2,1,2,1,1,2,2,1,1,2.4134,0.953366666666667,0.433283333333333,TRUE,FALSE,FALSE,FALSE,TRUE,FALSE,TRUE,FALSE,FALSE,TRUE,FALSE,FALSE,FALSE,NA,NA,1,56.3248587570621,25.2945645821157
"S026","fw",2025-08-09 13:37:48,86.1746,"chromium-webview 139.0.7258","true","Android OS",980,1835,"Female",54,"High school",FALSE,"United Kingdom","White",2,2,3,"Some of the questions were way more personally intrusive than I was expecting, eg.... about our sexual arousal !?
Strange questions to be asking. ",5,5,5,4,1,5,2,5,1,5,5,6,5,5,5,0,5,5,2,5,1,5,4,4,0,2,4,0,5,5,5,5,5,1,6.71533333333333,2,"A few times per month",2,0,4,4,4,3,4,0,5,6,2,6,6,6,1,3.25761666666667,5,2,3,3,3,2.71288333333333,0,2,3,3,2,3,3,2,4,4,4,4,4,4,4,4,4,4,4,4,4,4,4,4,4.95553333333333,1.78415,1.29251666666667,FALSE,TRUE,TRUE,FALSE,FALSE,FALSE,TRUE,FALSE,TRUE,FALSE,FALSE,FALSE,FALSE,NA,NA,NA,10.103612332995,5.02440349851836
"S324","prolific",2025-08-26 15:58:43,29.0638666666667,"chrome 139.0.0","false","Mac OS",1487,896,"Male",38,"High school",FALSE,"United Kingdom","White",3,4,4,NA,6,0,4,0,2,2,2,0,0,3,3,3,5,2,6,0,0,0,0,0,0,0,3,0,0,0,0,2,2,0,0,5,4,2,1.84178333333333,2,"A few times per month",3,4,3,3,3,3,4,3,4,4,4,3,6,3,5,0.9863,9,0,0,0,0,NA,NA,NA,NA,NA,NA,NA,NA,NA,2,3,3,3,2,0,2,1,3,2,3,3,0,0,0,0,1.58328333333333,0.995283333333333,0.279783333333333,FALSE,FALSE,FALSE,FALSE,TRUE,FALSE,TRUE,FALSE,FALSE,FALSE,FALSE,FALSE,TRUE,NA,4,1,20.6864406779661,0.677966101694915
"S014","os",2025-07-25 22:53:57,60.2822833333333,"chrome 138.0.0","false","Windows 10",1366,599,"Female",25,"Bachelor",TRUE,"Belgium","Middle Eastern/North African",4,3,3,NA,3,0,4,3,1,4,4,1,3,3,4,5,3,1,2,1,0,1,3,1,1,1,4,1,0,1,4,1,3,2,1,1,3,1,4.97181666666667,2,NA,3,3,1,4,2,4,5,3,4,4,3,4,3,5,3,2.08368333333333,7,0.5,0.5,0.5,0.5,1.05028333333333,3,2,0,2,3,2,2,4,4,3,3,2,3,2,4,3,3,2,4,4,2,3,4,4,3.15858333333333,1.98325,0.282466666666667,FALSE,TRUE,TRUE,TRUE,FALSE,FALSE,TRUE,FALSE,TRUE,TRUE,FALSE,FALSE,FALSE,NA,NA,NA,NA,NA
"S280","prolific",2025-08-18 13:27:23,44.9115166666667,"chrome 138.0.0","false","Windows 10",1536,695,"Female",41,"High school",FALSE,"United Kingdom","White",2,4,4,NA,1,3,6,5,1,6,6,4,4,6,6,5,6,5,6,4,1,4,2,4,1,2,6,1,0,1,4,5,6,4,4,6,5,5,2.4654,3,"A few times per week",6,5,5,2,5,2,5,6,6,2,6,1,6,4,6,1.27183333333333,6,0,0,0,0,NA,NA,NA,NA,NA,NA,NA,NA,NA,2,3,2,3,2,3,3,3,2,1,1,2,2,2,3,3,2.53458333333333,0.567,0.286616666666667,FALSE,TRUE,FALSE,FALSE,FALSE,FALSE,TRUE,FALSE,FALSE,TRUE,FALSE,FALSE,FALSE,NA,NA,0.666666666666667,29.3890512370933,6.10169491525424
"S250","prolific",2025-08-18 09:38:07,30.8364333333333,"chrome 139.0.0","false","Windows 10",1368,743,"Male",31,"Bachelor",TRUE,"United Kingdom","Black",3,4,4,"no",3,2,4,3,1,2,2,2,3,5,3,3,2,3,2,3,3,3,1,2,1,1,4,3,0,2,3,3,4,2,2,3,3,4,2.3839,5,"Once a day",3,5,4,4,3,4,3,5,3,1,4,3,6,5,6,1.1516,10,1,0.5,0,0.5,NA,NA,NA,NA,NA,NA,NA,NA,NA,2,3,3,2,3,2,4,3,1,3,3,2,2,3,4,4,1.4086,1.0792,0.505533333333333,FALSE,FALSE,FALSE,TRUE,FALSE,TRUE,FALSE,FALSE,FALSE,FALSE,TRUE,FALSE,FALSE,NA,NA,0.666666666666667,17.4446093792952,7.95766155675961
"S183","prolific",2025-08-17 16:50:06,36.9895666666667,"edge-chromium 139.0.0","false","Windows 10",1311,644,"Female",39,"Bachelor",FALSE,"United States","Black",4,4,4,"Thanks for letting me participate.",6,6,6,5,5,6,2,6,4,6,6,6,6,6,6,0,0,6,3,5,0,3,6,0,0,0,0,0,6,5,3,6,5,3,2.89491666666667,5,"A few times per day",5,6,6,0,6,1,4,6,5,0,6,3,6,1,6,1.24346666666667,7,0,0,0,0,NA,NA,NA,NA,NA,NA,NA,NA,NA,3,3,0,0,1,0,0,0,2,2,2,0,3,1,2,0,2.75711666666667,1.63183333333333,0.255566666666667,FALSE,FALSE,TRUE,FALSE,FALSE,FALSE,TRUE,FALSE,TRUE,FALSE,FALSE,FALSE,FALSE,NA,NA,1,12.6746031746032,10.1209150326797
"S237","prolific",2025-08-18 08:34:54,42.9130166666667,"chrome 139.0.0","false","Windows 10",1366,641,"Male",55,"Master",FALSE,"United Kingdom","White",3,3,4,NA,3,1,3,5,5,4,6,1,2,2,6,6,4,4,3,3,3,6,5,2,3,1,0,5,0,5,4,5,2,1,2,6,4,2,3.78306666666667,3,"A few times per month",3,3,4,4,3,3,2,3,3,5,3,3,6,3,2,1.76426666666667,5,2,2,2,2,NA,NA,NA,NA,NA,NA,NA,NA,NA,2,3,2,1,3,3,4,3,2,2,1,3,1,2,2,1,2.52935,1.80751666666667,0.145283333333333,FALSE,FALSE,FALSE,FALSE,TRUE,FALSE,TRUE,FALSE,FALSE,TRUE,FALSE,FALSE,FALSE,NA,NA,0.833333333333333,11.7696078431373,1.95833333333333
"S242","prolific",2025-08-18 09:20:18,30.8527,"chrome 138.0.0","false","Mac OS",1470,743,"other",26,"Master",FALSE,"Ireland","White",4,1,3,NA,4,4,5,2,3,4,4,3,2,2,4,4,4,3,5,1,1,1,3,3,2,1,4,2,0,1,3,2,2,4,4,5,2,4,2.17221666666667,2,"Never",4,2,4,3,5,2,3,2,4,5,5,6,6,6,3,1.03995,4,0.5,1,1,0.5,NA,NA,NA,NA,NA,NA,NA,NA,NA,3,3,1,3,2,1,2,2,2,1,2,2,2,3,1,2,2.0774,0.915066666666667,1.61186666666667,FALSE,TRUE,FALSE,TRUE,FALSE,FALSE,TRUE,FALSE,TRUE,FALSE,FALSE,FALSE,FALSE,NA,NA,1,9.72598870056497,18.2627118644068
"S127","prolific",2025-08-15 16:10:44,36.7483833333333,"chrome 116.0.0","false","Mac OS",1440,814,"Female",24,"Bachelor",FALSE,"United Kingdom","White",0,3,3,NA,3,5,4,4,0,5,4,4,4,5,5,0,4,4,4,0,5,5,5,4,4,4,4,5,0,0,2,5,4,4,5,0,2,4,3.283,4,"A few times per week",5,4,4,4,4,4,5,5,4,4,5,5,6,4,5,2.09108333333333,7,0,0,0.5,0,NA,NA,NA,NA,NA,NA,NA,NA,NA,3,3,2,2,2,0,0,0,3,2,2,2,3,2,3,3,1.40471666666667,2.81126666666667,0.237616666666667,FALSE,FALSE,FALSE,TRUE,FALSE,FALSE,TRUE,FALSE,TRUE,FALSE,FALSE,FALSE,FALSE,NA,NA,1,13.631734119539,14.2584651121236
"S144","prolific",2025-08-15 16:49:01,42.56015,"crios 139.0.0","false","Mac OS",980,1681,"Male",22,"Master",FALSE,"United Kingdom","Black",5,4,4,NA,0,4,4,4,3,5,1,0,2,5,5,6,6,3,1,0,0,2,1,5,0,6,4,5,0,3,4,4,5,4,6,1,6,2,2.3419,4,"A few times per week",5,5,4,5,4,3,5,5,6,3,4,4,6,3,4,0.794333333333333,7,0,0.5,0.5,0.5,NA,NA,NA,NA,NA,NA,NA,NA,NA,3,2,1,1,2,1,3,3,4,3,2,3,0,1,2,0,2.24898333333333,0.1382,0.268866666666667,TRUE,FALSE,FALSE,TRUE,FALSE,FALSE,TRUE,FALSE,FALSE,FALSE,TRUE,FALSE,FALSE,NA,NA,1,1.76470588235294,3.23529411764706
"S096","prolific",2025-08-15 13:44:55,39.10715,"safari 18.6.0","false","Mac OS",1251,938,"Female",43,"High school",FALSE,"United Kingdom","White",3,4,4,NA,3,2,6,4,2,5,2,3,3,3,6,5,4,4,4,0,0,0,4,2,0,0,3,0,0,1,4,0,4,0,0,5,6,4,2.88021666666667,3,"A few times per week",6,4,6,4,6,4,2,5,5,4,6,5,6,5,5,1.85171666666667,8,0.5,1,0.5,0,NA,NA,NA,NA,NA,NA,NA,NA,NA,3,3,2,3,4,1,4,1,4,3,3,3,3,4,2,1,3.02088333333333,0.936266666666667,0.512216666666667,TRUE,FALSE,FALSE,FALSE,TRUE,FALSE,TRUE,FALSE,TRUE,TRUE,FALSE,FALSE,FALSE,NA,NA,0.666666666666667,25.458796025716,5.1052016364699
"S283","prolific",2025-08-18 14:32:36,40.0856333333333,"chrome 139.0.0","false","Windows 10",1366,645,"Female",40,"Master",TRUE,"United Kingdom","White",5,3,4,"It was interesting - a lot of the paintings were quite dark! And not many in my preferred genres (pre-raphaelite, expressionism, surrealism, impressionism) hence the slightly lacklustre emotional response / willingness to buy for some. Some did seem a bit off and could have been AI. I dislike AI due to its huge environmental impact and many inaccuracies. ",5,5,4,4,0,5,2,4,3,5,5,5,5,4,5,0,4,0,0,5,0,4,4,0,0,1,5,1,4,5,5,5,4,0,1.88716666666667,4,"A few times per week",0,0,3,6,2,5,5,2,2,5,0,6,6,5,3,1.10416666666667,7,0,0.5,0,0,NA,NA,NA,NA,NA,NA,NA,NA,NA,3,3,2,4,3,2,3,2,3,3,2,3,3,3,3,3,2.30381666666667,0.64795,0.27285,FALSE,FALSE,FALSE,TRUE,FALSE,FALSE,TRUE,FALSE,FALSE,TRUE,FALSE,TRUE,FALSE,4,NA,0.5,0,0
"S343","prolific",2025-08-28 12:18:20,35.66535,"chrome 132.0.0","false","Windows 10",1366,607,"Female",60,"High school",FALSE,"United States","White",3,4,4,"I enjoyed this study very much",1,5,1,1,0,6,2,1,1,0,0,6,5,4,6,2,0,4,0,2,0,0,0,0,0,0,2,0,2,0,1,5,3,0,2.24446666666667,3,"A few times per day",5,6,6,4,6,5,0,6,5,1,5,2,6,0,6,1.25215,8,0,0,0,0,NA,NA,NA,NA,NA,NA,NA,NA,NA,3,3,3,3,4,4,4,4,4,4,4,4,4,4,4,4,1.7193,0.54315,0.314133333333333,FALSE,FALSE,FALSE,FALSE,TRUE,FALSE,TRUE,FALSE,TRUE,FALSE,FALSE,FALSE,FALSE,NA,NA,0.833333333333333,13.7332077840552,19.1150421582264
"S268","prolific",2025-08-18 13:11:27,31.9932333333333,"chrome 139.0.0","false","Windows 10",1536,889,"Female",39,"Bachelor",FALSE,"United Kingdom","White",1,4,4,"thank you",3,4,5,1,1,5,2,2,5,3,5,5,4,1,6,0,1,4,4,3,0,4,4,0,0,1,1,3,4,2,3,5,3,2,2.37153333333333,3,"A few times per week",3,5,4,4,4,2,4,4,4,1,3,5,6,1,5,1.00715,7,0,0,0,0,NA,NA,NA,NA,NA,NA,NA,NA,NA,3,2,2,2,3,2,3,2,1,1,1,3,3,3,3,3,1.77613333333333,0.495016666666667,0.251516666666667,FALSE,TRUE,FALSE,FALSE,FALSE,FALSE,TRUE,FALSE,TRUE,FALSE,FALSE,FALSE,FALSE,NA,NA,1,44.6573916833726,7.8087561245456
"S062","prolific",2025-08-15 11:14:46,27.1267166666667,"chrome 137.0.0","false","Mac OS",1680,1050,"Female",23,"Master",TRUE,"United Kingdom","White",2,3,4,NA,6,3,1,4,4,5,2,4,0,3,5,2,3,3,6,0,0,0,5,5,0,2,0,0,0,3,4,0,5,4,2,3,5,1,1.2804,5,"A few times per day",5,4,5,5,6,1,4,4,5,5,2,6,6,5,3,1.50868333333333,9,0,0,0,0,NA,NA,NA,NA,NA,NA,NA,NA,NA,4,4,4,4,4,4,4,4,4,4,4,4,4,3,4,3,0.6994,0.624716666666667,0.2584,FALSE,TRUE,FALSE,TRUE,FALSE,FALSE,TRUE,FALSE,TRUE,FALSE,FALSE,FALSE,FALSE,NA,NA,1,6.88013648967539,20.4964306418443
"S273","prolific",2025-08-18 13:12:39,26.0977833333333,"edge-chromium 139.0.0","false","Windows 10",1528,738,"Female",39,"High school",FALSE,"United Kingdom","White",5,4,4,NA,1,1,3,3,2,1,5,0,0,3,4,0,0,0,0,0,0,3,2,4,3,1,3,3,0,0,2,2,5,4,2,0,2,3,1.764,4,"A few times per month",5,3,4,3,4,3,3,5,4,1,4,3,6,2,6,0.906966666666667,5,1,2,0.5,1,NA,NA,NA,NA,NA,NA,NA,NA,NA,2,1,0,2,2,2,3,1,2,2,2,3,1,1,2,2,1.30581666666667,0.6803,0.264133333333333,TRUE,FALSE,TRUE,FALSE,FALSE,FALSE,TRUE,FALSE,FALSE,FALSE,FALSE,TRUE,FALSE,3,NA,1,41.1002443121087,24.7180474115459
"S033","prolific",2025-08-15 05:58:53,27.36145,"firefox 141.0.0","false","Windows 10",949,808,"Female",42,"High school",FALSE,"United States","White",4,4,4,"Most of them I couldn't really tell the difference between AI and human",4,5,6,5,2,5,1,5,4,5,6,6,6,6,5,1,0,4,4,5,1,5,4,1,0,5,5,2,5,5,6,6,5,4,2.1733,4,"A few times per week",5,6,4,5,6,5,5,5,4,0,2,2,6,0,6,1.02965,9,0,0,0,0,NA,NA,NA,NA,NA,NA,NA,NA,NA,3,4,2,1,4,2,2,4,4,2,3,4,3,2,3,2,1.46688333333333,0.945283333333333,0.284633333333333,FALSE,FALSE,FALSE,FALSE,TRUE,FALSE,TRUE,FALSE,TRUE,FALSE,FALSE,TRUE,FALSE,4,NA,1,20,20
"S339","prolific",2025-08-28 09:58:48,32.3766333333333,"chrome 139.0.0","false","Windows 10",1366,607,"Female",31,"Bachelor",FALSE,"United States","White",4,4,4,"Interesting study. Was engaging. ",4,3,4,3,3,2,2,3,2,2,3,4,6,2,4,1,1,1,2,3,3,2,3,1,0,2,2,4,2,2,2,5,4,2,2.64146666666667,4,"A few times per day",2,5,4,4,4,3,2,5,6,5,2,1,6,5,6,1.19151666666667,8,0,1,0,0.5,NA,NA,NA,NA,NA,NA,NA,NA,NA,4,3,3,3,3,1,1,1,4,3,3,3,4,4,3,2,1.87193333333333,0.465566666666667,0.174583333333333,TRUE,FALSE,FALSE,TRUE,FALSE,FALSE,TRUE,FALSE,FALSE,FALSE,FALSE,FALSE,FALSE,NA,NA,0.833333333333333,2.17391304347826,16.897233201581
"S191","prolific",2025-08-17 17:49:06,26.6761166666667,"chrome 139.0.0","false","Windows 10",1536,730,"Male",35,"Bachelor",FALSE,"United Kingdom","White",1,3,4,NA,5,5,5,5,4,4,3,5,2,5,5,4,3,4,5,2,0,2,2,2,0,5,3,1,0,4,4,4,5,5,5,4,5,4,1.63495,3,"A few times per week",4,4,4,2,4,1,3,5,4,2,4,2,6,2,5,0.8819,6,0.5,0,0.5,0.5,NA,NA,NA,NA,NA,NA,NA,NA,NA,3,3,1,3,4,2,3,4,4,2,2,4,2,3,4,3,1.40586666666667,0.461183333333333,0.150183333333333,FALSE,FALSE,FALSE,TRUE,FALSE,FALSE,TRUE,FALSE,TRUE,FALSE,FALSE,FALSE,FALSE,NA,NA,0.5,24.174997535246,44.334198086045
"S076","prolific",2025-08-15 12:30:34,34.43195,"firefox 141.0.0","false","Mac OS",1769,968,"Male",32,"Doctorate",NA,"India","South Asian",4,4,4,NA,1,1,5,2,4,1,1,2,3,5,5,2,2,2,3,4,3,0,5,2,2,1,1,3,0,5,3,1,4,2,2,6,2,3,2.72136666666667,5,"A few times per day",2,5,4,5,4,4,6,4,3,1,3,6,6,2,6,1.59055,7,0.5,0.5,0,0,NA,NA,NA,NA,NA,NA,NA,NA,NA,2,2,1,2,3,1,3,3,3,3,0,3,3,3,3,1,3.36488333333333,0.668816666666667,0.864533333333333,FALSE,FALSE,FALSE,TRUE,TRUE,FALSE,TRUE,FALSE,FALSE,FALSE,TRUE,TRUE,FALSE,4,NA,1,20,20
"S056","prolific",2025-08-15 11:08:00,42.6693666666667,"chrome 138.0.0","false","Windows 10",1920,919,"Female",54,"Master",FALSE,"United Kingdom","White",4,3,4,NA,6,1,4,0,0,4,0,0,0,1,1,6,3,3,6,1,0,6,1,2,0,0,2,0,0,1,2,4,2,2,3,3,2,1,3.0609,3,"A few times per week",0,3,1,3,3,2,4,0,0,6,3,5,6,6,4,1.58441666666667,6,0,0.5,0,0,NA,NA,NA,NA,NA,NA,NA,NA,NA,1,0,0,1,0,0,1,1,1,0,1,0,0,0,0,0,1.90956666666667,0.996783333333333,0.320166666666667,FALSE,FALSE,FALSE,FALSE,FALSE,FALSE,FALSE,FALSE,TRUE,TRUE,FALSE,FALSE,FALSE,NA,NA,0.833333333333333,42.4478114478114,21.0224277818617
"S243","prolific",2025-08-18 09:33:23,21.0995666666667,"edge-chromium 139.0.0","false","Windows 10",1912,954,"Male",39,"High school",FALSE,"United Kingdom","White",0,4,4,"nothing",3,5,6,4,5,6,0,3,4,6,5,5,5,5,4,0,0,1,0,5,0,6,1,1,0,0,3,0,6,4,6,4,2,5,1.10233333333333,6,"A few times per day",5,6,4,5,3,2,1,5,3,0,2,5,6,0,6,0.539733333333333,10,0,0,0,0,NA,NA,NA,NA,NA,NA,NA,NA,NA,2,1,3,2,2,2,1,3,3,1,1,2,1,2,2,2,0.620816666666667,0.121516666666667,0.0277333333333333,FALSE,FALSE,FALSE,FALSE,TRUE,FALSE,TRUE,FALSE,FALSE,FALSE,FALSE,TRUE,FALSE,4,NA,1,10.3389830508475,23.0508474576271
"S004","fw",2025-07-22 22:25:24,40.8117166666667,"facebook 519.0.0","true","iOS",980,1701,"Female",61,"Bachelor",FALSE,"United Kingdom","White",6,4,3,NA,6,0,3,6,3,5,0,0,0,0,6,6,6,4,4,6,0,2,6,0,0,0,0,6,0,2,5,0,4,4,0,6,6,2,2.63211666666667,3,NA,4,0,5,3,5,2,2,2,6,2,4,2,0,6,3,1.24103333333333,5,0.5,2,2,2,0.714083333333333,0,0,0,4,2,0,0,4,4,4,4,4,4,2,2,2,4,4,4,4,4,4,4,4,2.77905,0.49495,0.550933333333333,FALSE,FALSE,FALSE,FALSE,TRUE,FALSE,TRUE,FALSE,FALSE,TRUE,FALSE,FALSE,FALSE,NA,NA,NA,1.35885447106955,0.172413793103448
"S024","os",2025-08-08 16:39:56,79.2715333333333,"chrome 139.0.0","false","Mac OS",1714,1014,"Female",35,"Master",FALSE,"United Kingdom","White",6,4,4,"I think that in the last part, if the participant chooses AI and the first slider, then the second slider should be automatically blocked (choice between replica or original)",2,0,6,3,2,5,0,0,5,5,6,6,6,4,2,0,0,0,3,0,0,0,3,0,0,2,4,3,6,1,0,3,6,1,10.23235,4,"A few times per week",6,5,6,3,6,5,6,6,6,5,6,3,3,6,5,6.45846666666667,9,3,0,0.5,0,2.07853333333333,1,1,0,4,2,0,0,3,4,4,4,4,4,4,4,4,4,3,3,4,4,4,4,4,3.22505,1.9913,0.426466666666667,FALSE,FALSE,FALSE,TRUE,FALSE,FALSE,FALSE,FALSE,TRUE,FALSE,FALSE,FALSE,FALSE,NA,NA,NA,6.2010520163647,3.34745762711864
"S164","prolific",2025-08-17 11:47:34,36.508,"crios 139.0.7258","true","iOS",980,1628,"Female",55,"Master",FALSE,"United States","White",5,4,4,NA,4,5,2,4,1,4,5,2,4,2,5,3,3,5,4,4,1,3,4,5,1,4,4,3,0,1,5,2,3,5,4,3,2,1,2.48905,4,"A few times per week",5,3,6,6,6,5,4,6,5,4,4,6,6,5,4,1.28616666666667,6,1,1,1,1,NA,NA,NA,NA,NA,NA,NA,NA,NA,3,3,2,1,3,3,3,3,2,2,2,3,3,3,3,3,1.6382,1.87765,0.354916666666667,FALSE,FALSE,FALSE,TRUE,FALSE,FALSE,TRUE,FALSE,FALSE,FALSE,FALSE,FALSE,TRUE,NA,1,0.833333333333333,3.96551724137931,10
"S045","prolific",2025-08-15 09:22:23,24.56815,"safari 17.4.1","false","Mac OS",1388,795,"Male",55,"Bachelor",FALSE,"United Kingdom","White",3,3,4,NA,1,1,5,3,0,1,3,1,0,2,4,5,5,1,2,0,0,5,1,4,2,2,2,3,0,0,0,5,3,1,2,5,3,0,1.55278333333333,2,"A few times per month",4,3,4,4,5,2,3,2,5,3,4,4,6,5,2,0.727016666666667,7,2,1,2,1,NA,NA,NA,NA,NA,NA,NA,NA,NA,2,4,1,2,3,2,3,2,4,4,4,4,3,3,2,2,1.17941666666667,0.835416666666667,0.249283333333333,FALSE,FALSE,FALSE,TRUE,TRUE,FALSE,TRUE,FALSE,TRUE,FALSE,FALSE,FALSE,FALSE,NA,NA,1,9.13793103448276,11.0344827586207
"S278","prolific",2025-08-18 13:20:51,35.0849,"chrome 109.0.0","false","Windows 10",1366,625,"Male",58,"Master",FALSE,"United Kingdom","White",5,4,4,NA,4,2,6,3,0,6,2,5,5,4,5,6,6,4,5,0,0,1,1,3,3,4,1,0,0,1,3,3,4,5,5,6,5,1,2.27045,5,"A few times per week",3,2,5,6,5,5,5,0,3,2,4,6,6,3,3,1.17528333333333,9,0,0,0,0,NA,NA,NA,NA,NA,NA,NA,NA,NA,3,3,4,2,3,2,2,3,3,3,3,3,3,3,2,3,1.83625,0.265766666666667,0.261283333333333,FALSE,TRUE,FALSE,TRUE,FALSE,FALSE,TRUE,FALSE,TRUE,FALSE,FALSE,FALSE,FALSE,NA,NA,1,38.2544103406172,24.6387871387871
"S153","prolific",2025-08-15 17:20:57,32.39405,"chrome 139.0.0","false","Windows 10",1536,730,"Male",34,"High school",FALSE,"United Kingdom","White",0,4,4,NA,4,2,5,5,1,4,4,3,1,4,5,4,1,6,6,0,4,4,4,5,2,2,6,1,0,0,5,0,4,4,0,1,5,4,1.96901666666667,1,"A few times per month",6,5,2,5,4,1,5,0,4,4,0,4,6,4,4,0.988266666666667,6,0.5,1,1,0.5,NA,NA,NA,NA,NA,NA,NA,NA,NA,1,1,0,0,2,3,2,2,1,0,1,1,2,2,1,3,2.43281666666667,0.728,0.157533333333333,FALSE,FALSE,FALSE,FALSE,TRUE,FALSE,TRUE,FALSE,FALSE,TRUE,FALSE,FALSE,FALSE,NA,NA,0.833333333333333,12.9463276836158,9.40395480225989
"S134","prolific",2025-08-15 16:27:56,40.7169833333333,"chrome 139.0.0","false","Windows 10",1280,597,"Male",54,"Master",FALSE,"United Kingdom","White",3,0,4,NA,5,4,3,1,0,2,0,2,3,2,4,5,6,2,2,0,5,4,5,3,5,4,0,0,0,0,1,4,4,2,4,5,4,0,2.0383,4,"A few times per day",4,1,5,4,6,2,4,2,4,5,5,6,6,5,5,1.19401666666667,7,0.5,0.5,0.5,0.5,NA,NA,NA,NA,NA,NA,NA,NA,NA,3,2,1,2,1,1,2,2,2,1,2,2,1,1,2,0,2.60905,1.12225,0.284416666666667,FALSE,TRUE,FALSE,FALSE,TRUE,FALSE,TRUE,FALSE,TRUE,FALSE,FALSE,FALSE,TRUE,NA,3,0.833333333333333,7.63164508171446,24.7307765211348
"S200","prolific",2025-08-17 18:17:27,39.7235,"chrome 139.0.0","false","Windows 10",1098,483,"Female",53,"Bachelor",FALSE,"United Kingdom","White",3,3,4,NA,2,0,0,0,1,2,2,3,0,0,4,4,5,0,4,2,1,4,1,0,3,0,0,0,0,0,0,5,0,3,0,3,2,1,2.13291666666667,2,"A few times per week",1,4,6,1,6,2,1,3,5,1,2,1,6,4,4,1.12305,6,0.5,1,0.5,1,NA,NA,NA,NA,NA,NA,NA,NA,NA,1,1,0,0,1,2,2,1,2,2,1,1,2,1,2,2,1.92958333333333,1.39545,0.283166666666667,FALSE,FALSE,FALSE,TRUE,TRUE,FALSE,TRUE,FALSE,FALSE,TRUE,FALSE,FALSE,FALSE,NA,NA,0.833333333333333,24.4677576466004,15.0929281122151
"S296","prolific",2025-08-18 16:50:36,40.0804666666667,"chrome 138.0.0","false","Chrome OS",1536,730,"Female",49,"High school",FALSE,"United Kingdom","White",2,3,4,"nothing to add",0,4,6,2,2,4,0,3,3,2,3,6,6,4,4,0,0,0,6,0,0,0,5,0,0,3,3,0,4,0,0,4,5,1,2.08835,3,"A few times per week",5,4,6,1,5,0,0,5,4,1,6,4,6,1,4,1.00861666666667,8,0,0.5,0,0.5,NA,NA,NA,NA,NA,NA,NA,NA,NA,3,3,3,2,2,1,2,2,2,1,3,2,2,2,2,1,1.47901666666667,0.578483333333333,0.350183333333333,FALSE,FALSE,FALSE,TRUE,FALSE,TRUE,FALSE,FALSE,TRUE,FALSE,FALSE,FALSE,FALSE,NA,NA,0.833333333333333,3.65853658536585,6.66550522648084
"S345","prolific",2025-08-28 12:32:21,27.7636166666667,"safari 18.6.0","false","Mac OS",1220,952,"Male",32,"Bachelor",FALSE,"United States","White",2,0,3,"Survey needs to be shorter or higher pay. Very tedious.",3,0,3,1,3,2,0,3,3,3,6,3,3,3,0,3,0,4,2,2,3,1,1,2,0,0,0,6,1,3,0,1,3,1,3.84761666666667,4,"A few times per week",3,3,2,3,3,4,5,4,4,4,3,3,6,3,3,0.5858,5,0,0.5,0.5,0.5,NA,NA,NA,NA,NA,NA,NA,NA,NA,2,2,0,0,2,2,2,2,2,3,1,2,1,1,1,1,1.05918333333333,0.151683333333333,0.0982333333333333,FALSE,FALSE,FALSE,FALSE,TRUE,FALSE,TRUE,FALSE,FALSE,TRUE,FALSE,FALSE,FALSE,NA,NA,0.5,14.4827586206897,4.76329631794272
"S025","os",2025-08-08 17:41:39,91.2599166666667,"edge-chromium 139.0.0","false","Windows 10",1536,864,"Female",24,"Bachelor",TRUE,"United Kingdom","South Asian",3,3,3,NA,0,0,5,0,0,6,4,1,2,5,6,6,4,4,6,0,0,0,1,0,4,0,0,6,6,0,4,0,6,4,0,6,6,0,5.53113333333333,4,"A few times per week",1,0,0,4,1,3,3,1,2,6,0,6,6,6,1,2.03005,7,1,2,0.5,3,2.74876666666667,1,0,0,4,0,0,0,3,4,4,3,4,3,3,4,4,3,2,4,4,3,1,1,0,5.50718333333333,0.0622333333333333,1.66463333333333,FALSE,TRUE,FALSE,TRUE,FALSE,FALSE,TRUE,FALSE,TRUE,TRUE,FALSE,FALSE,FALSE,NA,NA,NA,8.96756282875511,2.19209039548023
"S215","prolific",2025-08-17 21:50:12,46.09885,"chrome 139.0.0","false","Windows 10",1163,532,"Male",46,"Bachelor",FALSE,"United Kingdom","South Asian",2,4,3,NA,2,4,5,2,2,1,4,3,3,4,4,4,3,3,0,2,3,3,4,2,4,3,5,1,0,2,2,2,3,2,3,4,5,3,2.86276666666667,4,"Once a day",4,6,5,3,5,4,5,5,4,0,5,5,6,1,6,1.29708333333333,3,1,0.5,2,1,NA,NA,NA,NA,NA,NA,NA,NA,NA,3,3,2,3,3,2,3,2,3,3,3,3,2,2,3,2,2.57455,2.814,1.56503333333333,FALSE,FALSE,FALSE,TRUE,FALSE,FALSE,TRUE,FALSE,FALSE,FALSE,FALSE,FALSE,FALSE,NA,NA,1,8.10734463276836,17.9350282485876
"S238","prolific",2025-08-18 08:37:13,50.38075,"chrome 139.0.0","false","Windows 10",1366,633,"Female",60,"Bachelor",FALSE,"United Kingdom","White",2,4,4,"I would have liked longer to look at the detail of the pictures to give a better assessment.",0,1,4,1,0,3,3,0,2,4,4,5,6,1,1,4,0,3,1,2,0,0,3,0,0,4,1,3,5,1,1,5,3,1,4.5249,0,"Never",4,4,4,3,5,3,3,4,3,3,4,3,6,4,4,2.04353333333333,9,0,0,0,0,NA,NA,NA,NA,NA,NA,NA,NA,NA,3,2,2,3,3,2,3,3,2,2,2,3,3,3,3,2,4.84913333333333,2.07243333333333,0.751116666666667,FALSE,FALSE,FALSE,FALSE,TRUE,FALSE,TRUE,FALSE,TRUE,FALSE,FALSE,FALSE,FALSE,NA,NA,1,1.25,2.8015873015873
"S248","prolific",2025-08-18 09:36:58,44.8399833333333,"chrome 137.0.0","false","Windows 10",1366,641,"Female",31,"Bachelor",FALSE,"United Kingdom","Black",5,4,4,"none",4,4,6,6,5,4,6,1,6,6,5,6,6,4,4,0,0,6,0,3,0,6,6,0,0,6,5,6,6,3,4,5,2,1,2.64605,5,"A few times per day",6,6,6,6,6,2,2,5,5,3,6,6,6,6,6,1.88823333333333,7,1,2,0.5,1,NA,NA,NA,NA,NA,NA,NA,NA,NA,4,4,3,2,3,3,3,1,4,4,4,3,3,2,4,4,2.2097,2.23223333333333,0.394816666666667,FALSE,TRUE,TRUE,FALSE,FALSE,FALSE,TRUE,FALSE,TRUE,TRUE,FALSE,FALSE,FALSE,NA,NA,1,3.35915182462292,13.6813343997047
"S287","prolific",2025-08-18 15:23:33,41.6441666666667,"chrome 139.0.0","false","Windows 10",1536,703,"Male",36,"Bachelor",FALSE,"United States","White",1,3,4,"No additional comments",1,1,5,4,2,2,4,3,3,3,4,4,6,2,5,1,1,2,2,4,3,4,2,2,4,1,3,4,4,2,4,5,3,1,1.47058333333333,3,"A few times per week",2,4,3,5,4,5,5,1,4,2,1,5,6,3,3,0.845766666666667,6,1,1,1,1,NA,NA,NA,NA,NA,NA,NA,NA,NA,1,1,1,2,2,2,3,1,1,1,1,2,2,2,3,1,0.990466666666667,0.370383333333333,0.0760166666666667,FALSE,TRUE,FALSE,FALSE,FALSE,FALSE,TRUE,FALSE,TRUE,FALSE,FALSE,FALSE,FALSE,NA,NA,1,17.6327683615819,28.0876680303916
"S334","prolific",2025-08-27 10:35:24,48.7273,"chrome 138.0.0","false","Chrome OS",1536,778,"Female",64,"High school",FALSE,"United Kingdom","White",1,4,4,"I accidently sat backwards during the last part of the survey. Apologies.",6,5,6,5,2,6,0,6,4,5,6,6,6,5,6,0,1,4,6,6,5,4,2,2,0,5,5,2,6,6,6,6,6,1,2.44875,4,"A few times per month",5,5,5,3,6,1,1,5,6,3,2,5,6,4,2,1.47713333333333,6,0.5,2,0.5,0.5,NA,NA,NA,NA,NA,NA,NA,NA,NA,3,3,3,4,2,3,1,4,4,1,1,3,3,2,3,2,2.93651666666667,1.16915,1.29525,FALSE,TRUE,FALSE,FALSE,FALSE,FALSE,TRUE,FALSE,FALSE,FALSE,FALSE,TRUE,FALSE,1,NA,0.666666666666667,14.8611111111111,5.81818181818182
"S152","prolific",2025-08-15 17:15:08,36.8589166666667,"firefox 141.0.0","false","Windows 10",907,963,"Male",20,"High school",TRUE,"United Kingdom","White",2,3,4,NA,2,0,0,0,4,0,0,0,0,1,4,1,1,0,0,0,0,0,0,0,0,0,0,0,0,0,0,0,0,0,0,0,4,0,0.949666666666667,4,"A few times per week",4,2,3,6,3,3,5,0,3,4,3,0,6,6,4,1.73291666666667,7,0,0,0,0,NA,NA,NA,NA,NA,NA,NA,NA,NA,0,0,0,0,1,1,1,0,1,0,0,0,1,1,0,0,0.760866666666667,0.241533333333333,0.0657333333333333,FALSE,TRUE,FALSE,TRUE,FALSE,FALSE,FALSE,FALSE,TRUE,TRUE,FALSE,FALSE,FALSE,NA,NA,1,20,20
"S275","prolific",2025-08-18 13:13:20,26.4958333333333,"edge-chromium 139.0.0","false","Windows 10",1528,804,"Male",31,"Master",FALSE,"United Kingdom","White",2,2,4,NA,2,3,3,2,2,4,4,3,2,3,5,5,5,4,5,0,1,3,4,4,5,2,1,4,0,2,3,4,2,5,5,3,4,3,1.16843333333333,3,"Once a day",4,5,3,6,5,1,5,4,4,5,1,5,6,4,6,0.87725,2,0.5,2,1,0.5,NA,NA,NA,NA,NA,NA,NA,NA,NA,2,3,1,2,3,3,2,2,4,2,1,4,3,2,4,2,1.26458333333333,0.5724,0.224716666666667,FALSE,TRUE,FALSE,FALSE,FALSE,FALSE,TRUE,FALSE,FALSE,TRUE,FALSE,FALSE,FALSE,NA,NA,1,7.26651081239041,5.59322033898305
"S226","prolific",2025-08-18 00:34:28,40.0803333333333,"chrome 139.0.0","false","Windows 10",681,680,"Male",36,"Master",TRUE,"United States","Southeast Asian",5,4,4,"I think the study should be broken into three parts so that means 2 breaks in between, as  it is hard to keep still",6,4,3,3,5,5,3,5,5,5,5,6,6,4,6,6,3,6,0,3,5,5,0,5,0,0,5,5,5,5,6,6,4,0,2.24986666666667,5,"A few times per day",6,4,1,3,5,6,6,6,5,3,6,5,6,1,6,1.03756666666667,1,0.5,0,1,0,NA,NA,NA,NA,NA,NA,NA,NA,NA,3,3,4,2,1,3,1,0,3,3,3,4,3,0,2,0,2.37426666666667,1.12858333333333,0.3001,FALSE,FALSE,FALSE,FALSE,TRUE,FALSE,TRUE,FALSE,TRUE,FALSE,FALSE,TRUE,FALSE,2,NA,0.5,16.3734476905209,9.4187979329186
"S042","prolific",2025-08-15 09:15:45,44.1960333333333,"firefox 141.0.0","false","Windows 10",1920,956,"Male",52,"High school",FALSE,"United Kingdom","White",3,4,4,"The study was fascinating and enjoyable to partake in, thank you :-)",2,0,6,0,0,4,0,0,6,6,5,6,6,0,3,0,0,2,2,0,0,0,2,0,0,4,0,0,6,0,0,6,6,0,4.62451666666667,3,"A few times per week",4,6,6,3,6,1,4,5,5,0,6,4,6,0,6,2.87456666666667,7,0,0,0,0,NA,NA,NA,NA,NA,NA,NA,NA,NA,3,3,2,3,2,2,2,3,3,2,2,1,2,1,1,1,4.814,1.50038333333333,0.907183333333333,FALSE,FALSE,FALSE,TRUE,FALSE,FALSE,TRUE,FALSE,TRUE,TRUE,FALSE,FALSE,FALSE,NA,NA,1,20,20
"S331","prolific",2025-08-27 10:32:26,26.29535,"chrome 139.0.0","false","Windows 10",1920,911,"Male",36,"High school",FALSE,"United Kingdom","White",1,4,4,NA,4,2,4,4,3,2,0,2,4,3,2,5,4,3,3,0,4,3,1,2,2,4,3,2,3,4,3,2,4,4,2,3,2,5,1.20396666666667,2,"A few times per month",3,5,4,4,5,4,4,4,3,6,4,4,6,4,6,0.812866666666667,8,0.5,0.5,0,0.5,NA,NA,NA,NA,NA,NA,NA,NA,NA,4,3,3,2,3,2,2,2,4,3,3,3,1,1,1,1,1.23216666666667,1.00168333333333,0.277816666666667,FALSE,FALSE,FALSE,FALSE,TRUE,FALSE,TRUE,FALSE,FALSE,FALSE,FALSE,TRUE,FALSE,2,NA,1,14.6553672316384,19.183615819209
"S129","prolific",2025-08-15 16:16:26,28.7913666666667,"edge-chromium 139.0.0","false","Windows 10",1528,738,"Female",26,"Master",FALSE,"United Kingdom","White",4,3,4,NA,4,4,4,4,1,2,2,4,4,4,5,3,3,4,4,0,0,2,4,4,0,0,3,3,0,0,4,1,5,4,4,3,4,2,1.41988333333333,4,"Once a day",4,4,6,6,6,3,3,1,4,3,1,6,6,3,4,0.8691,8,0,0.5,0,0.5,NA,NA,NA,NA,NA,NA,NA,NA,NA,3,3,3,2,3,3,2,3,3,3,3,1,3,3,3,3,1.64943333333333,0.626816666666667,0.26895,FALSE,TRUE,FALSE,TRUE,FALSE,FALSE,TRUE,FALSE,TRUE,TRUE,FALSE,FALSE,FALSE,NA,NA,0.833333333333333,15.184200272745,19.7754724332749
"S219","prolific",2025-08-17 21:50:33,39.5169166666667,"chrome 139.0.0","false","Windows 10",1600,739,"Female",37,"Bachelor",FALSE,"United Kingdom","White",2,3,4,NA,5,4,5,4,1,5,1,4,2,4,5,5,5,4,4,0,1,1,5,2,1,2,3,2,0,0,3,1,4,3,2,4,4,1,2.54741666666667,2,"Never",1,0,4,4,4,4,3,2,0,4,2,5,6,6,0,1.08573333333333,8,0,0,0,0,NA,NA,NA,NA,NA,NA,NA,NA,NA,3,3,2,3,2,2,1,3,2,2,3,2,1,2,1,1,2.7698,1.1409,4.82535,FALSE,TRUE,FALSE,FALSE,TRUE,FALSE,TRUE,FALSE,TRUE,TRUE,FALSE,FALSE,FALSE,NA,NA,1,32.5697208406886,31.7400641025641
"S210","prolific",2025-08-17 20:47:19,30.1334833333333,"chrome 139.0.0","false","Mac OS",1710,981,"Female",50,"Bachelor",FALSE,"United Kingdom","White",4,4,4,"none",5,5,6,2,0,5,4,4,4,6,5,6,5,4,5,0,4,0,5,5,2,5,4,1,0,6,3,0,6,5,3,5,6,3,1.54348333333333,4,"A few times per week",6,5,5,4,6,1,1,3,5,4,5,4,6,4,5,0.6902,7,0.5,0.5,0,0.5,NA,NA,NA,NA,NA,NA,NA,NA,NA,2,2,3,2,3,2,3,3,3,2,2,4,2,2,1,3,2.22136666666667,0.587066666666667,0.1666,FALSE,FALSE,FALSE,FALSE,TRUE,FALSE,TRUE,FALSE,FALSE,TRUE,FALSE,TRUE,FALSE,2,NA,1,12.0310734463277,12.5423728813559
"S123","prolific",2025-08-15 16:02:54,28.7105166666667,"chrome 138.0.0","false","Mac OS",1280,712,"Female",25,"Master",FALSE,"United Kingdom","White",3,4,4,"It was really interesting and thought provoking.. I really want to find out what was AI and what was original!",2,1,0,0,3,1,4,0,2,1,4,4,3,2,4,0,0,0,1,1,0,0,0,0,0,4,0,1,4,0,1,3,2,2,1.7051,1,"A few times per month",1,3,1,6,0,6,5,0,0,4,0,6,6,4,2,0.86965,9,0,0,0,0,NA,NA,NA,NA,NA,NA,NA,NA,NA,2,2,0,1,3,1,3,2,2,2,1,0,1,1,1,1,1.50555,0.56,0.294983333333333,FALSE,TRUE,TRUE,FALSE,FALSE,TRUE,FALSE,FALSE,TRUE,FALSE,FALSE,FALSE,FALSE,NA,NA,1,16.7062146892655,8.28813559322034
"S181","prolific",2025-08-17 16:05:29,25.2339666666667,"chrome 139.0.0","false","Mac OS",1410,751,"Female",43,"Bachelor",FALSE,"United States","White",2,2,4,NA,1,2,6,2,2,3,1,1,3,5,5,6,6,2,4,0,0,3,1,3,0,2,5,1,0,0,2,3,6,3,1,4,4,1,2.29908333333333,4,"A few times per week",5,5,5,3,5,5,3,6,6,1,6,3,6,2,5,0.724033333333333,8,0,0.5,0.5,0.5,NA,NA,NA,NA,NA,NA,NA,NA,NA,3,3,2,4,3,4,4,3,2,2,2,2,2,2,2,1,1.49188333333333,0.9234,0.185366666666667,FALSE,FALSE,FALSE,FALSE,TRUE,FALSE,TRUE,FALSE,FALSE,TRUE,FALSE,FALSE,FALSE,NA,NA,0.5,33.1301692479576,14.1595017881366
"S065","prolific",2025-08-15 11:35:29,28.5383666666667,"chrome 134.0.0","false","Windows 10",1366,641,"Male",45,"Master",TRUE,"United States","White",6,4,4,"no issue",3,2,3,2,2,1,3,3,3,2,3,3,2,4,2,2,2,2,2,1,2,3,1,1,0,0,1,2,2,3,3,5,2,1,2.11415,4,"A few times per week",3,3,2,4,3,3,3,2,4,3,3,4,6,3,3,0.763583333333333,10,1,0.5,1,1,NA,NA,NA,NA,NA,NA,NA,NA,NA,2,2,2,1,2,3,3,2,2,2,2,3,2,1,3,2,1.04178333333333,1.00578333333333,0.0659166666666667,TRUE,FALSE,FALSE,FALSE,FALSE,TRUE,FALSE,FALSE,TRUE,FALSE,FALSE,FALSE,FALSE,NA,NA,0.833333333333333,44.3843525957318,21.4543414034975
"S258","prolific",2025-08-18 10:16:03,48.83475,"chrome 139.0.0","false","Mac OS",1680,963,"Female",50,"High school",FALSE,"United Kingdom","White",3,4,4,NA,5,4,6,5,4,6,0,4,3,6,6,6,6,4,3,0,1,6,6,4,0,4,6,0,0,0,4,6,6,3,3,6,6,4,2.03491666666667,3,"A few times per week",4,4,5,5,6,1,2,3,3,1,3,3,6,1,5,1.40335,9,0,0,0,0.5,NA,NA,NA,NA,NA,NA,NA,NA,NA,4,4,4,2,4,4,4,4,4,4,4,4,4,4,4,4,1.94651666666667,0.864733333333333,0.33195,TRUE,FALSE,FALSE,FALSE,FALSE,FALSE,TRUE,FALSE,TRUE,FALSE,FALSE,FALSE,FALSE,NA,NA,0.833333333333333,13.6440677966102,20.409604519774
"S149","prolific",2025-08-15 17:04:57,31.4770333333333,"chrome 138.0.0","false","Windows 10",1280,551,"Female",26,"Bachelor",FALSE,"United Kingdom","White",4,4,4,NA,5,3,5,4,2,6,5,3,3,3,5,6,5,5,5,4,4,5,6,4,1,1,6,2,0,4,4,2,4,5,4,6,6,4,2.1416,4,"A few times per month",1,3,4,5,6,4,1,5,5,4,4,5,6,5,4,1.38283333333333,7,0.5,0.5,0,0,NA,NA,NA,NA,NA,NA,NA,NA,NA,4,4,3,4,4,4,4,4,4,4,4,4,4,3,4,4,1.82068333333333,0.805633333333333,0.230283333333333,FALSE,TRUE,TRUE,FALSE,FALSE,FALSE,FALSE,FALSE,TRUE,FALSE,FALSE,FALSE,FALSE,NA,NA,1,17.6129943502825,11.0045782193649
"S182","prolific",2025-08-17 16:33:39,40.1333333333333,"chrome 138.0.0","false","Chrome OS",1536,695,"Male",25,"Bachelor",TRUE,"United States","Mixed",4,4,4,"Thank you so much for letting me participate in in this fun study.",4,4,3,4,2,5,4,4,3,4,3,5,5,4,4,3,2,3,4,4,3,3,4,3,0,1,4,5,5,4,4,5,3,2,2.59655,4,"A few times per week",4,5,5,5,6,4,4,4,5,3,5,5,6,4,6,1.62611666666667,8,0.5,0.5,0.5,1,NA,NA,NA,NA,NA,NA,NA,NA,NA,3,3,2,3,3,2,3,3,3,2,3,2,3,3,3,2,3.59695,1.21353333333333,1.12413333333333,FALSE,TRUE,TRUE,FALSE,FALSE,TRUE,FALSE,FALSE,TRUE,TRUE,FALSE,FALSE,FALSE,NA,NA,0.833333333333333,NA,NA
"S272","prolific",2025-08-18 13:12:31,31.5934,"chrome 138.0.0","false","Windows 10",1920,1031,"Female",40,"Doctorate",NA,"United Kingdom","White",2,3,4,NA,6,2,1,0,4,6,1,2,0,2,2,5,4,1,6,2,0,1,5,4,0,2,1,2,0,5,1,1,3,1,2,5,5,5,1.9083,3,"A few times per week",1,2,4,2,4,0,1,0,4,4,5,5,6,5,4,1.23916666666667,8,0,0.5,0,1,NA,NA,NA,NA,NA,NA,NA,NA,NA,2,1,1,2,2,2,3,2,1,2,2,2,2,2,1,1,2.13108333333333,0.969983333333333,0.311266666666667,FALSE,FALSE,FALSE,TRUE,FALSE,FALSE,TRUE,FALSE,FALSE,TRUE,FALSE,FALSE,FALSE,NA,NA,0.833333333333333,15.180790960452,12.8447301772842
"S087","prolific",2025-08-15 13:10:25,36.5832333333333,"chrome 138.0.0","false","Windows 10",1536,695,"Male",65,"Bachelor",FALSE,"United Kingdom","White",4,4,4,"an engaging study",4,2,6,1,2,3,2,2,3,4,4,6,6,1,5,1,1,1,6,2,0,1,6,1,0,2,2,3,4,2,2,6,6,2,2.72835,4,"A few times per week",4,5,6,0,6,1,1,3,5,3,6,4,6,1,6,1.20441666666667,9,0,0.5,0.5,0,NA,NA,NA,NA,NA,NA,NA,NA,NA,1,1,2,1,2,3,2,3,3,3,3,2,3,3,2,1,2.6553,0.817166666666667,0.396566666666667,TRUE,FALSE,FALSE,TRUE,TRUE,FALSE,TRUE,FALSE,TRUE,TRUE,FALSE,FALSE,FALSE,NA,NA,0.833333333333333,3.01694915254237,10.4303680006562
"S135","prolific",2025-08-15 16:30:36,51.0360333333333,"chrome 139.0.0","false","Windows 10",1920,945,"Male",32,"Bachelor",FALSE,"United Kingdom","White",2,4,4,"Enjoyed, but cognitively demanding. Thank you!",6,3,4,4,2,6,1,3,5,5,3,4,4,4,6,0,0,0,0,2,0,3,0,0,0,3,4,0,5,2,2,4,3,1,3.20571666666667,4,"A few times per week",2,5,3,5,4,3,4,0,2,0,1,6,6,1,6,2.80523333333333,8,0,0.5,0,0,NA,NA,NA,NA,NA,NA,NA,NA,NA,3,2,2,3,3,2,3,2,3,2,2,2,2,2,3,1,1.87338333333333,1.07643333333333,0.433333333333333,FALSE,FALSE,FALSE,TRUE,FALSE,FALSE,TRUE,FALSE,TRUE,FALSE,FALSE,FALSE,FALSE,NA,NA,1,8.02542372881356,17.9281122150789
"S180","prolific",2025-08-17 16:03:42,38.2048333333333,"edge-chromium 139.0.0","false","Windows 10",1912,954,"Male",51,"Bachelor",FALSE,"United States","White",3,3,4,NA,1,1,3,1,1,3,4,2,4,3,5,5,5,2,1,2,1,2,4,1,1,1,4,0,0,0,1,0,3,1,0,5,2,0,2.6175,3,"Once a day",2,3,5,4,5,3,3,2,4,4,3,3,6,5,4,1.49395,7,0,0.5,0,0,NA,NA,NA,NA,NA,NA,NA,NA,NA,2,2,1,2,3,3,3,2,3,2,1,3,3,3,2,3,2.42388333333333,1.59971666666667,0.4462,FALSE,FALSE,FALSE,TRUE,FALSE,FALSE,TRUE,FALSE,TRUE,FALSE,FALSE,FALSE,FALSE,NA,NA,1,26.7193495134681,20.7327201697991
"S001","fw",2025-07-22 18:44:15,65.5739,"instagram 389.0.0","true","iOS",980,1670,"Female",22,"Bachelor",FALSE,"United Kingdom","White",4,2,3,NA,3,5,4,3,3,5,5,5,1,2,4,4,3,6,4,4,5,5,4,5,5,4,2,5,0,2,6,4,2,5,5,3,5,4,3.02573333333333,4,NA,5,3,6,5,5,5,3,2,4,4,3,6,6,6,2,1.0983,5,1,3,2,2,0.728133333333333,2,0,2,4,1,3,1,3,2,3,4,4,3,3,2,3,4,4,2,4,2,4,3,4,2.89496666666667,0.440266666666667,0.162,FALSE,TRUE,FALSE,TRUE,FALSE,FALSE,TRUE,FALSE,TRUE,TRUE,TRUE,FALSE,FALSE,NA,NA,NA,0.344827586206897,0
"S030","fw",2025-08-13 18:26:23,51.2275333333333,"safari 18.6.0","false","Mac OS",1352,741,"Female",64,"Doctorate",NA,"United Kingdom","White",5,3,3,"I found some questions difficult to understand - so am not sure I understood correctly the last part",4,5,5,1,0,5,5,4,3,5,6,6,6,3,1,1,0,2,4,5,2,4,3,3,0,2,4,0,4,4,5,4,3,1,3.19015,2,"A few times per month",2,3,4,5,3,5,5,1,3,3,4,5,5,3,5,2.23036666666667,7,0.5,0.5,0,0.5,0.80735,0,1,1,4,0,2,0,3,3,3,3,4,3,2,3,2,3,3,4,4,3,3,2,2,3.66865,1.06338333333333,0.626516666666667,FALSE,FALSE,FALSE,FALSE,FALSE,FALSE,FALSE,TRUE,FALSE,FALSE,FALSE,FALSE,FALSE,NA,NA,NA,6.03448275862069,6.72413793103448
"S240","prolific",2025-08-18 08:51:20,24.93335,"chrome 139.0.0","false","Windows 10",1463,778,"Male",46,"Bachelor",FALSE,"United Kingdom","White",4,4,4,NA,4,2,5,5,4,4,1,3,5,4,5,4,5,3,1,2,1,1,5,4,1,4,2,2,0,0,4,1,5,2,2,2,5,2,1.8718,5,"A few times per day",5,5,4,5,6,2,2,3,5,2,5,5,2,2,5,1.10145,7,0.5,0,0.5,0,NA,NA,NA,NA,NA,NA,NA,NA,NA,3,3,2,1,3,2,2,2,3,2,2,2,3,2,2,2,1.50943333333333,0.568383333333333,0.198883333333333,FALSE,TRUE,FALSE,FALSE,TRUE,FALSE,TRUE,FALSE,FALSE,TRUE,FALSE,TRUE,FALSE,3,NA,1,13.4661991038379,14.635593220339
"S027","os",2025-08-10 19:00:53,44.5610666666667,"safari 17.3.1","false","Mac OS",690,721,"Male",26,"Master",TRUE,"United Kingdom","South Asian",4,1,3,NA,1,1,5,4,6,4,1,3,1,5,5,1,3,1,2,1,5,2,1,5,5,1,1,5,1,0,2,5,5,5,4,5,5,5,3.33186666666667,2,"Once a day",4,2,5,5,5,4,4,5,2,6,3,6,1,6,1,1.91291666666667,5,3,3,2,3,0.9494,0,0,0,4,1,3,0,4,3,3,4,1,3,1,3,3,3,1,4,4,2,3,3,1,3.5573,0.4777,0.1638,TRUE,FALSE,FALSE,FALSE,TRUE,FALSE,TRUE,FALSE,FALSE,FALSE,FALSE,TRUE,FALSE,1,NA,NA,1.17647058823529,19.9404125286478
"S158","prolific",2025-08-15 17:35:43,33.4095166666667,"chrome 138.0.0","false","Chrome OS",670,519,"Female",32,"High school",TRUE,"United Kingdom","White",5,4,4,NA,5,4,0,4,5,5,5,3,4,3,3,0,0,5,4,0,4,0,4,5,5,6,3,4,0,0,0,0,5,0,6,0,3,0,2.69133333333333,4,"Never",5,6,5,6,4,5,4,4,4,4,4,3,6,6,1,0.727366666666667,10,3,1,0.5,0.5,NA,NA,NA,NA,NA,NA,NA,NA,NA,4,4,4,4,4,4,4,4,4,4,4,4,4,4,4,4,1.54323333333333,0.190566666666667,0.0654666666666667,FALSE,FALSE,TRUE,TRUE,FALSE,TRUE,FALSE,TRUE,TRUE,TRUE,TRUE,TRUE,TRUE,2,4,0.333333333333333,2.5,4.72314507198228
"S263","prolific",2025-08-18 10:42:29,60.3824,"chrome 139.0.0","false","Windows 10",1366,641,"Female",60,"High school",FALSE,"United States","White",0,2,4,"nothing thank you",6,5,4,2,4,4,5,3,2,3,5,4,4,5,5,1,4,3,6,4,0,4,6,5,0,1,2,1,5,4,4,4,5,1,4.46531666666667,3,"A few times per week",4,4,4,5,4,5,4,4,4,4,2,3,6,4,4,2.43856666666667,8,1,2,1,3,NA,NA,NA,NA,NA,NA,NA,NA,NA,1,3,2,1,3,3,1,2,2,1,2,2,2,2,2,2,4.52255,1.96571666666667,0.676683333333333,FALSE,FALSE,FALSE,TRUE,FALSE,FALSE,TRUE,FALSE,FALSE,TRUE,FALSE,FALSE,FALSE,NA,NA,0.666666666666667,5.46081111870586,11.5385295157299
"S330","prolific",2025-08-27 10:32:24,31.9386833333333,"chrome 139.0.0","false","Mac OS",1430,709,"Male",65,"Bachelor",FALSE,"United Kingdom","White",1,4,4,NA,1,1,5,1,1,4,4,2,2,5,6,6,6,1,4,0,1,0,3,2,1,4,2,1,0,4,1,0,5,3,1,5,5,1,1.83338333333333,3,"A few times per month",5,3,5,1,6,1,3,2,5,3,5,4,6,4,5,1.18525,8,0,0,0,0,NA,NA,NA,NA,NA,NA,NA,NA,NA,2,2,2,1,3,2,3,3,2,1,2,1,2,2,1,2,1.6195,1.18301666666667,0.25265,FALSE,FALSE,FALSE,FALSE,TRUE,FALSE,TRUE,FALSE,TRUE,FALSE,FALSE,TRUE,FALSE,1,NA,1,0.222222222222222,2.23673469387755
"S282","prolific",2025-08-18 14:16:43,51.9344166666667,"chrome 139.0.0","false","Windows 10",1536,826,"Female",29,"Bachelor",FALSE,"United Kingdom","Black",4,4,4,"None",6,5,6,4,6,6,4,5,3,4,5,5,4,5,3,3,1,6,6,4,3,5,2,3,0,6,4,1,4,6,5,3,5,5,3.75228333333333,4,"A few times per week",6,5,6,6,5,5,5,5,6,5,5,4,6,4,6,2.00376666666667,7,0.5,0.5,0,0,NA,NA,NA,NA,NA,NA,NA,NA,NA,3,3,3,3,2,1,2,1,4,3,3,3,3,3,3,3,4.45883333333333,1.84343333333333,1.3495,FALSE,FALSE,FALSE,FALSE,TRUE,TRUE,TRUE,FALSE,TRUE,TRUE,FALSE,FALSE,FALSE,NA,NA,0.833333333333333,5.69774011299435,5.12857977790766
"S176","prolific",2025-08-17 15:48:18,54.4175833333333,"chrome 139.0.0","false","Windows 10",1920,991,"Male",51,"High school",NA,"United States","White",5,4,4,"I would just really like to know was AI was a forgery and what's not.",6,3,6,0,1,6,5,1,4,6,6,6,6,0,6,0,0,1,5,2,2,3,6,4,0,4,0,0,6,1,2,6,6,2,3.80048333333333,5,"A few times per day",5,3,6,3,6,2,3,3,4,4,4,5,6,4,6,2.20358333333333,7,0.5,1,0.5,0.5,NA,NA,NA,NA,NA,NA,NA,NA,NA,2,2,2,3,3,2,2,2,3,3,3,3,1,1,2,1,4.1397,2.09581666666667,1.35773333333333,FALSE,FALSE,FALSE,TRUE,FALSE,FALSE,TRUE,FALSE,TRUE,TRUE,TRUE,FALSE,TRUE,NA,3,1,18.2519314113435,4.59073418424524
"S039","prolific",2025-08-15 08:13:40,30.2334666666667,"edge-chromium 138.0.0","false","Windows 10",1912,1040,"Female",35,"High school",FALSE,"United Kingdom","White",3,3,4,NA,5,4,5,5,0,5,6,4,3,5,4,5,5,5,6,2,3,5,0,5,0,5,6,4,0,0,5,4,4,5,5,4,6,0,2.09593333333333,3,"A few times per month",4,0,6,5,4,5,3,0,5,5,3,6,6,6,2,1.13743333333333,3,2,2,3,2,NA,NA,NA,NA,NA,NA,NA,NA,NA,2,2,0,2,0,2,1,2,2,0,1,2,1,2,2,2,1.92601666666667,1.14135,0.349233333333333,FALSE,FALSE,FALSE,TRUE,FALSE,FALSE,TRUE,FALSE,TRUE,FALSE,FALSE,FALSE,FALSE,NA,NA,1,54.6762319034981,39.1134403806125
"S064","prolific",2025-08-15 11:34:56,33.7453833333333,"chrome 138.0.0","false","Windows 10",1280,593,"Female",42,"Bachelor",FALSE,"United States","White",3,4,4,"It was a little long to be super focused on something.",6,0,4,3,3,4,0,0,0,3,5,6,6,3,6,0,0,5,2,0,0,0,2,1,0,0,3,0,0,3,0,5,4,1,2.35778333333333,3,"A few times per week",0,1,0,6,0,5,6,3,0,4,2,4,6,5,3,1.39575,5,1,2,0.5,2,NA,NA,NA,NA,NA,NA,NA,NA,NA,3,3,2,3,3,3,3,3,2,3,3,3,3,3,3,3,1.70646666666667,0.651083333333333,0.219983333333333,FALSE,FALSE,FALSE,TRUE,FALSE,FALSE,TRUE,FALSE,TRUE,TRUE,TRUE,FALSE,FALSE,NA,NA,0.833333333333333,4,6.5
"S050","prolific",2025-08-15 10:14:57,28.8577833333333,"firefox 141.0.0","false","Windows 10",1869,921,"Male",45,"Master",FALSE,"United Kingdom","White",2,2,4,NA,0,2,2,0,0,1,0,0,1,1,4,2,1,0,0,0,0,1,0,1,1,0,3,1,0,1,1,0,2,1,1,4,3,0,1.95198333333333,2,"A few times per month",4,4,4,2,5,2,2,4,4,2,4,3,6,5,4,1.13098333333333,8,0,0,0,0,NA,NA,NA,NA,NA,NA,NA,NA,NA,3,3,1,1,4,4,4,3,2,3,3,3,3,3,2,2,2.09511666666667,1.27156666666667,0.4022,FALSE,FALSE,FALSE,FALSE,TRUE,FALSE,FALSE,FALSE,TRUE,TRUE,FALSE,FALSE,FALSE,NA,NA,0.833333333333333,20,20
"S175","prolific",2025-08-17 15:48:14,59.5282333333333,"chrome 138.0.0","false","Chrome OS",1332,583,"Male",47,"High school",TRUE,"United States","Other",6,4,4,"I truly enjoyed this experiment",3,2,6,3,4,6,2,2,5,5,6,1,0,5,6,0,1,1,6,1,6,1,6,0,0,4,3,0,6,3,0,0,5,6,4.93691666666667,4,"A few times per day",5,4,4,6,6,2,4,6,3,2,4,4,6,5,6,2.7971,8,0,1,0.5,0.5,NA,NA,NA,NA,NA,NA,NA,NA,NA,4,4,1,2,4,4,4,4,4,2,2,4,1,4,4,3,3.47828333333333,1.97725,0.865566666666667,TRUE,FALSE,FALSE,FALSE,FALSE,FALSE,TRUE,FALSE,FALSE,TRUE,FALSE,FALSE,FALSE,NA,NA,0.833333333333333,24.0952380952381,31.375402179676
"S043","prolific",2025-08-15 09:19:01,29.5379666666667,"chrome 141.0.0","false","Windows 10",1280,631,"Male",46,"Bachelor",FALSE,"United States","Mixed",4,3,4,NA,2,4,5,4,0,3,4,4,4,5,5,5,5,4,1,0,0,4,0,0,0,4,0,0,0,4,4,4,5,1,4,4,4,0,2.08693333333333,4,"A few times per week",6,5,3,4,6,3,5,5,2,3,4,5,6,4,5,1.03241666666667,8,0,0,0,0,NA,NA,NA,NA,NA,NA,NA,NA,NA,3,3,4,4,4,4,4,3,4,4,4,4,4,4,4,4,2.22745,0.67365,0.2655,FALSE,FALSE,FALSE,FALSE,TRUE,FALSE,TRUE,FALSE,FALSE,TRUE,FALSE,FALSE,TRUE,NA,3,1,8.08474576271186,9.32203389830508
"S034","prolific",2025-08-15 07:01:00,24.5256666666667,"chrome 138.0.0","false","Windows 10",1920,945,"Female",28,"High school",FALSE,"United States","White",4,4,4,"no",6,4,5,4,4,4,3,4,5,5,5,5,4,6,6,5,5,5,5,6,4,4,5,4,0,3,5,3,6,5,4,3,3,5,1.25306666666667,4,"A few times per week",5,4,4,4,3,5,5,5,4,0,5,4,0,0,5,0.689183333333333,8,2,3,2,0,NA,NA,NA,NA,NA,NA,NA,NA,NA,2,2,2,1,2,3,2,1,2,2,3,3,2,2,2,2,1.24348333333333,0.19535,0.0803833333333333,TRUE,FALSE,TRUE,TRUE,FALSE,FALSE,TRUE,FALSE,FALSE,FALSE,FALSE,TRUE,TRUE,3,4,0.333333333333333,NA,NA
"S249","prolific",2025-08-18 09:37:01,31.9965,"chrome 138.0.0","false","Chrome OS",1241,829,"Female",54,"Bachelor",FALSE,"United Kingdom","White",4,4,4,NA,4,4,6,4,3,4,1,4,1,4,5,5,5,4,5,1,2,6,3,4,4,4,1,2,0,4,4,4,4,4,4,4,4,3,2.30646666666667,3,"A few times per month",2,2,3,5,4,4,4,1,3,5,1,3,6,5,1,1.17821666666667,7,0.5,0.5,0,0.5,NA,NA,NA,NA,NA,NA,NA,NA,NA,1,1,0,0,1,0,0,0,0,0,0,1,1,0,1,0,2.217,1.13205,0.448033333333333,FALSE,FALSE,FALSE,FALSE,FALSE,FALSE,TRUE,FALSE,TRUE,TRUE,TRUE,FALSE,FALSE,NA,NA,1,13.9029773875509,7.93479356946849
"S157","prolific",2025-08-15 17:29:09,57.2443833333333,"edge-chromium 139.0.0","false","Windows 10",1528,738,"Female",57,"High school",FALSE,"United Kingdom","White",0,2,4,NA,3,1,6,4,0,5,4,3,5,6,6,0,0,3,3,1,0,3,6,0,0,3,0,0,0,5,3,6,6,3,0,0,6,0,5.12183333333333,3,"A few times per week",6,3,6,0,6,2,4,6,5,6,6,3,6,6,5,2.52105,6,0,0,0,0,NA,NA,NA,NA,NA,NA,NA,NA,NA,2,2,1,1,2,1,2,2,2,1,1,0,1,1,1,0,7.41971666666667,4.72548333333333,2.35461666666667,FALSE,FALSE,FALSE,FALSE,TRUE,FALSE,TRUE,FALSE,TRUE,FALSE,FALSE,FALSE,FALSE,NA,NA,0.666666666666667,15.2909604519774,26.135300993571
"S194","prolific",2025-08-17 17:52:53,31.3972166666667,"chrome 139.0.0","false","Windows 10",1920,945,"Female",42,"Bachelor",FALSE,"United Kingdom","White",3,4,4,NA,3,6,6,6,0,5,3,5,5,5,6,6,6,6,3,0,0,0,1,6,0,6,3,0,0,0,5,0,5,6,6,6,3,3,2.0908,4,"A few times per week",5,4,5,3,5,3,3,4,5,2,5,6,6,2,5,1.09931666666667,9,0,0,0,0,NA,NA,NA,NA,NA,NA,NA,NA,NA,4,4,4,4,4,4,4,4,4,4,4,4,4,4,4,4,1.01065,1.0753,0.3781,FALSE,FALSE,FALSE,TRUE,FALSE,FALSE,TRUE,FALSE,FALSE,FALSE,FALSE,FALSE,FALSE,NA,NA,0.833333333333333,16.6890207670392,0.8
"S217","prolific",2025-08-17 21:50:19,32.4898666666667,"chrome 139.0.0","false","Windows 10",1600,773,"Female",34,"Master",TRUE,"United Kingdom","White",3,3,4,"good luck with your research :)",5,4,5,3,1,6,0,5,3,5,6,5,5,2,4,0,0,1,0,2,0,2,1,0,0,0,4,0,5,1,2,4,6,1,1.25841666666667,4,"A few times per week",3,0,1,6,3,4,5,0,1,6,0,5,6,6,0,0.639933333333333,8,0,0,0,0,NA,NA,NA,NA,NA,NA,NA,NA,NA,3,3,4,4,3,2,3,2,3,3,3,3,3,2,2,2,1.10258333333333,0.439966666666667,0.128816666666667,FALSE,FALSE,FALSE,FALSE,TRUE,FALSE,TRUE,FALSE,FALSE,TRUE,FALSE,TRUE,FALSE,5,NA,1,4.62059224624976,3.54821741671537
"S256","prolific",2025-08-18 10:13:54,30.47585,"chrome 138.0.0","false","Windows 10",1280,665,"Female",25,"Bachelor",FALSE,"United Kingdom","Black",2,2,4,NA,5,2,3,3,5,4,0,4,5,2,4,5,5,5,2,5,4,2,1,2,1,4,4,4,0,0,5,2,1,3,2,1,5,2,1.58493333333333,2,"A few times per week",3,2,1,2,0,4,5,0,2,6,1,6,6,6,2,0.809616666666667,4,0,0,0,0,NA,NA,NA,NA,NA,NA,NA,NA,NA,3,1,2,3,3,3,3,4,3,3,3,4,2,2,4,3,1.09378333333333,1.52178333333333,0.260166666666667,FALSE,FALSE,TRUE,FALSE,FALSE,FALSE,TRUE,FALSE,TRUE,FALSE,FALSE,FALSE,FALSE,NA,NA,1,2.96777840587903,0.856224430157802
"S225","prolific",2025-08-17 21:53:15,48.8701666666667,"chrome 139.0.0","false","Windows 10",1366,641,"Male",32,"Doctorate",NA,"United Kingdom","Black",4,4,4,"AI generated artwork might surpass human produced artwork in the near future",2,1,4,2,1,3,0,4,3,3,5,5,5,1,2,2,0,5,2,1,0,4,1,0,0,0,0,0,5,1,1,5,4,1,3.01643333333333,6,"A few times per day",6,6,6,2,5,2,1,6,6,1,6,4,6,1,6,1.73276666666667,8,0,0,0,0.5,NA,NA,NA,NA,NA,NA,NA,NA,NA,3,3,1,2,4,4,4,4,4,3,4,4,4,3,3,4,2.36961666666667,2.15581666666667,0.7911,TRUE,FALSE,TRUE,FALSE,FALSE,FALSE,TRUE,FALSE,TRUE,TRUE,FALSE,FALSE,FALSE,NA,NA,1,16.5228189001774,5.96923076923077
"S023","os",2025-08-06 20:41:39,44.2244333333333,"safari 18.5.0","false","Mac OS",1237,693,"Female",23,"Bachelor",TRUE,"United Kingdom","Mixed",3,4,3,NA,4,2,4,2,2,5,2,3,2,4,3,3,3,3,4,1,2,2,2,4,2,2,3,2,1,1,4,3,4,4,4,3,4,2,3.12068333333333,4,"A few times per week",2,2,2,4,2,4,4,1,1,4,2,4,1,4,4,1.43505,6,0.5,0.5,0.5,0.5,0.773566666666667,1,1,1,3,1,2,1,3,3,3,1,2,2,3,2,3,3,2,2,2,4,3,3,3,2.88136666666667,0.9565,0.491116666666667,FALSE,FALSE,FALSE,TRUE,FALSE,FALSE,TRUE,TRUE,FALSE,TRUE,FALSE,FALSE,FALSE,NA,NA,NA,14.2955154691398,15.1774467362703
"S297","prolific",2025-08-18 16:50:37,39.2543,"chrome 138.0.0","false","Windows 10",1280,585,"Female",46,"Bachelor",FALSE,"United Kingdom","White",1,4,4,NA,5,1,5,2,5,6,1,1,5,6,5,6,6,2,4,6,1,6,6,2,1,1,0,1,0,5,1,6,6,3,2,5,4,2,2.77685,1,"Never",5,4,6,2,6,1,2,4,5,4,6,5,6,6,4,1.41551666666667,8,0,0,0,0,NA,NA,NA,NA,NA,NA,NA,NA,NA,4,4,3,4,3,3,3,3,4,4,4,4,3,3,3,3,2.1728,0.638083333333333,0.399483333333333,FALSE,FALSE,FALSE,FALSE,TRUE,FALSE,TRUE,FALSE,TRUE,TRUE,FALSE,FALSE,FALSE,NA,NA,0.666666666666667,13.864406779661,16.4915254237288
"S100","prolific",2025-08-15 14:13:23,28.2789166666667,"chrome 137.0.0","false","Chrome OS",1366,791,"Female",27,"Bachelor",FALSE,"United Kingdom","White",2,1,4,NA,5,2,5,4,1,5,2,2,3,3,5,5,5,4,6,2,1,4,2,1,1,1,2,1,0,4,4,4,4,1,1,5,5,2,2.51433333333333,2,"A few times per week",4,2,4,4,5,3,4,2,4,5,4,3,6,6,2,1.74473333333333,7,0.5,2,1,1,NA,NA,NA,NA,NA,NA,NA,NA,NA,3,3,3,3,2,2,2,1,2,2,2,2,2,2,2,2,1.32568333333333,0.525883333333333,0.215133333333333,FALSE,FALSE,FALSE,TRUE,FALSE,FALSE,TRUE,FALSE,TRUE,TRUE,FALSE,FALSE,FALSE,NA,NA,0.833333333333333,12.22611003861,24.3839249776157
"S120","prolific",2025-08-15 15:49:25,28.2949333333333,"chrome 139.0.0","false","Windows 10",1920,953,"Female",50,"Bachelor",FALSE,"United Kingdom","White",3,3,4,NA,0,2,4,1,1,1,0,1,0,0,5,5,5,1,4,0,0,4,0,1,2,1,0,1,0,4,1,4,2,1,2,5,4,3,1.99205,3,"A few times per week",5,4,5,4,5,3,3,4,3,3,5,5,6,4,3,0.938483333333333,2,1,0.5,2,1,NA,NA,NA,NA,NA,NA,NA,NA,NA,2,2,1,2,3,3,3,3,2,1,1,1,3,3,3,2,0.942733333333333,0.514483333333333,0.195733333333333,FALSE,FALSE,FALSE,TRUE,FALSE,FALSE,TRUE,FALSE,TRUE,FALSE,FALSE,FALSE,FALSE,NA,NA,0.666666666666667,19.8310485810486,13.4921483745013
"S106","prolific",2025-08-15 14:38:04,30.0945,"chrome 138.0.0","false","Mac OS",1440,718,"Female",23,"Master",FALSE,"United Kingdom","White",4,3,4,"No",4,0,4,2,4,4,2,0,2,5,4,5,3,2,4,0,1,1,1,4,0,1,1,3,0,0,2,5,4,4,5,4,4,4,1.4891,4,"A few times per week",3,3,3,4,3,3,5,2,4,5,4,3,6,4,4,1.12785,9,2,0.5,0,0.5,NA,NA,NA,NA,NA,NA,NA,NA,NA,3,3,3,4,4,3,3,4,4,4,3,4,2,3,3,3,2.68165,1.04663333333333,0.150766666666667,TRUE,FALSE,FALSE,FALSE,TRUE,FALSE,TRUE,FALSE,FALSE,TRUE,TRUE,TRUE,FALSE,4,NA,1,6.36158192090396,11.0150983830119
"S140","prolific",2025-08-15 16:37:15,32.0513833333333,"safari 18.5.0","false","Mac OS",1271,828,"Female",53,"Bachelor",FALSE,"United States","White",5,3,4,"It’s hard to tell the difference but I wouldn’t buy an AI artwork. I only buy original work from artists. AI isn’t worth anything I think. Only for commercial uses.",5,2,4,2,2,5,0,1,2,5,5,6,6,5,6,4,4,6,4,3,0,1,0,0,0,0,5,5,5,1,1,6,4,4,1.8827,4,"A few times per month",4,0,5,1,4,2,3,0,2,6,6,5,6,6,1,1.16393333333333,8,0,0,0.5,0,NA,NA,NA,NA,NA,NA,NA,NA,NA,2,2,0,3,3,2,3,2,2,0,1,3,1,2,1,1,1.90013333333333,0.38565,0.26915,FALSE,FALSE,FALSE,TRUE,FALSE,FALSE,TRUE,FALSE,FALSE,TRUE,FALSE,FALSE,FALSE,NA,NA,1,8.184666210982,16.8311688311688
"S044","prolific",2025-08-15 09:19:18,34.0000333333333,"chrome 138.0.0","false","Windows 10",1366,641,"Male",46,"Bachelor",FALSE,"United States","White",1,4,4,"It was interesting!  I wish I could know how accurately I guessed the real from the AI artworks!",5,4,5,5,2,4,1,5,2,6,5,6,6,4,0,0,1,1,5,6,0,5,1,2,0,6,5,4,6,5,5,6,6,0,2.13211666666667,5,"A few times per day",3,1,4,4,5,3,4,0,5,5,5,6,6,6,5,0.8753,9,0,0,0,0,NA,NA,NA,NA,NA,NA,NA,NA,NA,4,3,3,4,3,2,3,3,3,3,4,4,2,2,3,2,1.55005,0.971533333333333,0.327433333333333,FALSE,FALSE,FALSE,TRUE,FALSE,FALSE,TRUE,FALSE,TRUE,FALSE,FALSE,FALSE,FALSE,NA,NA,0.833333333333333,38.2344632768362,25.2046100054344
"S133","prolific",2025-08-15 16:26:47,35.3575833333333,"opera 120.0.0","false","Windows 10",1866,911,"Female",63,"Bachelor",FALSE,"United Kingdom","Mixed",4,4,4,NA,2,1,2,1,2,3,1,1,3,5,5,5,5,0,5,1,1,2,1,5,0,1,1,1,0,1,1,1,5,1,1,5,3,5,3.59245,4,"A few times per week",4,4,5,4,4,4,4,4,4,1,4,3,6,1,5,1.64053333333333,8,0,0,0,0,NA,NA,NA,NA,NA,NA,NA,NA,NA,4,3,3,3,3,4,3,4,3,3,3,3,3,3,3,3,2.2221,1.0377,0.2783,FALSE,FALSE,FALSE,TRUE,FALSE,FALSE,TRUE,FALSE,FALSE,TRUE,FALSE,FALSE,FALSE,NA,NA,1,1.35310734463277,1.85875706214689
"S253","prolific",2025-08-18 10:13:30,31.0579166666667,"chrome 128.0.0","false","Mac OS",1440,729,"Female",60,"Bachelor",FALSE,"United Kingdom","White",2,4,4,NA,4,5,6,4,6,6,0,6,5,5,6,5,6,6,6,0,3,5,6,6,6,6,0,6,0,6,6,6,5,5,6,6,5,6,1.76583333333333,2,"A few times per month",6,4,6,3,6,1,3,6,5,4,5,0,6,4,4,1.04305,8,0,1,0.5,1,NA,NA,NA,NA,NA,NA,NA,NA,NA,2,2,3,3,2,3,3,3,3,3,2,3,3,3,2,3,1.81245,0.721933333333333,0.34905,FALSE,FALSE,FALSE,FALSE,TRUE,FALSE,TRUE,FALSE,FALSE,TRUE,FALSE,FALSE,TRUE,NA,2,1,17.7660237677771,9.83050847457627
"S048","prolific",2025-08-15 10:12:18,28.0427,"chrome 139.0.0","false","Windows 10",1280,665,"Female",51,"Bachelor",FALSE,"United Kingdom","White",0,2,4,"I am not into art really. I don't get much enjoyment from scenes that show suffering or strange images. I prefer vibrant colours of images but I find some abstract art a bit pointless.  ",2,1,4,4,2,1,0,2,4,4,4,4,3,2,1,2,0,3,4,2,0,2,0,0,0,4,3,5,5,2,2,3,3,1,1.73018333333333,2,"A few times per week",5,4,5,2,5,3,5,4,5,4,5,1,6,4,5,0.9901,7,1,0.5,1,0.5,NA,NA,NA,NA,NA,NA,NA,NA,NA,3,3,2,2,2,1,1,2,2,2,1,2,2,2,2,1,1.47755,0.955933333333333,0.432733333333333,FALSE,FALSE,FALSE,FALSE,TRUE,FALSE,TRUE,FALSE,FALSE,FALSE,FALSE,TRUE,FALSE,1,NA,0.833333333333333,40.3672316384181,31.1016949152542
"S150","prolific",2025-08-15 17:09:20,30.7161666666667,"chrome 139.0.0","false","Mac OS",1440,682,"Female",55,"High school",FALSE,"United Kingdom","White",1,4,4,NA,2,2,5,3,3,3,6,3,2,3,6,3,5,3,4,3,0,3,6,3,0,3,6,1,0,4,3,5,5,3,3,5,5,3,1.7818,3,"A few times per day",4,6,4,3,6,4,3,5,6,0,4,6,6,0,6,1.40533333333333,8,0,1,0,0.5,NA,NA,NA,NA,NA,NA,NA,NA,NA,2,3,0,1,3,4,4,4,4,3,3,4,4,4,4,4,1.40223333333333,0.997433333333333,0.273683333333333,FALSE,TRUE,FALSE,FALSE,FALSE,TRUE,FALSE,FALSE,FALSE,TRUE,FALSE,FALSE,FALSE,NA,NA,0.5,26.0349070232506,19.5577553900779
"S224","prolific",2025-08-17 21:51:59,30.5647833333333,"chrome 128.0.0","false","Mac OS",1440,740,"Female",27,"Master",FALSE,"United Kingdom","White",2,1,3,NA,3,4,5,2,4,4,2,1,3,3,5,5,6,4,3,1,2,3,6,3,3,1,1,1,0,1,2,5,3,2,4,5,5,2,2.07151666666667,3,"A few times per month",3,3,4,3,4,0,3,1,2,5,3,5,6,4,2,1.08823333333333,8,0,0.5,0.5,0.5,NA,NA,NA,NA,NA,NA,NA,NA,NA,3,3,3,3,2,3,3,3,3,3,3,3,2,2,2,2,1.5167,0.638166666666667,0.308483333333333,FALSE,FALSE,FALSE,TRUE,FALSE,FALSE,TRUE,FALSE,TRUE,FALSE,FALSE,FALSE,FALSE,NA,NA,1,12.579716468253,5.99531024531024
"S169","prolific",2025-08-17 13:03:22,37.2754166666667,"chrome 139.0.0","false","Mac OS",1280,624,"Female",62,"High school",FALSE,"United States","White",3,4,4,"I am so confused right now about what's real and what's not!  I felt a little confident going in and now I have no idea what's AI, authentic, or a forgery.  It was interesting that I'd be willing to pay a lot for what I thought was forgeries because they looked so interesting. ",1,4,5,0,0,4,4,6,3,3,6,6,5,0,6,2,6,2,0,5,6,3,6,5,0,0,1,6,1,5,4,2,6,4,2.39826666666667,4,"Once a day",6,5,6,6,6,4,2,4,4,3,4,5,6,4,6,1.36986666666667,1,3,3,2,3,NA,NA,NA,NA,NA,NA,NA,NA,NA,4,4,3,4,3,3,3,4,3,2,3,4,4,4,2,3,1.74805,1.52051666666667,0.4806,FALSE,FALSE,FALSE,TRUE,TRUE,FALSE,TRUE,FALSE,TRUE,FALSE,FALSE,FALSE,FALSE,NA,NA,1,22.3305084745763,5.05367231638418
"S196","prolific",2025-08-17 17:58:16,28.8926833333333,"chrome 138.0.0","false","Windows 10",660,587,"Female",29,"High school",FALSE,"United Kingdom","White",3,3,4,NA,4,0,0,4,1,2,2,3,4,3,1,6,6,4,2,4,2,3,4,1,5,4,3,1,0,0,3,3,3,3,0,6,2,1,1.96853333333333,5,"A few times per month",4,4,4,1,3,1,5,5,4,0,5,3,6,3,5,0.87735,5,0.5,0.5,0,0.5,NA,NA,NA,NA,NA,NA,NA,NA,NA,3,3,2,3,1,3,2,3,1,3,3,2,2,3,1,2,1.16295,0.395166666666667,0.0976666666666667,TRUE,FALSE,FALSE,TRUE,FALSE,TRUE,FALSE,FALSE,TRUE,TRUE,FALSE,FALSE,TRUE,NA,3,0.666666666666667,5.32436742963059,8.76221422661051
"S298","prolific",2025-08-18 16:50:41,26.59775,"edge-chromium 139.0.0","false","Windows 10",1528,738,"Male",48,"Bachelor",FALSE,"United Kingdom","White",2,4,4,NA,5,4,6,4,2,4,1,4,5,5,5,6,5,4,4,0,0,2,1,1,0,5,6,0,0,5,3,0,6,4,5,6,5,1,2.95216666666667,2,"A few times per month",5,4,5,4,5,6,4,5,6,2,5,6,6,3,4,1.22711666666667,8,0,0,0,3,NA,NA,NA,NA,NA,NA,NA,NA,NA,2,2,2,2,3,4,4,4,3,3,3,3,4,4,4,4,0.891133333333333,0.258416666666667,0.129166666666667,FALSE,FALSE,FALSE,TRUE,FALSE,FALSE,TRUE,FALSE,TRUE,FALSE,FALSE,FALSE,FALSE,NA,NA,0.833333333333333,14.7316384180791,10.2372881355932
"S201","prolific",2025-08-17 18:26:56,29.8040166666667,"chrome 139.0.0","false","Windows 10",1536,703,"Male",52,"Doctorate",NA,"United Kingdom","White",1,3,4,"Was quite low paying for what was quite an intensive task that required a lot of concentration",5,5,6,2,1,6,1,5,3,5,6,6,6,5,5,0,0,1,0,6,0,4,3,3,0,5,0,0,5,5,5,6,6,2,1.77738333333333,3,"A few times per week",4,4,5,5,6,1,4,3,5,3,5,4,6,3,4,1.1565,8,0,0,0,0,NA,NA,NA,NA,NA,NA,NA,NA,NA,3,3,3,3,2,2,2,2,3,3,3,3,2,2,2,2,1.59191666666667,0.838933333333333,0.376933333333333,FALSE,FALSE,FALSE,TRUE,FALSE,FALSE,TRUE,FALSE,TRUE,FALSE,FALSE,TRUE,FALSE,1,NA,1,15.4319914316127,14.3414902140376
"S342","prolific",2025-08-28 12:00:05,40.5598333333333,"chrome 139.0.0","false","Windows 10",1920,957,"Male",50,"High school",FALSE,"United States","White",1,3,4,NA,6,1,1,6,0,6,6,2,5,2,0,6,6,6,6,1,3,0,6,2,1,2,6,3,0,1,6,3,6,3,3,6,3,3,3.28756666666667,4,"A few times per day",3,6,6,2,6,0,1,6,0,1,6,3,6,2,6,2.4399,7,2,0.5,1,3,NA,NA,NA,NA,NA,NA,NA,NA,NA,3,3,1,1,4,4,4,1,4,1,4,4,4,4,4,4,2.78358333333333,0.93275,0.5209,FALSE,FALSE,FALSE,TRUE,FALSE,FALSE,TRUE,FALSE,TRUE,TRUE,FALSE,FALSE,FALSE,NA,NA,0.666666666666667,39.7469541933332,13.4262257169288
"S190","prolific",2025-08-17 17:37:53,96.21655,"chrome 138.0.0","false","Mac OS",1200,669,"Female",29,"High school",FALSE,"United Kingdom","White",2,1,2,NA,6,0,3,6,6,6,3,3,3,3,5,6,5,5,3,3,1,3,1,1,3,3,1,1,0,5,5,5,3,6,3,3,3,6,6.05813333333333,1,"Never",3,1,3,4,6,3,1,5,5,6,6,3,3,6,1,1.32753333333333,5,0.5,2,1,0.5,NA,NA,NA,NA,NA,NA,NA,NA,NA,2,2,0,1,2,2,1,1,2,2,3,0,1,0,2,1,13.0651333333333,0.3376,0.120433333333333,FALSE,FALSE,FALSE,TRUE,FALSE,FALSE,TRUE,FALSE,FALSE,TRUE,FALSE,FALSE,FALSE,NA,NA,0.333333333333333,4,0
"S116","prolific",2025-08-15 15:42:13,47.4041166666667,"chrome 139.0.0","false","Mac OS",725,714,"Female",28,"Bachelor",FALSE,"United Kingdom","White",2,4,4,NA,3,3,3,3,2,5,2,3,2,2,4,2,3,4,3,1,3,1,3,2,2,4,2,2,0,4,3,2,2,2,2,2,3,3,1.64365,3,"Once a day",4,3,2,4,2,4,4,2,4,2,3,3,6,2,3,1.0002,2,2,1,2,1,NA,NA,NA,NA,NA,NA,NA,NA,NA,2,2,1,2,2,1,1,1,1,1,1,1,1,1,1,0,1.35521666666667,0.961983333333333,0.3993,FALSE,FALSE,FALSE,FALSE,TRUE,FALSE,TRUE,FALSE,TRUE,FALSE,FALSE,FALSE,FALSE,NA,NA,0.833333333333333,35.6401714397039,30.1694915254237
"S355","prolific",2025-08-28 18:33:58,30.21645,"chrome 139.0.0","false","Windows 10",2133,1021,"Male",45,"High school",FALSE,"United Kingdom","Mixed",4,4,4,"I mistakenly clicked on $1000 for one of the paintings that I would like to have owned but I would never pay this much for any painting. ",6,5,6,3,3,6,4,5,1,4,5,5,5,6,6,0,0,0,4,4,5,3,2,3,0,0,6,1,5,5,3,5,4,1,1.94848333333333,3,"A few times per day",4,3,4,2,6,2,3,4,5,4,5,4,6,6,6,0.99475,7,0.5,0.5,0.5,0,NA,NA,NA,NA,NA,NA,NA,NA,NA,3,3,2,2,3,3,3,2,1,1,1,1,2,2,2,3,1.53216666666667,1.06603333333333,0.251466666666667,FALSE,FALSE,FALSE,TRUE,FALSE,FALSE,TRUE,FALSE,FALSE,TRUE,FALSE,FALSE,FALSE,NA,NA,0.833333333333333,31.7344632768362,14.2372881355932
"S309","prolific",2025-08-18 21:24:28,48.21865,"chrome 138.0.0","false","Windows 10",1280,585,"Male",33,"Master",FALSE,"United Kingdom","Black",3,4,3,NA,1,4,1,1,0,5,0,4,0,1,6,6,5,4,0,0,0,0,0,1,0,1,0,0,0,0,4,3,3,2,2,5,4,0,3.85823333333333,4,"A few times per week",5,6,5,6,6,1,1,5,6,3,5,1,6,0,5,2.07023333333333,7,0,0,0,0,NA,NA,NA,NA,NA,NA,NA,NA,NA,3,3,3,2,1,1,4,4,4,3,2,4,1,1,0,0,2.43796666666667,2.01113333333333,0.414383333333333,FALSE,FALSE,FALSE,TRUE,FALSE,TRUE,FALSE,FALSE,TRUE,TRUE,FALSE,FALSE,FALSE,NA,NA,0.666666666666667,8.45707536422531,7.73400673400673
"S047","prolific",2025-08-15 09:34:46,34.1231666666667,"firefox 141.0.0","false","Windows 10",1536,703,"Female",43,"Master",FALSE,"United States","White",3,3,4,"In the last part where you guess if they were AI or Human or Forgery, some of the paintings did not show up at all - just had a flash of white.",2,0,4,4,0,4,6,4,1,5,5,5,4,4,5,0,0,5,5,0,5,0,4,0,0,0,6,6,5,5,0,0,4,4,2.16936666666667,0,"Never",0,0,0,5,1,5,4,0,0,6,0,6,6,6,0,0.991016666666667,1,0,1,0.5,0.5,NA,NA,NA,NA,NA,NA,NA,NA,NA,3,2,0,1,3,3,1,3,3,3,1,3,3,1,2,2,2.79805,0.77925,0.32145,FALSE,TRUE,FALSE,TRUE,FALSE,FALSE,TRUE,FALSE,TRUE,TRUE,FALSE,FALSE,FALSE,NA,NA,1,20,20
"S089","prolific",2025-08-15 13:33:03,34.8935833333333,"chrome 139.0.0","false","Mac OS",1684,827,"Male",59,"Master",FALSE,"United Kingdom","White",3,4,4,"It was interesting but a bit overlong. ",3,4,4,4,4,4,4,4,4,4,5,4,4,4,4,4,0,4,4,2,1,4,4,2,0,4,4,4,4,2,2,4,2,2,2.16313333333333,3,"A few times per day",4,4,4,4,4,2,4,4,4,1,4,3,6,1,6,1.2791,3,0,1,1,1,NA,NA,NA,NA,NA,NA,NA,NA,NA,2,2,2,2,2,2,2,2,2,2,2,2,2,2,2,2,1.89341666666667,1.09968333333333,0.354666666666667,FALSE,TRUE,TRUE,FALSE,FALSE,FALSE,TRUE,FALSE,TRUE,TRUE,FALSE,FALSE,FALSE,NA,NA,1,10.5084745762712,14.1154052211183
"S332","prolific",2025-08-27 10:32:26,37.1425833333333,"chrome 132.0.0","false","Mac OS",1273,588,"Male",50,"High school",FALSE,"United Kingdom","White",4,3,4,NA,6,4,5,4,5,5,5,5,5,3,2,6,5,4,5,5,5,4,5,5,4,5,5,5,0,5,3,5,2,3,5,6,2,4,3.16315,4,"A few times per month",4,3,3,4,3,2,5,1,3,5,4,4,6,4,5,1.64166666666667,7,1,0.5,0.5,0.5,NA,NA,NA,NA,NA,NA,NA,NA,NA,2,3,3,3,3,3,2,1,3,3,2,3,2,3,3,2,2.98558333333333,0.675483333333333,0.540383333333333,FALSE,FALSE,FALSE,TRUE,FALSE,FALSE,TRUE,FALSE,FALSE,TRUE,FALSE,FALSE,FALSE,NA,NA,0.833333333333333,7.96758846268213,0.363636363636364
"S142","prolific",2025-08-15 16:42:55,36.91375,"firefox 141.0.0","false","Windows 10",2509,1279,"Male",58,"High school",FALSE,NA,"White",3,2,4,NA,0,0,0,0,0,0,1,0,1,0,0,4,6,0,0,1,0,1,0,0,0,0,1,0,0,0,0,0,1,0,0,3,0,0,2.44128333333333,3,"A few times per day",6,6,6,4,6,4,3,5,6,6,6,2,6,6,6,1.5271,10,0,0,0,0,NA,NA,NA,NA,NA,NA,NA,NA,NA,2,2,1,2,1,1,1,1,2,1,1,1,1,1,1,1,2.14575,2.14313333333333,0.573033333333333,FALSE,FALSE,FALSE,FALSE,TRUE,FALSE,TRUE,TRUE,FALSE,FALSE,FALSE,FALSE,FALSE,NA,NA,1,20,20
"S314","prolific",2025-08-26 07:50:06,39.8549833333333,"firefox 115.0.0","false","Mac OS",2520,1193,"Male",50,"Bachelor",FALSE,"United States","East Asian",4,3,4,NA,4,3,5,1,4,5,1,4,2,2,5,6,6,2,3,1,4,4,4,4,1,2,1,2,0,4,2,2,4,4,4,6,4,1,3.65965,4,"Once a day",4,4,5,5,4,5,4,2,4,4,5,6,6,4,4,1.74831666666667,7,0.5,0,0.5,0,NA,NA,NA,NA,NA,NA,NA,NA,NA,3,3,2,2,4,4,4,3,3,3,4,3,4,4,4,3,2.57993333333333,1.47753333333333,0.870733333333333,FALSE,TRUE,TRUE,FALSE,FALSE,FALSE,TRUE,FALSE,TRUE,FALSE,FALSE,FALSE,FALSE,NA,NA,0.666666666666667,20,20
"S007","os",2025-07-23 18:44:09,57.6186333333333,"safari 18.5.0","false","Mac OS",1366,892,"Male",20,"High school",FALSE,"United Kingdom","Middle Eastern/North African",6,3,3,"I find some works are really terrible and AI getting better every day but there’s nothing to scared about. Every art work has to be touched by the person who has feelings.",2,6,3,3,4,4,0,6,3,4,4,6,3,4,5,0,4,2,0,4,3,4,1,2,3,3,4,3,4,3,5,4,3,5,6.0938,4,NA,3,5,4,5,3,4,3,1,4,2,3,6,5,0,5,3.43815,6,0.5,0,0.5,1,1.72866666666667,2,0,0,4,4,1,2,3,3,3,2,2,1,1,2,2,0,2,1,2,1,2,1,2,4.40116666666667,0.31285,0.128466666666667,FALSE,FALSE,TRUE,FALSE,FALSE,TRUE,FALSE,TRUE,FALSE,FALSE,FALSE,FALSE,FALSE,NA,NA,NA,NA,NA
"S167","prolific",2025-08-17 12:47:55,28.4749833333333,"chrome 138.0.0","false","Mac OS",1512,857,"Female",23,"High school",FALSE,"United States","White",4,4,4,NA,6,5,2,5,0,6,0,6,6,6,6,5,6,6,6,0,0,1,6,6,1,5,6,0,0,0,6,0,6,6,5,6,6,1,2.35466666666667,5,"A few times per day",6,5,3,4,6,5,5,5,6,0,4,2,6,2,6,1.43766666666667,10,0,0.5,0,0,NA,NA,NA,NA,NA,NA,NA,NA,NA,4,3,2,4,2,1,3,1,4,4,4,4,4,4,3,2,1.66306666666667,1.50225,0.3187,FALSE,TRUE,FALSE,TRUE,FALSE,FALSE,TRUE,FALSE,TRUE,FALSE,FALSE,FALSE,FALSE,NA,NA,0.833333333333333,16.7203389830508,17.2005649717514
"S214","prolific",2025-08-17 21:50:03,52.75705,"chrome 139.0.0","false","Windows 10",1536,695,"Female",25,"Bachelor",TRUE,"United Kingdom","White",4,3,3,NA,6,4,5,4,2,6,5,6,4,3,5,5,5,4,6,2,2,4,5,4,5,2,5,5,0,2,4,4,5,4,4,5,4,4,2.94538333333333,4,"A few times per month",5,1,1,6,3,6,6,0,4,2,0,6,6,6,1,1.09201666666667,7,3,3,3,3,NA,NA,NA,NA,NA,NA,NA,NA,NA,3,2,2,4,3,3,3,3,3,2,3,2,3,2,2,3,5.67171666666667,0.9955,0.24825,FALSE,FALSE,FALSE,FALSE,TRUE,FALSE,TRUE,FALSE,FALSE,TRUE,FALSE,FALSE,FALSE,NA,NA,0.833333333333333,40.2153711279953,5.63410645257211
"S291","prolific",2025-08-18 16:36:29,33.8198666666667,"chrome 139.0.0","false","Windows 10",1920,911,"Male",57,"High school",FALSE,"United Kingdom","White",1,4,4,"I marked a lot of the images as 0 for original or fake/copy as I honestly don't know enough artists and their styles to be able to say if a picture is genuine or painted in the style of a known artist. I really enjoyed the challenge though, and hope my answers are of use :-)",3,3,5,4,1,4,4,5,1,5,3,6,4,4,5,0,3,0,1,4,0,5,0,1,0,5,1,5,5,4,3,6,6,2,2.09883333333333,4,"A few times per day",4,5,5,5,5,3,3,6,5,1,4,0,6,2,5,1.13523333333333,9,0,0.5,0,0,NA,NA,NA,NA,NA,NA,NA,NA,NA,3,3,2,2,3,1,2,2,3,2,3,3,2,2,2,1,2.61315,0.670633333333333,0.281316666666667,FALSE,FALSE,FALSE,FALSE,TRUE,FALSE,TRUE,FALSE,FALSE,TRUE,FALSE,FALSE,FALSE,NA,NA,1,14.2217052380699,8.48349687778769
"S346","prolific",2025-08-28 12:35:19,31.0114166666667,"chrome 139.0.0","false","Windows 10",1920,911,"Male",41,"High school",FALSE,"United Kingdom","White",0,4,4,NA,2,2,2,2,3,0,5,1,1,5,4,5,2,5,0,0,1,0,0,0,0,3,3,0,0,0,3,0,6,0,0,1,5,2,1.93585,1,"A few times per week",2,5,5,4,6,3,2,2,3,0,4,4,6,0,5,0.809183333333333,8,0.5,1,0,0.5,NA,NA,NA,NA,NA,NA,NA,NA,NA,1,2,0,0,0,2,1,0,0,0,1,1,2,1,2,0,1.76856666666667,0.419433333333333,0.419033333333333,FALSE,TRUE,FALSE,FALSE,TRUE,TRUE,FALSE,FALSE,FALSE,TRUE,FALSE,FALSE,FALSE,NA,NA,1,27.2881355932203,21.4523670368206
"S274","prolific",2025-08-18 13:12:42,53.7996166666667,"chrome 139.0.0","false","Windows 10",1366,599,"Male",63,"High school",FALSE,"United Kingdom","White",2,4,4,"i found it difficult to differentiate which was original etc...",4,4,5,4,1,5,4,4,5,5,5,5,5,5,4,1,1,4,5,3,1,5,2,1,0,4,5,5,5,5,2,5,5,0,3.82441666666667,2,"Never",4,3,5,4,5,4,2,3,5,4,4,6,6,5,3,1.85116666666667,7,0.5,0,0,0,NA,NA,NA,NA,NA,NA,NA,NA,NA,2,2,2,1,3,2,2,3,3,2,3,4,3,3,2,3,3.0934,2.70611666666667,0.59905,FALSE,FALSE,FALSE,TRUE,TRUE,FALSE,TRUE,FALSE,FALSE,TRUE,FALSE,TRUE,FALSE,2,NA,1,36.1695911315401,24.0793013515339
"S221","prolific",2025-08-17 21:50:50,51.1797333333333,"firefox 143.0.0","false","Windows 10",1920,967,"Male",35,"Master",FALSE,"United Kingdom","Black",4,4,4,NA,6,0,6,6,5,6,0,0,6,6,6,6,6,2,4,4,0,6,6,0,0,2,0,2,0,4,3,0,6,0,0,6,6,4,2.71891666666667,6,"A few times per day",6,4,6,6,6,5,4,6,6,6,0,3,6,6,6,1.6805,6,0,0.5,0,0,NA,NA,NA,NA,NA,NA,NA,NA,NA,2,4,1,2,4,4,3,1,4,0,4,4,0,0,1,2,2.41253333333333,2.22706666666667,0.372883333333333,TRUE,FALSE,FALSE,TRUE,FALSE,TRUE,FALSE,FALSE,TRUE,TRUE,TRUE,FALSE,FALSE,NA,NA,0.666666666666667,20,20
"S265","prolific",2025-08-18 11:56:35,39.2359833333333,"firefox 141.0.0","false","Windows 10",1366,643,"Female",49,"Bachelor",FALSE,"United States","Southeast Asian",4,4,4,"Great study!",4,5,3,0,0,5,1,3,3,6,3,5,6,3,5,0,0,0,3,3,0,0,3,0,0,0,3,0,5,3,3,6,3,0,3.03438333333333,4,"A few times per week",3,0,4,3,4,3,3,3,4,2,4,6,6,4,4,1.97705,9,0,0.5,0,0.5,NA,NA,NA,NA,NA,NA,NA,NA,NA,4,4,4,4,4,4,4,4,4,4,4,4,4,4,4,4,2.05028333333333,1.29771666666667,0.64945,FALSE,TRUE,FALSE,FALSE,FALSE,TRUE,FALSE,FALSE,TRUE,FALSE,FALSE,FALSE,FALSE,NA,NA,1,20,20
"S011","os",2025-07-23 22:13:22,56.1615166666667,"chrome 138.0.0","false","Mac OS",1512,751,"Female",24,"Bachelor",TRUE,"United Kingdom","Middle Eastern/North African",2,3,3,"Personally, it took so long so after some point while gicing the answer i wanted to be get it over with soon enough. Secondly, maybe the show time of the pictures can be longer because sometimes, if i loose my focus i couldn't remember the paintings and have some hard time. ",5,0,6,2,6,6,0,1,3,5,6,6,5,2,6,0,0,1,3,0,0,0,0,3,0,5,2,2,4,0,0,6,6,5,3.68406666666667,4,NA,6,6,6,3,6,4,4,5,4,0,5,3,6,0,6,2.40066666666667,6,1,1,0.5,0.5,1.60098333333333,1,2,2,2,2,1,3,1,4,3,3,2,3,3,3,3,1,1,2,2,2,2,3,3,3.93563333333333,0.7675,0.457,FALSE,FALSE,TRUE,FALSE,FALSE,FALSE,FALSE,TRUE,FALSE,TRUE,FALSE,FALSE,FALSE,NA,NA,NA,13.2700175336061,11.8278784336645
"S336","prolific",2025-08-27 11:01:34,44.0113333333333,"edge-chromium 139.0.0","false","Windows 10",1272,594,"Female",49,"High school",FALSE,"United Kingdom","White",3,4,4,NA,0,3,5,5,3,5,6,3,3,4,0,6,6,3,2,0,0,6,6,3,0,3,6,3,0,0,3,6,4,3,3,6,3,6,3.39765,3,"A few times per day",6,6,6,2,6,1,1,6,6,0,0,4,6,0,6,1.5645,8,0,0,0,0,NA,NA,NA,NA,NA,NA,NA,NA,NA,4,4,4,4,4,3,4,4,4,4,4,4,4,4,4,4,2.9108,1.78603333333333,0.2135,FALSE,FALSE,FALSE,TRUE,FALSE,FALSE,TRUE,FALSE,TRUE,TRUE,FALSE,FALSE,FALSE,NA,NA,1,3.55502045124687,1.08465608465608
"S244","prolific",2025-08-18 09:33:32,35.79345,"edge-chromium 139.0.0","false","Windows 10",1912,954,"Male",61,"Doctorate",NA,"United Kingdom","White",3,4,4,"Some of the images I didn't like because of the animal content, I admired the technical aspects but not the content.",4,4,6,3,0,6,0,6,6,3,5,6,4,3,6,0,0,0,6,6,0,3,5,0,0,4,3,1,5,5,6,4,6,3,2.70745,2,"A few times per week",4,3,3,3,4,4,3,3,3,6,3,3,6,6,5,1.4186,7,0.5,0.5,1,0,NA,NA,NA,NA,NA,NA,NA,NA,NA,4,4,4,4,3,3,3,3,4,4,1,2,2,2,2,2,2.20341666666667,0.455066666666667,0.424383333333333,FALSE,FALSE,FALSE,TRUE,FALSE,FALSE,TRUE,FALSE,TRUE,FALSE,FALSE,FALSE,FALSE,NA,NA,0.833333333333333,14.9775413711584,16.9264569842738
"S289","prolific",2025-08-18 16:36:23,25.2974166666667,"chrome 131.0.0","false","Mac OS",1440,720,"Male",38,"Master",FALSE,"United Kingdom","White",4,4,4,NA,1,1,6,1,1,4,5,2,2,0,5,6,6,5,3,1,1,4,4,1,1,1,5,1,0,5,4,0,2,2,1,6,2,4,1.94193333333333,4,"A few times per week",4,1,4,5,5,1,5,4,5,5,4,5,5,6,1,0.735566666666667,1,3,2,3,2,NA,NA,NA,NA,NA,NA,NA,NA,NA,3,4,2,3,4,3,3,4,4,4,4,2,4,3,3,2,0.981916666666667,0.456916666666667,0.173616666666667,FALSE,FALSE,FALSE,TRUE,FALSE,FALSE,TRUE,FALSE,FALSE,TRUE,FALSE,FALSE,FALSE,NA,NA,1,18.3050847457627,14.3757062146893
"S239","prolific",2025-08-18 08:39:56,32.4294833333333,"chrome 138.0.0","false","Windows 10",1920,911,"Female",47,"Bachelor",FALSE,"United Kingdom","White",2,4,4,NA,3,6,5,6,0,6,0,6,3,5,5,6,4,6,5,0,6,0,0,0,6,6,0,6,0,0,6,0,5,5,6,4,4,1,1.62181666666667,4,"A few times per day",4,4,6,6,6,0,6,5,5,6,6,0,6,6,6,1.23975,7,0,2,1,2,NA,NA,NA,NA,NA,NA,NA,NA,NA,4,3,3,3,2,1,2,2,2,2,3,1,1,3,2,2,2.32288333333333,0.69225,0.302983333333333,TRUE,FALSE,FALSE,FALSE,FALSE,FALSE,TRUE,FALSE,FALSE,FALSE,FALSE,FALSE,FALSE,NA,NA,0.666666666666667,20.6523427644333,4.80713033313851
"S303","prolific",2025-08-18 17:34:05,52.9319,"chrome 138.0.0","false","Windows 10",1920,911,"Male",45,"High school",FALSE,"United Kingdom","White",4,4,4,"This was an interesting study on an interesting topic, so I enjoyed taking part. Thanks.",3,5,5,5,2,5,3,4,2,3,6,6,6,5,1,1,0,2,1,4,2,4,2,3,0,3,5,3,2,4,5,5,4,4,3.63563333333333,4,"A few times per week",4,4,4,2,5,1,4,4,4,2,4,5,6,1,4,3.73235,8,0,0.5,0,0,NA,NA,NA,NA,NA,NA,NA,NA,NA,3,3,2,2,2,1,3,2,3,2,2,3,2,3,3,1,4.67276666666667,1.06941666666667,0.397766666666667,FALSE,FALSE,FALSE,FALSE,TRUE,TRUE,FALSE,FALSE,TRUE,TRUE,FALSE,FALSE,FALSE,NA,NA,0.5,23.728813559322,8.06497175141243
"S288","prolific",2025-08-18 16:22:14,35.3881833333333,"opera 120.0.0","false","Windows 10",1879,923,"Female",26,"High school",FALSE,"United States","Black",4,4,4,NA,0,4,6,3,6,6,6,3,4,3,6,6,6,6,6,6,0,0,6,5,2,4,6,5,0,6,3,0,6,4,6,4,6,6,2.5239,5,"Never",5,2,5,5,6,6,3,5,6,3,1,4,6,6,6,0.97005,7,1,3,1,3,NA,NA,NA,NA,NA,NA,NA,NA,NA,4,4,2,3,4,3,3,4,2,3,4,3,4,3,4,4,1.95021666666667,0.857183333333333,0.231183333333333,FALSE,FALSE,TRUE,FALSE,FALSE,FALSE,TRUE,FALSE,TRUE,FALSE,FALSE,TRUE,FALSE,5,NA,0.833333333333333,4.57627118644068,17.7853107344633
"S085","prolific",2025-08-15 13:06:15,99.87155,"chrome 138.0.0","false","Windows 10",1366,641,"Female",43,"Bachelor",FALSE,"United Kingdom","White",3,4,4,NA,4,1,4,2,3,3,4,0,4,3,4,4,3,1,4,4,1,5,3,1,1,0,5,1,0,1,1,5,4,1,1,3,2,1,2.14886666666667,4,"A few times per day",4,5,4,2,5,2,4,4,5,1,5,5,6,3,5,1.23908333333333,8,0.5,0.5,0.5,0.5,NA,NA,NA,NA,NA,NA,NA,NA,NA,2,2,2,3,2,3,2,3,2,1,1,2,2,2,2,2,66.1736666666667,0.890516666666667,0.172083333333333,FALSE,FALSE,FALSE,TRUE,TRUE,FALSE,TRUE,FALSE,TRUE,FALSE,FALSE,TRUE,FALSE,3,NA,0.833333333333333,10.6911764705882,13.0188169673464
"S110","prolific",2025-08-15 15:32:34,28.7176,"chrome 139.0.0","false","Windows 10",1536,742,"Male",56,"High school",FALSE,"United Kingdom","White",4,4,4,"really interesting stdy",1,3,6,2,0,5,1,1,3,4,6,6,6,4,1,0,0,0,2,4,4,5,5,4,0,0,3,0,3,4,4,6,6,4,1.7443,4,"A few times per day",4,4,4,4,4,5,5,5,5,2,5,5,6,4,5,1.19575,6,2,2,2,3,NA,NA,NA,NA,NA,NA,NA,NA,NA,2,3,1,1,4,3,2,3,3,3,3,4,2,2,4,4,1.10896666666667,0.4133,0.446566666666667,TRUE,FALSE,FALSE,FALSE,TRUE,TRUE,FALSE,FALSE,TRUE,FALSE,FALSE,FALSE,FALSE,NA,NA,0.666666666666667,4.71468926553672,1.35593220338983
"S279","prolific",2025-08-18 13:23:31,42.23465,"chrome 138.0.0","false","Windows 10",1366,641,"Female",37,"Bachelor",FALSE,"United Kingdom","White",4,4,4,NA,2,4,5,4,3,4,3,3,2,5,4,6,6,4,3,0,4,1,5,5,5,4,6,5,0,0,4,1,5,4,5,6,3,5,2.44125,5,"A few times per week",5,5,6,1,6,1,1,5,5,4,6,3,6,4,6,1.14175,7,0.5,1,1,0.5,NA,NA,NA,NA,NA,NA,NA,NA,NA,4,3,2,4,2,2,2,3,4,4,4,4,2,1,2,1,1.80396666666667,0.5845,0.17935,FALSE,FALSE,FALSE,FALSE,TRUE,FALSE,TRUE,FALSE,TRUE,FALSE,FALSE,FALSE,FALSE,NA,NA,0.666666666666667,34.766693850723,9.37841552586728
"S097","prolific",2025-08-15 13:51:38,24.50645,"crios 139.0.0","false","Mac OS",1366,900,"Male",23,"Bachelor",FALSE,"United Kingdom","White",3,3,3,NA,5,4,4,4,5,5,3,5,2,4,5,5,4,5,4,4,4,4,2,4,3,4,3,5,0,4,5,3,4,4,4,5,5,3,1.64436666666667,5,"A few times per day",5,5,5,3,6,5,3,4,4,2,4,4,6,3,6,0.879133333333333,3,1,1,1,0.5,NA,NA,NA,NA,NA,NA,NA,NA,NA,4,3,3,3,2,3,2,3,2,2,3,4,1,2,3,2,0.968716666666667,0.8679,0.321633333333333,FALSE,TRUE,FALSE,FALSE,FALSE,FALSE,TRUE,FALSE,TRUE,FALSE,FALSE,FALSE,FALSE,NA,NA,1,22.238354506957,4.73684210526316
"S122","prolific",2025-08-15 16:01:05,29.9387833333333,"chrome 136.0.0","false","Windows 10",1366,599,"Female",39,"Bachelor",FALSE,"United Kingdom","White",4,3,4,NA,5,3,4,5,3,4,3,3,3,4,4,3,3,5,5,1,1,1,4,3,2,4,4,2,0,2,5,1,3,3,4,4,4,2,1.66895,2,"A few times per month",2,2,1,6,1,6,6,0,2,5,0,6,6,6,2,1.01846666666667,4,1,1,1,1,NA,NA,NA,NA,NA,NA,NA,NA,NA,3,3,1,3,2,2,2,1,3,3,3,3,2,2,2,3,1.77728333333333,0.54985,0.328333333333333,FALSE,TRUE,TRUE,TRUE,FALSE,FALSE,TRUE,FALSE,TRUE,TRUE,FALSE,FALSE,FALSE,NA,NA,1,1.66666666666667,3.15601503759398
"S213","prolific",2025-08-17 21:20:48,43.8915,"chrome 137.0.0","false","Windows 10",1279,633,"Male",29,"Bachelor",TRUE,"United Kingdom","Black",5,3,4,"all was clear",5,5,6,1,0,5,4,4,2,3,6,5,5,4,6,0,0,5,0,5,3,5,5,3,0,0,3,2,6,5,5,6,3,4,3.66575,5,"A few times per day",5,6,6,5,6,0,4,6,6,3,5,6,4,0,6,1.61338333333333,5,3,2,3,2,NA,NA,NA,NA,NA,NA,NA,NA,NA,2,4,3,4,4,4,4,4,3,4,2,4,4,4,3,4,2.1883,1.85106666666667,0.496266666666667,TRUE,FALSE,FALSE,FALSE,FALSE,FALSE,TRUE,FALSE,TRUE,FALSE,TRUE,FALSE,FALSE,NA,NA,1,20.2154558197629,4.65233724798616
"S251","prolific",2025-08-18 09:58:16,36.0733833333333,"chrome 129.0.0","false","Windows 10",762,712,"Male",33,"Master",FALSE,"United Kingdom","Black",3,4,3,NA,4,1,5,2,3,5,4,1,3,4,5,6,6,3,2,0,0,0,5,1,0,2,2,0,0,3,2,0,1,3,1,6,6,1,2.85911666666667,4,"A few times per day",5,6,6,3,6,3,3,5,5,1,5,2,6,6,6,1.7337,7,0,0,0,0,NA,NA,NA,NA,NA,NA,NA,NA,NA,3,3,2,2,4,0,4,1,4,3,4,4,2,3,3,2,2.43123333333333,0.677933333333333,0.548933333333333,FALSE,FALSE,FALSE,TRUE,FALSE,FALSE,TRUE,FALSE,TRUE,TRUE,FALSE,FALSE,FALSE,NA,NA,0.833333333333333,19.2884280638998,18.8073776841812
"S073","prolific",2025-08-15 12:14:56,32.80005,"chrome 116.0.0","false","Mac OS",1440,792,"Female",42,"Bachelor",TRUE,"United States","White",4,1,4,"no",2,2,3,2,3,3,2,1,2,3,3,4,3,2,2,3,3,3,2,3,3,2,3,3,0,3,2,3,2,3,2,3,2,2,1.24555,3,"A few times per week",2,3,3,4,4,2,3,2,3,4,3,4,6,5,3,0.637,6,1,1,1,2,NA,NA,NA,NA,NA,NA,NA,NA,NA,1,2,1,2,1,2,1,2,2,1,2,1,2,1,1,2,0.932516666666667,0.37465,0.0633,FALSE,FALSE,FALSE,TRUE,TRUE,FALSE,TRUE,FALSE,TRUE,FALSE,FALSE,FALSE,FALSE,NA,NA,0.833333333333333,4.75572405590247,3.57110851353984
"S223","prolific",2025-08-17 21:51:39,40.158,"chrome 139.0.0","false","Mac OS",1404,694,"Male",35,"Master",FALSE,"United Kingdom","Black",3,4,3,NA,5,5,5,5,3,4,6,4,4,6,4,6,3,5,5,5,5,5,5,6,4,5,4,6,0,6,4,6,5,4,5,5,6,6,1.88565,6,"A few times per day",6,4,6,6,5,3,5,2,6,3,4,2,6,6,5,1.34878333333333,4,2,2,3,3,NA,NA,NA,NA,NA,NA,NA,NA,NA,3,2,3,4,4,3,2,1,4,2,3,4,2,3,1,3,3.47571666666667,1.66091666666667,0.935033333333333,TRUE,TRUE,FALSE,TRUE,FALSE,TRUE,TRUE,FALSE,TRUE,FALSE,TRUE,FALSE,FALSE,NA,NA,0.5,3.59438924605494,5.77781024741866
"S233","prolific",2025-08-18 08:19:39,72.4996833333333,"chrome 139.0.0","false","Windows 10",1664,941,"Male",48,"High school",NA,"United Kingdom","White",1,3,4,NA,3,3,4,1,4,3,3,2,3,3,4,4,4,2,3,4,1,5,4,1,1,2,0,3,0,4,2,4,3,1,2,4,3,5,2.15365,3,"A few times per week",6,5,5,2,6,4,3,3,4,5,5,6,6,5,4,1.19773333333333,5,0.5,0.5,0.5,0,NA,NA,NA,NA,NA,NA,NA,NA,NA,3,2,2,1,3,2,2,3,2,2,1,3,2,1,2,2,1.3086,0.5532,0.283733333333333,FALSE,FALSE,FALSE,TRUE,TRUE,FALSE,TRUE,FALSE,TRUE,FALSE,FALSE,FALSE,FALSE,NA,NA,0.833333333333333,1.67231638418079,9.63559322033898
"S359","prolific",2025-08-28 20:27:24,51.1915333333333,"chrome 139.0.0","false","Windows 10",1536,730,"Female",55,"Bachelor",TRUE,"United Kingdom","White",2,4,4,"Hope your study goes well.  I enjoyed taking part.",1,1,4,1,0,1,4,1,4,1,4,1,1,1,3,4,1,2,2,1,0,1,3,2,0,1,1,1,3,1,2,1,1,1,3.61028333333333,3,"A few times per week",5,5,5,2,5,2,1,5,5,1,4,5,6,1,5,1.96685,8,0,0,0,0.5,NA,NA,NA,NA,NA,NA,NA,NA,NA,3,3,3,4,2,3,2,1,3,3,3,3,1,1,1,1,2.65443333333333,1.33351666666667,0.512733333333333,FALSE,FALSE,FALSE,TRUE,TRUE,FALSE,TRUE,FALSE,FALSE,TRUE,FALSE,TRUE,FALSE,0,NA,0.833333333333333,11.4285714285714,7.85714285714286
"S019","os",2025-07-31 17:40:48,61.24065,"chrome 132.0.0","false","Linux",1920,970,"Male",25,"Bachelor",TRUE,"United Kingdom","White",4,4,3,"The photos at the end go by very quickly. It's hard to assess them in such short time",1,1,3,1,0,1,4,2,4,3,4,2,4,1,3,1,3,4,5,4,2,1,4,5,0,4,1,1,2,4,1,4,5,6,5.04488333333333,6,"A few times per day",3,2,6,5,6,1,0,2,6,3,4,6,6,4,6,2.78885,8,0,1,0.5,0.5,1.22943333333333,1,3,1,2,4,4,1,1,3,3,2,4,4,2,4,3,3,1,4,4,3,3,2,3,4.3181,0.0425,0.356133333333333,FALSE,FALSE,FALSE,FALSE,TRUE,FALSE,TRUE,FALSE,TRUE,TRUE,FALSE,TRUE,FALSE,1,NA,NA,33.1796784480195,27.8874926943308
"S317","prolific",2025-08-26 15:38:23,28.8204833333333,"chrome 138.0.0","false","Windows 10",1366,607,"Female",29,"Bachelor",FALSE,"United Kingdom","White",2,2,4,NA,4,0,3,0,1,1,1,0,0,2,3,1,4,0,6,0,0,2,0,0,0,0,0,0,0,0,0,0,1,1,1,4,3,5,1.58475,2,"A few times per month",5,4,2,3,3,3,3,1,6,4,2,4,6,5,2,1.0368,7,0.5,0.5,1,0.5,NA,NA,NA,NA,NA,NA,NA,NA,NA,2,1,1,2,1,1,1,2,2,1,2,2,1,1,1,1,1.49306666666667,0.90485,0.30185,FALSE,FALSE,FALSE,TRUE,FALSE,FALSE,TRUE,FALSE,TRUE,FALSE,FALSE,FALSE,FALSE,NA,NA,0.833333333333333,29.15009516893,11.875
"S234","prolific",2025-08-18 08:21:39,34.2910833333333,"chrome 139.0.0","false","Windows 10",2560,1271,"Male",43,"High school",FALSE,"United Kingdom","White",0,3,4,NA,2,4,6,4,0,5,3,2,3,5,6,6,6,6,4,6,0,4,2,3,0,2,2,4,0,4,6,3,4,4,0,6,5,4,2.01148333333333,4,"A few times per day",4,6,6,3,6,1,4,3,1,3,5,3,6,3,6,1.15068333333333,7,0.5,0.5,0.5,0,NA,NA,NA,NA,NA,NA,NA,NA,NA,3,4,2,3,3,2,3,3,4,2,4,3,3,3,2,2,1.87951666666667,1.51556666666667,0.287166666666667,FALSE,FALSE,FALSE,TRUE,FALSE,FALSE,TRUE,FALSE,TRUE,FALSE,FALSE,FALSE,FALSE,NA,NA,0.833333333333333,42.7118644067797,42.2853107344633
"S132","prolific",2025-08-15 16:21:35,40.8032333333333,"chrome 138.0.0","false","Chrome OS",1601,766,"Male",63,"High school",FALSE,NA,"White",2,3,4,"Good luck with your study ",2,2,4,0,0,5,4,2,4,4,4,5,5,2,2,2,0,5,2,2,0,1,5,2,0,4,2,5,4,3,4,6,5,0,3.76005,4,"A few times per week",2,4,5,4,5,4,4,3,4,4,4,4,6,5,4,1.77615,7,0.5,0.5,0.5,0,NA,NA,NA,NA,NA,NA,NA,NA,NA,3,2,2,2,3,3,2,3,3,3,3,3,3,3,3,3,2.71148333333333,1.4634,0.611166666666667,FALSE,FALSE,FALSE,TRUE,FALSE,FALSE,TRUE,FALSE,TRUE,FALSE,FALSE,FALSE,FALSE,NA,NA,0.833333333333333,13.2014387701951,7.02298850574713
"S284","prolific",2025-08-18 14:49:18,21.7316,"chrome 131.0.0","false","Windows 10",1536,730,"Male",47,"Master",FALSE,"United Kingdom","White",4,4,4,"No",2,4,5,3,1,1,3,2,2,4,5,6,6,3,1,1,3,0,4,4,4,5,2,2,0,4,3,0,3,4,4,6,2,2,0.9586,4,"A few times per week",3,5,5,4,6,5,4,3,5,5,4,4,6,4,3,0.396183333333333,7,0.5,2,0.5,1,NA,NA,NA,NA,NA,NA,NA,NA,NA,3,3,2,3,2,4,3,2,2,3,2,2,2,3,2,1,0.631266666666667,0.24975,0.0540166666666667,FALSE,TRUE,TRUE,FALSE,FALSE,TRUE,FALSE,FALSE,FALSE,TRUE,FALSE,FALSE,FALSE,NA,NA,0.5,9.34885614093679,7.99532437171245
"S060","prolific",2025-08-15 11:12:47,53.1797833333333,"firefox 141.0.0","false","Mac OS",1280,690,"Male",28,"High school",FALSE,"United Kingdom","White",4,4,3,"AI is by definition a copy/imitation, because no matter how good or unlike its source material it is, it is an algorithmically created thing based on other work, so it cannot be an original creation. By that same token, and 'original creation' from a human is obviously based on their preferred styles, pieces, and influences generally, and depending how contrived you perceive it to be, it is arguably not an 'original creation'. Again, I don't feel the validity of AI can be found in how well it can deceive people into thinking it is original, because even human made art is contrived to some extent. It is the knowledge that human effort went into a piece of art that gives it merit, even if it is not a good piece of art. Art is expression, and an algorithm is not expressing anything, it is calculating it.",2,4,6,2,4,6,4,3,5,3,5,6,1,1,3,1,0,6,2,1,4,0,5,1,0,0,1,4,2,1,1,5,5,3,4.23796666666667,2,"Never",0,0,0,6,0,6,6,0,6,6,4,6,6,6,0,1.7895,9,0,0.5,0.5,0,NA,NA,NA,NA,NA,NA,NA,NA,NA,3,2,2,3,2,2,2,2,3,3,3,3,2,2,2,1,2.33815,0.9746,0.33455,FALSE,TRUE,FALSE,TRUE,FALSE,TRUE,FALSE,FALSE,TRUE,FALSE,FALSE,FALSE,FALSE,NA,NA,0.833333333333333,20,20
"S329","prolific",2025-08-27 10:29:23,24.3553833333333,"safari 18.6.0","false","Mac OS",1373,721,"Female",36,"Master",FALSE,"United Kingdom","White",1,3,4,NA,5,3,3,5,0,3,1,4,2,2,4,4,3,4,1,1,2,2,0,2,2,3,1,2,0,0,4,1,3,2,2,2,4,0,1.53668333333333,1,"A few times per month",3,2,3,5,3,2,4,2,3,3,2,5,6,4,2,0.7362,7,0.5,0.5,0,0.5,NA,NA,NA,NA,NA,NA,NA,NA,NA,4,2,2,3,2,3,2,3,4,3,3,3,2,2,3,3,1.12606666666667,1.15153333333333,0.16595,FALSE,FALSE,FALSE,FALSE,TRUE,FALSE,TRUE,FALSE,TRUE,FALSE,FALSE,FALSE,FALSE,NA,NA,1,8.20572764465225,12.749853886616
"S171","prolific",2025-08-17 13:20:35,46.9334333333333,"chrome 139.0.0","false","Windows 10",1125,723,"Male",28,"High school",FALSE,"United States","White",1,4,4,"I did not experience any technical difficulties while doing this experiment. I also wanted to mention that I think this experiment was pretty unique and interesting overall.",3,3,3,3,0,3,3,3,3,3,3,3,3,3,0,0,0,3,6,0,0,0,6,0,0,0,3,0,6,3,0,3,3,0,6.19755,3,"A few times per month",0,3,3,3,6,3,3,3,3,3,3,3,6,3,6,1.54701666666667,5,0,0,0,0,NA,NA,NA,NA,NA,NA,NA,NA,NA,3,3,2,2,2,2,2,3,2,2,2,3,2,2,2,1,2.52,1.163,0.24985,FALSE,FALSE,FALSE,TRUE,FALSE,FALSE,TRUE,FALSE,FALSE,TRUE,FALSE,FALSE,FALSE,NA,NA,0.666666666666667,28.0847457627119,8.64406779661017
"S054","prolific",2025-08-15 10:45:59,33.0096833333333,"edge-chromium 139.0.0","false","Windows 10",1528,708,"Male",43,"Master",FALSE,"United States","Black",5,4,4,"no",6,5,5,3,6,5,0,5,4,6,5,0,6,5,0,0,0,4,0,6,0,6,5,0,0,3,5,0,5,3,3,6,3,4,2.39681666666667,4,"Once a day",5,6,5,6,5,4,3,6,5,1,6,6,6,3,6,1.40396666666667,8,0,0,0,0,NA,NA,NA,NA,NA,NA,NA,NA,NA,2,2,2,2,2,2,0,2,2,2,2,2,2,2,2,2,1.66288333333333,0.600233333333333,0.0668833333333333,TRUE,FALSE,FALSE,TRUE,FALSE,TRUE,FALSE,FALSE,TRUE,FALSE,FALSE,FALSE,FALSE,NA,NA,0.5,10.0677966101695,12.0125657510228
"S326","prolific",2025-08-27 05:32:26,26.9592166666667,"chrome 139.0.0","false","Windows 10",1919,1444,"Male",52,"Bachelor",FALSE,"United States","White",6,4,4,"Thank you for allowing me to participate!",1,4,6,5,1,5,2,5,0,6,6,6,6,5,5,1,1,3,5,3,4,1,2,5,0,5,5,0,6,5,5,6,5,0,2.23008333333333,6,"A few times per day",5,6,5,6,6,6,4,0,0,0,1,0,6,0,6,1.18525,1,3,3,3,0,NA,NA,NA,NA,NA,NA,NA,NA,NA,3,3,3,1,4,4,4,4,2,2,1,3,4,4,4,4,1.45891666666667,0.730516666666667,0.244766666666667,FALSE,FALSE,FALSE,FALSE,TRUE,FALSE,TRUE,FALSE,FALSE,FALSE,FALSE,FALSE,TRUE,NA,4,1,18.8135593220339,24.6391973504773
"S276","prolific",2025-08-18 13:16:29,91.9067333333333,"chrome 138.0.0","false","Windows 10",1536,695,"Male",50,"Master",FALSE,"United Kingdom","Middle Eastern/North African",1,2,3,NA,3,3,5,3,1,2,2,2,4,3,4,1,3,1,3,3,1,3,2,1,1,2,3,1,0,3,3,4,4,2,2,4,4,2,2.51496666666667,2,"A few times per month",3,5,4,4,5,2,3,2,4,4,3,3,6,4,4,1.26328333333333,5,0,0,0,0,NA,NA,NA,NA,NA,NA,NA,NA,NA,1,1,0,1,2,1,2,2,2,1,1,1,1,1,2,2,2.524,0.6985,0.4806,FALSE,FALSE,FALSE,TRUE,FALSE,FALSE,TRUE,FALSE,TRUE,FALSE,FALSE,FALSE,FALSE,NA,NA,0.833333333333333,43.0225988700565,18.5494925880665
"S322","prolific",2025-08-26 15:45:56,39.8817333333333,"chrome 139.0.0","false","Windows 10",1280,585,"Male",62,"Master",FALSE,"United Kingdom","White",4,4,3,"Focus mostly on picture not other detail",4,3,5,2,1,4,3,2,4,4,4,5,5,3,5,4,0,2,2,1,0,3,3,0,0,2,3,3,5,2,3,5,5,1,2.5044,4,"A few times per day",5,4,5,4,5,1,0,5,5,1,3,4,6,3,5,1.35538333333333,9,0,0,0,0,NA,NA,NA,NA,NA,NA,NA,NA,NA,2,3,2,2,2,3,2,3,4,3,4,3,3,3,3,3,2.30511666666667,0.747233333333333,0.22015,FALSE,FALSE,FALSE,FALSE,TRUE,FALSE,TRUE,TRUE,FALSE,FALSE,FALSE,TRUE,FALSE,NA,NA,0.666666666666667,13.4217408274785,5.26419863217365
"S325","prolific",2025-08-26 16:20:32,26.1123,"chrome 139.0.0","false","Android OS",749,654,"Male",36,"High school",FALSE,"United Kingdom","White",2,3,3,NA,5,5,3,4,3,5,4,3,3,5,4,1,4,1,6,1,1,5,4,5,1,4,1,1,0,5,5,5,3,3,2,4,5,1,1.72628333333333,5,"A few times per week",2,4,4,4,4,4,5,2,4,5,3,5,6,4,6,0.77245,7,0.5,0.5,0.5,0.5,NA,NA,NA,NA,NA,NA,NA,NA,NA,2,2,1,3,3,3,3,3,2,2,1,2,3,2,3,3,1.42215,0.552016666666667,0.1367,FALSE,FALSE,FALSE,TRUE,FALSE,FALSE,TRUE,FALSE,TRUE,FALSE,FALSE,FALSE,FALSE,NA,NA,0.666666666666667,1.37931034482759,3.95675043834015
"S348","prolific",2025-08-28 12:57:47,26.8777333333333,"chrome 139.0.0","false","Windows 10",1280,585,"Male",36,"High school",FALSE,"United States","White",3,4,4,NA,2,4,3,5,2,5,1,4,3,5,4,5,5,5,3,1,1,1,3,4,2,3,4,3,0,1,5,1,5,3,4,5,5,1,2.5779,2,"A few times per month",4,2,3,4,4,4,3,5,5,4,3,5,4,4,2,1.00526666666667,7,0.5,0.5,0.5,0.5,NA,NA,NA,NA,NA,NA,NA,NA,NA,3,2,1,2,2,2,2,2,1,1,1,1,2,2,2,2,1.55821666666667,0.321016666666667,0.0542333333333333,FALSE,FALSE,FALSE,TRUE,FALSE,FALSE,TRUE,FALSE,TRUE,FALSE,FALSE,FALSE,FALSE,NA,NA,1,23.4830508474576,25.819209039548
"S327","prolific",2025-08-27 10:28:23,27.54105,"chrome 139.0.0","false","Windows 10",1920,911,"Female",35,"High school",FALSE,"United Kingdom","White",1,4,4,"Really fun experiment thank you! ",1,6,4,5,0,4,5,4,2,4,5,6,6,5,2,2,5,3,4,1,5,6,2,0,0,2,5,6,5,2,1,6,3,5,1.60803333333333,3,"Once a day",6,4,3,2,6,5,6,4,5,4,6,6,6,2,3,1.39208333333333,7,0.5,1,0.5,1,NA,NA,NA,NA,NA,NA,NA,NA,NA,3,2,2,4,3,3,4,3,4,3,4,2,3,3,4,2,1.54605,0.84195,0.192316666666667,TRUE,FALSE,FALSE,FALSE,TRUE,FALSE,TRUE,FALSE,TRUE,FALSE,FALSE,TRUE,FALSE,3,NA,0.833333333333333,31.6949152542373,7.96327683615819
"S013","os",2025-07-24 14:22:40,63.8018,"firefox 141.0.0","false","Mac OS",1391,816,"Male",82,"Master",FALSE,"United Kingdom","White",2,4,4,"I was very impressed and look forward to seeing the outcome",1,3,3,1,0,3,4,1,4,6,5,3,6,1,3,4,0,4,3,0,1,0,1,1,3,1,4,6,5,0,0,3,5,0,5.98628333333333,4,NA,5,6,3,1,5,4,4,4,5,2,4,3,6,1,5,2.40786666666667,10,0,0,0,0,1.18836666666667,0,0,0,4,0,0,0,2,3,3,2,1,3,3,3,4,3,2,4,3,2,1,3,3,3.90121666666667,2.65653333333333,0.647266666666667,FALSE,FALSE,FALSE,TRUE,FALSE,FALSE,TRUE,FALSE,TRUE,TRUE,FALSE,FALSE,FALSE,NA,NA,NA,20,20
"S052","prolific",2025-08-15 10:31:59,55.4849833333333,"chrome 138.0.0","false","Mac OS",500,892,"Female",52,"Master",FALSE,"United States","White",4,3,4,NA,2,4,6,3,1,6,0,3,3,3,6,5,2,4,2,0,0,2,2,5,1,2,0,4,0,6,5,1,2,4,5,1,6,4,1.90726666666667,4,"A few times per day",5,5,6,1,5,1,2,6,5,1,6,0,6,1,6,0.9788,5,1,1,3,1,NA,NA,NA,NA,NA,NA,NA,NA,NA,3,3,3,3,3,3,3,3,3,3,2,3,3,3,3,3,2.68441666666667,4.5073,0.2681,FALSE,FALSE,FALSE,TRUE,FALSE,FALSE,TRUE,FALSE,TRUE,TRUE,FALSE,TRUE,FALSE,0,NA,0.833333333333333,16.4293785310734,9.7683615819209
"S344","prolific",2025-08-28 12:20:22,42.7256666666667,"chrome 139.0.0","false","Windows 10",1536,791,"Male",47,"High school",FALSE,"United States","White",4,3,3,"thanks",5,5,5,5,4,6,4,4,5,5,5,5,4,6,2,2,1,4,5,5,0,3,5,0,0,5,6,0,5,5,4,4,3,1,3.31421666666667,3,"A few times per week",1,1,4,6,5,1,5,0,2,5,5,6,6,6,3,1.58283333333333,1,1,1,3,0,NA,NA,NA,NA,NA,NA,NA,NA,NA,2,3,2,3,2,2,2,1,3,1,3,3,3,2,2,2,3.21311666666667,0.912116666666667,0.454183333333333,FALSE,TRUE,TRUE,FALSE,FALSE,FALSE,TRUE,FALSE,TRUE,FALSE,FALSE,FALSE,FALSE,NA,NA,1,43.635300993571,19.816384180791
"S068","prolific",2025-08-15 12:03:15,54.3235666666667,"chrome 139.0.0","false","Windows 10",2052,1430,"Male",64,"Bachelor",FALSE,"United Kingdom","White",2,4,4,NA,0,0,2,0,0,5,1,0,4,0,0,1,1,0,5,1,0,0,3,0,0,0,4,0,0,0,0,0,3,0,0,3,0,1,3.55143333333333,3,"A few times per month",3,6,4,6,6,1,5,5,4,3,5,4,6,2,6,2.2298,9,0,0,0,0,NA,NA,NA,NA,NA,NA,NA,NA,NA,3,3,3,3,1,3,2,2,2,1,2,2,2,1,2,1,3.22003333333333,1.78808333333333,0.581383333333333,FALSE,FALSE,FALSE,FALSE,TRUE,FALSE,TRUE,FALSE,TRUE,FALSE,FALSE,FALSE,FALSE,NA,NA,0.833333333333333,13.3898305084746,14.9892961965808
"S172","prolific",2025-08-17 13:33:38,43.0142,"chrome 133.0.0","false","Windows 10",1366,679,"Male",45,"Bachelor",TRUE,"United States","Black",4,4,4,"i love these kinds of studies",2,6,6,3,2,5,3,5,1,4,6,4,6,3,2,3,0,6,5,2,3,1,4,4,0,4,3,3,5,4,3,5,0,2,3.61258333333333,5,"A few times per day",6,6,6,5,6,5,2,6,6,2,4,3,6,3,6,1.93745,9,0.5,1,0.5,0.5,NA,NA,NA,NA,NA,NA,NA,NA,NA,4,4,4,4,4,4,4,4,4,3,4,4,2,3,3,1,3.06496666666667,1.81163333333333,0.611516666666667,FALSE,FALSE,FALSE,FALSE,TRUE,FALSE,TRUE,FALSE,TRUE,FALSE,FALSE,TRUE,FALSE,4,NA,0.666666666666667,31.4392191913462,16.5997990273738
"S099","prolific",2025-08-15 14:12:48,33.5906833333333,"chrome 139.0.0","false","Mac OS",1440,778,"Female",21,"High school",FALSE,"United Kingdom","White",4,4,4,"None",3,6,0,4,2,4,5,0,6,2,6,6,6,6,5,3,0,5,5,5,0,5,3,0,5,0,4,6,2,6,5,4,6,6,2.55368333333333,4,"A few times per week",4,4,4,5,5,2,1,3,5,3,4,4,6,4,5,0.699316666666667,5,2,3,2,2,NA,NA,NA,NA,NA,NA,NA,NA,NA,0,1,2,0,2,3,3,3,2,3,3,3,2,4,3,3,1.48525,0.265533333333333,0.0964333333333333,FALSE,FALSE,FALSE,TRUE,FALSE,TRUE,FALSE,FALSE,TRUE,TRUE,FALSE,FALSE,FALSE,NA,NA,0.833333333333333,13.3785310734463,15.7514124293785
"S138","prolific",2025-08-15 16:32:38,28.4961333333333,"chrome 139.0.0","false","Windows 10",1536,730,"Male",39,"High school",FALSE,"United Kingdom","White",2,2,4,NA,4,4,4,2,0,0,1,0,4,2,5,1,4,1,0,0,0,0,6,4,0,2,6,3,0,1,0,1,2,2,3,3,0,1,2.07516666666667,4,"A few times per month",1,1,4,3,4,4,4,3,1,3,3,3,6,1,1,1.04141666666667,8,0,0,0,0,NA,NA,NA,NA,NA,NA,NA,NA,NA,3,3,2,2,4,3,4,4,4,4,3,3,3,3,3,3,2.04445,1.03876666666667,0.391216666666667,TRUE,FALSE,FALSE,FALSE,FALSE,FALSE,TRUE,FALSE,TRUE,TRUE,FALSE,FALSE,FALSE,NA,NA,1,24.7196571205922,30.8190255498573
"S063","prolific",2025-08-15 11:19:57,48.04875,"chrome 138.0.0","false","Windows 10",1366,607,"Female",43,"Bachelor",TRUE,"United Kingdom","White",3,4,4,NA,3,3,2,3,3,1,2,2,1,4,2,1,3,2,1,0,0,1,3,1,1,3,4,2,0,1,4,1,4,2,2,3,3,3,3.04113333333333,4,"A few times per day",4,5,2,3,3,2,4,4,4,2,3,3,6,3,4,0.980816666666667,6,0,0,0.5,0,NA,NA,NA,NA,NA,NA,NA,NA,NA,3,2,3,3,3,3,2,2,2,2,3,2,3,3,2,2,1.67568333333333,0.811633333333333,0.372066666666667,FALSE,FALSE,FALSE,TRUE,FALSE,TRUE,FALSE,FALSE,TRUE,FALSE,FALSE,FALSE,FALSE,NA,NA,0.166666666666667,6.3768115942029,20.3989519252677
"S058","prolific",2025-08-15 11:12:10,40.39605,"chrome 138.0.0","false","Windows 10",1366,641,"Female",37,"Master",FALSE,"Ireland","Black",2,2,4,"no",2,5,6,5,0,3,0,5,5,5,6,5,5,5,2,0,0,0,0,5,0,5,2,0,0,0,5,0,5,5,5,5,6,4,2.09368333333333,4,"A few times per week",1,5,6,6,4,2,4,1,5,1,1,5,6,1,5,2.64163333333333,8,0,0,0,0,NA,NA,NA,NA,NA,NA,NA,NA,NA,3,3,3,3,2,1,2,2,0,0,0,0,2,2,2,1,2.44776666666667,1.11846666666667,0.465833333333333,FALSE,TRUE,FALSE,TRUE,FALSE,FALSE,TRUE,FALSE,TRUE,FALSE,FALSE,FALSE,FALSE,NA,NA,1,11.1463956851089,8.07823129251701
"S124","prolific",2025-08-15 16:04:24,34.6159833333333,"chrome 139.0.0","false","Windows 10",1536,742,"Male",56,"High school",FALSE,"United Kingdom","White",2,3,4,NA,0,0,5,0,0,2,2,0,0,2,4,4,5,0,1,0,0,0,5,0,0,0,3,0,0,2,0,0,2,0,0,5,4,0,1.57691666666667,3,"A few times per month",6,2,6,2,6,2,0,2,4,5,5,4,6,6,4,0.859916666666667,9,0,0,0,0,NA,NA,NA,NA,NA,NA,NA,NA,NA,2,2,2,1,3,2,2,2,3,1,2,2,2,1,1,1,1.39351666666667,1.10325,0.214416666666667,FALSE,FALSE,FALSE,FALSE,TRUE,FALSE,TRUE,FALSE,TRUE,FALSE,FALSE,FALSE,FALSE,NA,NA,0.833333333333333,0.350877192982456,5.75672134882661
"S125","prolific",2025-08-15 16:05:34,35.6663833333333,"safari 18.6.0","false","Mac OS",1440,820,"Female",35,"Doctorate",NA,"United Kingdom","White",3,4,4,NA,2,1,6,2,0,5,4,1,5,4,6,6,4,3,1,4,0,4,6,1,1,1,6,0,0,1,3,3,4,1,1,3,5,1,1.87311666666667,3,"A few times per month",1,2,2,3,4,3,4,0,4,5,5,5,6,6,3,1.1026,2,2,1,1,2,NA,NA,NA,NA,NA,NA,NA,NA,NA,2,3,2,1,1,2,1,2,3,2,1,3,2,2,1,1,2.28555,0.93395,0.332983333333333,FALSE,FALSE,FALSE,FALSE,TRUE,FALSE,TRUE,FALSE,TRUE,TRUE,FALSE,TRUE,FALSE,3,NA,1,22.7629233511586,27.9640151515151
"S154","prolific",2025-08-15 17:23:24,35.6731666666667,"chrome 138.0.0","false","Windows 10",1280,585,"Female",49,"Bachelor",TRUE,"United Kingdom","White",4,4,4,"n/a",3,2,0,1,0,2,4,2,0,0,0,4,6,1,0,0,3,1,4,2,1,1,2,1,0,0,1,2,0,2,2,6,0,0,2.3288,1,"Never",3,2,4,6,5,0,1,1,2,3,0,4,6,5,3,1.2051,7,0.5,0.5,0.5,0,NA,NA,NA,NA,NA,NA,NA,NA,NA,3,4,2,2,0,1,1,0,4,3,4,1,1,0,1,0,2.79548333333333,1.04686666666667,0.254166666666667,FALSE,TRUE,FALSE,TRUE,FALSE,FALSE,TRUE,FALSE,TRUE,FALSE,FALSE,FALSE,FALSE,NA,NA,0.833333333333333,30.0815312682642,24.3725891291642
"S098","prolific",2025-08-15 14:00:49,39.2570666666667,"chrome 138.0.0","false","Windows 10",1536,738,"Female",35,"High school",NA,"United States","White",4,4,4,"I really enjoyed this study, different than others I've done before and really made me think about how easy it is for AI to replicate human-made things.",6,6,4,6,5,6,6,5,5,5,6,6,6,6,6,4,2,6,4,6,6,5,5,4,0,4,6,6,5,5,6,6,5,5,1.99391666666667,4,"A few times per month",4,3,4,5,4,4,4,2,5,5,4,5,6,6,5,1.34605,8,2,2,0.5,2,NA,NA,NA,NA,NA,NA,NA,NA,NA,3,4,3,4,3,2,3,3,4,2,3,4,3,4,3,2,2.26991666666667,1.1583,0.309916666666667,FALSE,TRUE,FALSE,TRUE,FALSE,FALSE,TRUE,FALSE,TRUE,TRUE,TRUE,TRUE,FALSE,4,NA,0.833333333333333,3.2729398012858,5.05465153239616
"S300","prolific",2025-08-18 16:56:31,30.4780666666667,"edge-chromium 139.0.0","false","Windows 10",1272,594,"Female",35,"Bachelor",FALSE,"United Kingdom","White",2,4,4,NA,3,3,6,5,2,6,0,3,4,4,4,5,5,6,4,1,5,5,0,4,1,3,0,3,0,0,4,4,4,4,4,5,4,2,1.98908333333333,3,"A few times per month",5,3,6,6,3,2,2,3,3,4,6,2,6,4,3,1.45926666666667,8,0,0.5,0,0.5,NA,NA,NA,NA,NA,NA,NA,NA,NA,4,3,1,2,3,2,2,3,4,2,2,2,3,3,4,2,1.6055,0.581466666666667,0.2184,FALSE,TRUE,TRUE,FALSE,FALSE,FALSE,TRUE,FALSE,TRUE,FALSE,FALSE,FALSE,FALSE,NA,NA,1,29.447691408533,11.781147784716
"S328","prolific",2025-08-27 10:28:51,28.0811,"chrome 139.0.0","false","Windows 10",2560,1305,"Female",45,"Bachelor",FALSE,"United Kingdom","White",0,4,4,NA,4,3,5,6,5,5,5,2,5,5,6,5,6,6,6,6,0,5,5,3,2,4,2,2,0,0,6,6,4,2,4,5,1,1,2.72641666666667,2,"A few times per month",3,4,3,3,4,5,0,4,4,5,3,6,2,4,6,0.922066666666667,9,1,1,0.5,0.5,NA,NA,NA,NA,NA,NA,NA,NA,NA,1,2,1,1,3,4,3,4,2,2,3,3,4,4,2,4,1.08508333333333,0.823816666666667,0.21575,TRUE,FALSE,FALSE,FALSE,FALSE,TRUE,FALSE,FALSE,FALSE,TRUE,FALSE,FALSE,FALSE,NA,NA,0.5,55.5324371712449,26.1348139489577
"S277","prolific",2025-08-18 13:19:59,62.72745,"chrome 139.0.0","false","Windows 10",1280,594,"Male",36,"Bachelor",FALSE,"United Kingdom","White",2,1,3,NA,3,2,2,2,1,2,2,1,2,2,2,3,3,2,2,2,1,3,2,1,1,1,2,1,0,1,2,1,2,1,1,3,1,1,3.89625,2,"A few times per month",3,2,2,4,3,4,4,2,3,3,3,4,6,4,2,1.95093333333333,3,1,1,1,1,NA,NA,NA,NA,NA,NA,NA,NA,NA,2,2,2,2,2,2,2,2,2,2,2,2,2,2,2,2,7.7082,1.96398333333333,1.60486666666667,FALSE,FALSE,FALSE,TRUE,FALSE,FALSE,TRUE,FALSE,FALSE,TRUE,FALSE,FALSE,FALSE,NA,NA,0.666666666666667,12.4338065035739,12.4087947955757
"S295","prolific",2025-08-18 16:41:35,28.47955,"chrome 139.0.0","false","Windows 10",1920,911,"Male",38,"High school",FALSE,"United Kingdom","White",3,3,4,NA,4,4,6,5,2,4,2,4,1,5,6,3,5,4,3,1,1,2,2,3,1,4,2,2,0,6,5,2,6,4,3,5,3,1,1.80103333333333,5,"Once a day",6,6,5,5,5,3,4,3,5,3,5,4,6,5,6,0.851816666666667,7,0,0.5,0,0,NA,NA,NA,NA,NA,NA,NA,NA,NA,3,3,2,2,3,2,3,3,4,3,4,4,2,3,3,2,2.12295,0.801116666666667,0.1631,FALSE,TRUE,FALSE,TRUE,FALSE,FALSE,TRUE,FALSE,TRUE,FALSE,FALSE,FALSE,FALSE,NA,NA,1,18.439180944764,0.545454545454545
"S028","fw",2025-08-13 13:34:24,48.0210666666667,"safari 18.6.0","false","Mac OS",820,1075,"Male",65,"High school",FALSE,"United Kingdom","White",4,3,4,NA,1,3,6,5,4,4,3,5,4,4,6,6,6,3,3,4,0,4,6,3,2,4,3,1,6,4,5,5,6,4,4,6,6,4,3.57755,4,"A few times per day",3,6,5,5,5,2,1,6,5,5,4,6,4,6,6,2.19785,8,0,0.5,0,0.5,1.30878333333333,2,1,4,2,3,2,2,1,1,1,2,2,3,3,3,3,3,2,2,3,3,3,3,4,3.31696666666667,0.9859,1.3364,FALSE,FALSE,FALSE,TRUE,FALSE,FALSE,TRUE,FALSE,TRUE,FALSE,FALSE,TRUE,FALSE,5,NA,NA,1.60714285714286,3.39285714285714
"S082","prolific",2025-08-15 13:03:46,36.6350833333333,"chrome 139.0.0","false","Windows 10",1536,695,"Male",42,"High school",FALSE,"United Kingdom","White",2,4,4,NA,2,3,0,3,4,0,6,4,4,4,1,4,5,4,6,2,4,5,6,2,1,1,3,3,0,0,2,5,2,4,2,1,3,0,2.5549,2,"A few times per week",5,3,4,4,2,5,3,4,4,4,4,2,6,3,6,2.17371666666667,3,0.5,1,1,0.5,NA,NA,NA,NA,NA,NA,NA,NA,NA,3,3,1,3,2,1,2,0,1,1,1,2,2,1,1,2,3.10121666666667,0.99365,0.326783333333333,FALSE,FALSE,TRUE,FALSE,FALSE,FALSE,TRUE,FALSE,TRUE,FALSE,FALSE,FALSE,FALSE,NA,NA,0.833333333333333,6.46924007631812,2.60362444572971
"S299","prolific",2025-08-18 16:54:23,35.5752833333333,"chrome 133.0.0","false","Mac OS",1710,981,"Male",33,"Master",FALSE,"United Kingdom","White",2,4,4,NA,1,0,5,1,4,1,2,0,0,3,5,1,3,1,2,0,0,0,4,2,0,1,2,2,0,1,1,0,4,0,0,3,5,4,2.1154,4,"A few times per week",2,6,4,4,4,5,5,1,4,3,5,6,6,4,5,1.02818333333333,9,0,0,0,0,NA,NA,NA,NA,NA,NA,NA,NA,NA,3,2,1,2,3,2,3,3,4,3,4,4,2,2,2,2,2.29523333333333,1.57856666666667,0.664916666666667,FALSE,TRUE,FALSE,TRUE,FALSE,FALSE,TRUE,FALSE,TRUE,TRUE,FALSE,FALSE,FALSE,NA,NA,1,17.6045197740113,21.3389830508475
"S254","prolific",2025-08-18 10:13:30,28.373,"chrome 139.0.0","false","Windows 10",1280,585,"Female",32,"Doctorate",NA,"United Kingdom","White",3,3,4,NA,4,2,4,3,3,5,2,4,3,3,5,5,6,3,4,5,2,4,2,2,1,2,3,2,0,2,4,5,3,2,2,5,4,2,1.30443333333333,4,"A few times per day",5,4,3,5,5,3,5,4,4,2,4,3,6,1,5,0.883483333333333,7,0.5,0.5,0.5,0,NA,NA,NA,NA,NA,NA,NA,NA,NA,3,2,2,3,2,2,1,2,3,2,3,3,1,1,1,1,1.1267,0.5753,0.139716666666667,FALSE,FALSE,FALSE,FALSE,TRUE,FALSE,TRUE,FALSE,FALSE,FALSE,FALSE,TRUE,FALSE,2,NA,0.833333333333333,42.6479814055562,9.07042925146373
"S199","prolific",2025-08-17 18:14:03,29.9040833333333,"chrome 139.0.0","false","Windows 10",1536,703,"Male",46,"Bachelor",FALSE,"United Kingdom","White",2,2,4,"No",2,4,5,4,4,3,2,0,1,4,6,5,6,4,6,1,0,5,2,2,1,2,5,1,0,4,4,4,5,3,1,6,5,4,1.94408333333333,4,"A few times per week",2,5,5,4,5,3,3,2,2,3,3,4,6,3,5,1.06268333333333,8,0,0,0,0,NA,NA,NA,NA,NA,NA,NA,NA,NA,0,0,0,0,0,0,0,0,0,0,0,0,0,0,0,0,1.76316666666667,0.553666666666667,0.186933333333333,FALSE,FALSE,FALSE,TRUE,FALSE,FALSE,TRUE,FALSE,FALSE,TRUE,FALSE,TRUE,FALSE,3,NA,0.833333333333333,13.4628872004676,2.03389830508475
"S010","fw",2025-07-23 20:32:43,51.95065,"chromium-webview 138.0.7204","true","Android OS",980,1835,"Female",54,"Bachelor",FALSE,"United Kingdom","White",5,3,4,NA,6,5,6,6,0,6,6,3,5,5,6,6,5,6,6,0,6,1,0,3,4,4,6,5,6,0,6,6,6,5,5,5,6,0,3.06378333333333,2,NA,0,3,4,0,5,4,3,0,4,4,6,6,6,6,5,2.1124,7,0.5,0.5,0.5,0.5,0.979633333333333,0,0,0,4,0,2,0,4,4,4,4,4,4,4,4,4,4,4,4,4,4,4,4,4,2.42723333333333,0.779516666666667,0.2938,FALSE,TRUE,TRUE,FALSE,FALSE,FALSE,TRUE,FALSE,TRUE,FALSE,FALSE,FALSE,FALSE,NA,NA,NA,4.74242424242424,0.909090909090909
"S031","prolific",2025-08-14 16:40:19,49.20205,"chrome 139.0.0","false","Windows 10",854,329,"Female",34,"High school",FALSE,"United States","Hispanic/Latino",4,4,4,"My dislike for ai art is not 100% about the aesthetic but rather how the artwork was created and that is by stealing from real human artist. Art to me is about humans their experiences, emotion and imagination. Without those things it isn't art to me. ",2,6,6,3,6,6,4,6,3,5,6,6,6,2,6,0,4,5,0,6,4,4,6,6,0,0,4,4,4,6,6,6,6,6,2.36791666666667,5,"A few times per day",4,3,0,6,0,6,5,0,5,6,0,6,6,6,0,1.14395,1,1,2,3,3,NA,NA,NA,NA,NA,NA,NA,NA,NA,2,2,1,1,2,2,2,2,1,1,2,1,2,2,2,1,2.76818333333333,1.71655,0.601216666666667,FALSE,FALSE,FALSE,FALSE,TRUE,FALSE,TRUE,FALSE,TRUE,TRUE,FALSE,FALSE,FALSE,NA,NA,1,14.0405496688564,15.3986765100532
"S155","prolific",2025-08-15 17:26:07,33.5555666666667,"firefox 141.0.0","false","Windows 10",1920,929,"Female",65,"Bachelor",FALSE,"United Kingdom","White",3,4,4,NA,4,1,5,0,1,4,5,3,0,3,4,4,3,0,1,1,4,1,0,2,1,2,5,4,0,1,2,4,4,1,1,3,2,3,1.7544,2,"Never",1,3,2,5,4,3,4,2,2,5,1,3,6,4,3,1.41536666666667,8,0,0,0,0,NA,NA,NA,NA,NA,NA,NA,NA,NA,1,1,1,2,1,1,1,1,1,0,1,1,2,2,2,2,1.93161666666667,1.17348333333333,0.56425,FALSE,FALSE,FALSE,TRUE,FALSE,FALSE,TRUE,FALSE,FALSE,TRUE,FALSE,FALSE,FALSE,NA,NA,0.666666666666667,20,20
"S321","prolific",2025-08-26 15:41:56,28.99,"chrome 139.0.0","false","Windows 10",1280,551,"Female",25,"Bachelor",FALSE,"United Kingdom","East Asian",3,4,4,"na",3,5,3,4,2,3,4,4,4,5,4,2,3,4,4,3,4,3,5,4,5,4,3,5,4,2,5,2,4,4,4,2,1,4,1.25071666666667,4,"A few times per week",3,4,5,4,4,4,2,4,3,4,4,4,3,4,4,0.633466666666667,5,2,2,2,2,NA,NA,NA,NA,NA,NA,NA,NA,NA,1,1,1,1,1,1,1,1,1,1,1,1,1,1,1,1,2.2049,0.4889,0.16695,FALSE,FALSE,FALSE,FALSE,TRUE,FALSE,TRUE,FALSE,TRUE,FALSE,FALSE,FALSE,FALSE,NA,NA,0.666666666666667,0.169491525423729,5.57909604519774
"S066","prolific",2025-08-15 11:42:20,34.5826833333333,"chrome 138.0.0","false","Windows 10",1280,687,"Male",40,"Bachelor",FALSE,"United States","South Asian",4,4,4,NA,4,4,5,5,3,5,1,3,5,5,5,5,5,4,3,3,1,1,3,5,1,5,3,1,0,1,5,1,4,5,5,6,5,1,2.61506666666667,4,"A few times per week",5,6,5,5,5,3,4,6,5,2,4,3,6,2,6,0.993866666666667,7,2,0.5,1,0.5,NA,NA,NA,NA,NA,NA,NA,NA,NA,3,2,2,2,3,3,3,3,4,3,3,4,4,3,3,3,1.65113333333333,1.57626666666667,0.19265,FALSE,FALSE,FALSE,FALSE,TRUE,FALSE,TRUE,FALSE,TRUE,FALSE,FALSE,TRUE,FALSE,0,NA,1,16.1796536796537,12.2040169133192
"S270","prolific",2025-08-18 13:11:55,36.4603666666667,"chrome 138.0.0","false","Windows 10",1920,919,"Male",43,"High school",FALSE,"United Kingdom","White",3,3,4,NA,3,4,4,5,3,4,2,4,3,4,4,5,5,5,2,3,1,6,4,5,3,5,5,2,0,3,5,1,4,5,5,5,5,1,2.47051666666667,3,"A few times per week",4,3,5,4,5,3,3,3,5,5,5,4,6,3,4,1.25195,2,1,2,2,1,NA,NA,NA,NA,NA,NA,NA,NA,NA,2,2,1,2,3,2,3,3,2,2,3,4,1,2,2,1,2.41686666666667,1.13211666666667,0.451633333333333,FALSE,FALSE,FALSE,FALSE,FALSE,FALSE,TRUE,FALSE,FALSE,TRUE,FALSE,FALSE,FALSE,NA,NA,0.833333333333333,4.57627118644068,18.1556450865981
"S017","fw",2025-07-29 16:59:00,64.72645,"chrome 138.0.0","false","Windows 10",1536,730,"Male",22,"Bachelor",TRUE,"United Kingdom","White",2,2,3,"Difficult to stay focused, lots to think about. Labels should be attached to images instead of flashing before, as they become a blur.",4,5,1,4,4,5,2,5,4,5,5,5,5,5,4,4,4,4,6,4,5,5,5,2,0,4,4,5,2,4,4,6,1,4,4.13116666666667,3,NA,2,3,4,4,5,3,4,0,2,5,2,6,6,6,5,1.97333333333333,3,2,2,3,2,3.547,1,2,3,3,1,4,3,1,3,3,3,3,3,4,3,2,3,2,2,3,3,3,3,3,3.27771666666667,0.551716666666667,0.2028,FALSE,TRUE,FALSE,TRUE,FALSE,TRUE,FALSE,FALSE,TRUE,TRUE,FALSE,FALSE,FALSE,NA,NA,NA,31.337921806269,13.1476719267485
"S049","prolific",2025-08-15 10:13:10,21.5583166666667,"chrome 139.0.0","false","Mac OS",1710,976,"Male",33,"High school",FALSE,"United Kingdom","White",1,4,4,NA,3,3,0,5,4,4,0,2,3,5,2,4,2,3,3,0,0,3,4,3,0,2,0,2,0,0,0,1,0,0,1,6,6,2,1.07321666666667,3,"A few times per day",1,2,5,3,4,0,4,4,3,5,6,5,6,5,5,0.632066666666667,4,1,0.5,0.5,0,NA,NA,NA,NA,NA,NA,NA,NA,NA,2,1,0,1,3,4,4,2,2,3,1,2,1,4,3,2,1.06585,0.216433333333333,0.0979166666666667,TRUE,FALSE,FALSE,TRUE,FALSE,FALSE,TRUE,FALSE,FALSE,TRUE,FALSE,FALSE,TRUE,NA,2,0.333333333333333,17.4463276836158,10.9830508474576
"S055","prolific",2025-08-15 11:07:25,34.4637333333333,"edge-chromium 139.0.0","false","Windows 10",1912,954,"Male",23,"High school",FALSE,"United Kingdom","White",1,4,4,NA,0,5,6,5,5,0,0,4,6,6,6,0,5,1,0,0,0,0,6,5,0,5,6,0,0,0,5,0,5,5,5,4,6,6,1.89871666666667,4,"A few times per day",4,5,5,5,6,3,5,4,5,4,4,5,6,2,6,0.897383333333333,8,0,0,0,0,NA,NA,NA,NA,NA,NA,NA,NA,NA,3,3,1,2,3,3,3,2,3,3,3,3,2,1,2,1,1.08698333333333,0.3811,0.165283333333333,FALSE,TRUE,FALSE,TRUE,FALSE,FALSE,TRUE,FALSE,TRUE,FALSE,FALSE,FALSE,FALSE,NA,NA,1,7.25809708498784,3.71547366370338
"S020","os",2025-08-05 14:49:38,44.9472166666667,"chrome 138.0.0","false","Mac OS",1440,778,"Female",25,"Master",FALSE,"United Kingdom","White",3,2,3,"I love art and make it all the time. I would not buy anything AI generated because I think lack of effort means lack of worth, but I did think the majority of the artworks here were beautiful, I had negative reactions to some of the AI labelled ones because I find it sad, and scary, to think they could be generated. ",4,5,4,5,2,4,4,1,4,3,5,5,4,4,5,4,5,5,3,4,1,5,1,4,6,6,5,4,3,4,4,5,2,6,2.0189,4,"A few times per week",5,4,5,6,6,5,3,0,6,6,5,6,6,6,3,1.1317,6,0.5,1,0.5,2,0.52995,1,2,1,3,1,3,1,4,3,3,2,3,3,2,2,2,2,1,2,2,2,1,2,1,2.30171666666667,0.747066666666667,0.208716666666667,FALSE,FALSE,FALSE,TRUE,FALSE,FALSE,TRUE,FALSE,TRUE,TRUE,TRUE,FALSE,FALSE,NA,NA,NA,9.38418079096045,11.9689265536723
"S246","prolific",2025-08-18 09:34:56,23.25155,"chrome 139.0.0","false","Windows 10",1920,945,"Male",29,"Bachelor",FALSE,"United States","White",4,4,4,"N/A",3,4,5,4,4,4,1,4,4,5,5,4,5,3,1,1,0,1,4,4,1,3,5,1,0,1,4,1,4,4,4,5,5,3,1.58008333333333,4,"Once a day",4,4,4,4,5,2,3,2,4,2,4,5,6,2,5,0.92305,9,0,0.5,0,0,NA,NA,NA,NA,NA,NA,NA,NA,NA,2,2,2,2,2,2,2,2,2,2,2,2,2,2,3,2,1.1787,0.1662,0.14115,FALSE,TRUE,TRUE,FALSE,FALSE,FALSE,TRUE,FALSE,TRUE,FALSE,FALSE,FALSE,FALSE,NA,NA,0.833333333333333,4.40395480225989,11.359879328336
"S005","fw",2025-07-23 07:05:39,54.8008333333333,"chromium-webview 138.0.7204","true","Android OS",980,1810,"Male",56,"High school",NA,"United Kingdom","White",4,3,2,"Some of the questions were odd and didn't have a real answer 
",2,4,4,2,2,4,4,4,2,5,6,6,6,2,4,1,0,4,4,4,1,4,4,2,6,2,1,2,4,4,3,5,4,3,4.81531666666667,4,NA,4,5,4,4,6,0,4,4,4,6,4,4,6,5,6,2.2395,8,0.5,1,0.5,0.5,1.2649,1,3,1,3,2,1,2,3,2,2,1,1,1,1,3,0,1,0,3,3,2,2,1,3,3.2462,0.781933333333333,0.36735,FALSE,FALSE,FALSE,FALSE,TRUE,FALSE,TRUE,TRUE,FALSE,FALSE,FALSE,FALSE,TRUE,NA,3,NA,3.28282828282828,18.4053440770584
"S036","prolific",2025-08-15 08:05:52,44.1291666666667,"chrome 139.0.0","false","Windows 10",1536,864,"Female",48,"High school",NA,"United States","White",5,3,4,"It is always hard for me to tell between real and fake art, but I enjoyed looking at all of them",6,6,2,6,0,6,5,5,2,4,4,6,6,5,4,4,5,5,6,6,6,6,3,6,0,0,5,3,4,6,6,5,5,0,2.24813333333333,5,"A few times per day",5,4,6,5,5,4,2,1,5,0,4,4,6,0,5,1.136,4,1,2,0.5,1,NA,NA,NA,NA,NA,NA,NA,NA,NA,2,2,2,3,3,4,2,4,2,1,3,3,2,3,3,2,2.31811666666667,0.675383333333333,6.83438333333333,FALSE,FALSE,FALSE,TRUE,TRUE,TRUE,FALSE,FALSE,TRUE,FALSE,FALSE,FALSE,TRUE,NA,3,0.833333333333333,23.2429378531073,17.322211150607
"S189","prolific",2025-08-17 17:36:17,34.3254166666667,"ios 18.6.0","true","iOS",980,1630,"Male",22,"High school",FALSE,"United Kingdom","White",3,2,4,NA,4,4,4,4,4,4,4,4,4,4,4,4,4,4,4,4,4,4,4,4,4,4,3,4,0,4,4,4,4,4,4,4,3,4,2.97798333333333,3,"A few times per month",4,4,3,4,4,4,4,4,4,4,4,4,6,4,4,1.89176666666667,2,3,3,3,3,NA,NA,NA,NA,NA,NA,NA,NA,NA,2,2,2,2,3,2,3,3,3,2,2,2,3,3,3,2,4.03985,0.228216666666667,0.0446333333333333,FALSE,FALSE,FALSE,TRUE,TRUE,FALSE,TRUE,FALSE,TRUE,TRUE,FALSE,FALSE,FALSE,NA,NA,0.833333333333333,NA,NA
"S216","prolific",2025-08-17 21:50:16,22.9968166666667,"chrome 139.0.0","false","Windows 10",1280,585,"Male",25,"Bachelor",FALSE,"United Kingdom","Mixed",4,4,4,"N/A",2,4,2,5,3,2,2,5,4,4,5,4,4,5,2,1,3,4,3,5,3,4,3,4,0,2,4,2,4,5,4,5,3,3,1.30985,5,"A few times per day",4,3,4,3,3,4,4,3,3,3,3,6,6,4,4,1.03096666666667,7,0.5,0.5,0,0.5,NA,NA,NA,NA,NA,NA,NA,NA,NA,3,3,3,2,2,2,2,3,3,2,2,2,1,1,3,2,1.00421666666667,0.2889,0.09445,FALSE,TRUE,FALSE,FALSE,TRUE,TRUE,FALSE,FALSE,TRUE,FALSE,FALSE,FALSE,FALSE,NA,NA,1,26.0338983050847,18.0480225988701
"S151","prolific",2025-08-15 17:12:09,29.0544666666667,"chrome 139.0.0","false","Windows 10",1266,578,"Female",45,"High school",FALSE,"United Kingdom","White",3,4,4,"found this interesting but very hard to determine between AI and real art ",3,4,1,4,4,4,3,4,4,5,6,6,6,3,6,1,1,4,6,2,3,4,2,5,0,3,4,2,6,4,2,5,5,3,1.96933333333333,3,"A few times per week",4,1,5,4,6,2,2,2,5,5,3,5,6,6,3,0.982083333333333,6,0.5,0.5,0.5,0.5,NA,NA,NA,NA,NA,NA,NA,NA,NA,4,4,4,4,3,3,3,3,4,4,4,4,3,3,3,3,1.67378333333333,0.756766666666667,0.262283333333333,FALSE,FALSE,FALSE,FALSE,TRUE,FALSE,TRUE,FALSE,TRUE,FALSE,FALSE,FALSE,FALSE,NA,NA,0.833333333333333,1.86440677966102,11.5299096660412
"S351","prolific",2025-08-28 15:10:18,35.825,"chrome 139.0.0","false","Windows 10",1536,960,"Female",46,"High school",FALSE,"United States","White",1,1,3,NA,4,4,6,3,1,5,2,4,3,6,6,6,5,3,1,0,3,1,4,4,3,4,5,4,0,0,3,0,5,4,3,6,6,0,2.73913333333333,2,"A few times per month",4,3,4,4,4,4,4,4,3,5,5,6,6,5,1,1.73171666666667,3,0.5,2,0.5,1,NA,NA,NA,NA,NA,NA,NA,NA,NA,2,2,1,1,2,2,2,2,2,2,2,2,2,2,2,2,2.44205,1.11573333333333,0.4124,FALSE,FALSE,FALSE,FALSE,TRUE,FALSE,TRUE,FALSE,TRUE,TRUE,FALSE,FALSE,FALSE,NA,NA,0.833333333333333,13.0722073174903,5.23420479302832
"S071","prolific",2025-08-15 12:14:08,27.11735,"chrome 138.0.0","false","Windows 10",2048,1146,"Male",36,"Bachelor",FALSE,"United Kingdom","White",4,4,4,NA,4,3,4,2,1,6,4,3,2,1,3,6,5,4,4,3,2,5,4,4,4,2,2,5,0,3,4,3,4,5,3,5,4,1,1.65328333333333,4,"A few times per day",0,5,4,5,5,3,4,3,4,1,4,6,6,5,5,0.69765,2,2,2,3,2,NA,NA,NA,NA,NA,NA,NA,NA,NA,3,2,2,1,3,3,3,3,2,2,3,3,3,3,2,2,0.7217,0.346633333333333,0.18225,TRUE,FALSE,FALSE,FALSE,FALSE,FALSE,TRUE,TRUE,FALSE,FALSE,FALSE,TRUE,FALSE,3,NA,1,10.319209039548,23.3238846678356
"S208","prolific",2025-08-17 19:00:08,58.61205,"chrome 139.0.0","false","Windows 10",1280,593,"Female",34,"Bachelor",FALSE,"United Kingdom","White",6,4,4,"More challenging than you'd expect.",4,4,5,5,0,4,6,5,2,1,5,5,4,5,4,0,4,5,4,5,5,5,0,6,0,0,4,4,0,6,6,6,4,6,1.89053333333333,5,"A few times per day",5,5,5,5,6,2,4,5,6,4,1,0,6,5,6,0.961683333333333,8,0,2,0.5,2,NA,NA,NA,NA,NA,NA,NA,NA,NA,4,4,4,4,4,4,4,4,3,3,4,3,4,4,3,4,1.49531666666667,0.29775,0.39775,FALSE,FALSE,FALSE,TRUE,FALSE,FALSE,TRUE,FALSE,FALSE,TRUE,TRUE,FALSE,FALSE,NA,NA,1,10,13.3333333333333
"S118","prolific",2025-08-15 15:43:15,37.973,"firefox 141.0.0","false","Windows 10",832,453,"Male",33,"Bachelor",FALSE,"United Kingdom","White",5,2,4,NA,5,5,5,6,2,6,2,5,6,6,6,6,6,5,4,1,0,1,1,5,0,3,1,3,0,3,5,4,6,5,5,6,5,3,2.03238333333333,4,"A few times per day",6,4,5,1,6,0,1,5,5,4,6,2,6,5,5,1.191,5,0,1,1,1,NA,NA,NA,NA,NA,NA,NA,NA,NA,4,4,4,4,4,3,4,2,4,3,3,4,4,4,4,4,1.60066666666667,1.0649,0.26795,FALSE,FALSE,FALSE,TRUE,FALSE,FALSE,TRUE,FALSE,TRUE,TRUE,FALSE,FALSE,FALSE,NA,NA,0.833333333333333,20,0
"S292","prolific",2025-08-18 16:36:39,28.1549166666667,"chrome 137.0.0","false","Chrome OS",1536,695,"Female",58,"Bachelor",FALSE,"United Kingdom","White",0,0,4,"no",2,1,6,1,0,1,0,1,5,1,6,6,6,0,0,0,0,0,0,1,1,1,0,1,0,0,1,0,5,0,1,6,6,0,1.73336666666667,3,"A few times per week",3,5,5,3,5,3,3,6,3,4,3,4,6,3,5,0.990983333333333,7,0,0,0,0,NA,NA,NA,NA,NA,NA,NA,NA,NA,2,2,2,2,3,2,3,2,2,2,2,2,2,2,2,2,0.9734,0.999733333333333,0.22845,TRUE,FALSE,FALSE,FALSE,FALSE,FALSE,TRUE,FALSE,FALSE,TRUE,FALSE,FALSE,FALSE,NA,NA,0.666666666666667,19.3605124472074,5.93434343434344
"S212","prolific",2025-08-17 20:47:58,40.541,"chrome 139.0.0","false","Windows 10",1280,585,"Female",50,"Bachelor",FALSE,"United Kingdom","Black",4,3,4,"Some of the arts were quite interesting, while some were outright gory!",2,5,5,5,5,5,3,5,4,3,5,5,5,5,3,3,2,1,4,5,1,5,3,3,0,5,5,1,5,5,5,5,4,5,2.51226666666667,4,"A few times per day",4,4,3,5,4,5,5,4,5,3,2,3,6,4,5,1.8315,9,0,0.5,0,0.5,NA,NA,NA,NA,NA,NA,NA,NA,NA,2,2,3,3,1,1,1,1,3,3,3,3,2,3,3,3,2.80545,1.02411666666667,0.431983333333333,TRUE,FALSE,TRUE,FALSE,FALSE,FALSE,TRUE,FALSE,TRUE,TRUE,FALSE,FALSE,FALSE,NA,NA,0.833333333333333,34.3649264339913,17.6061757256965
"S141","prolific",2025-08-15 16:37:17,31.07915,"chrome 138.0.0","false","Windows 10",2590,1606,"Male",45,"Master",FALSE,"United Kingdom","Southeast Asian",5,4,4,NA,1,1,6,1,5,1,0,0,3,4,6,6,6,3,0,0,0,0,0,0,0,3,5,0,0,0,2,0,4,0,1,3,4,1,1.50341666666667,5,"A few times per day",6,6,5,5,6,1,1,6,6,0,5,1,5,6,6,0.83545,6,0.5,0.5,0.5,1,NA,NA,NA,NA,NA,NA,NA,NA,NA,4,3,2,2,4,4,4,3,3,3,2,2,4,3,3,2,0.8355,0.32895,0.1948,FALSE,FALSE,FALSE,FALSE,TRUE,FALSE,TRUE,TRUE,TRUE,FALSE,FALSE,FALSE,FALSE,NA,NA,1,7.20007566085024,3.63933236574746
"S305","prolific",2025-08-18 21:22:20,36.6621166666667,"chrome 139.0.0","false","Windows 10",1920,911,"Male",50,"Bachelor",FALSE,"United Kingdom","White",3,4,4,NA,3,3,6,2,3,3,2,0,2,3,5,4,6,1,2,0,0,1,5,3,0,3,4,1,0,4,3,4,3,2,1,5,5,1,3.11741666666667,4,"Once a day",4,5,5,5,5,4,3,5,3,3,4,3,6,4,6,1.7249,6,0.5,1,0,0.5,NA,NA,NA,NA,NA,NA,NA,NA,NA,2,3,2,2,1,1,3,1,1,1,1,2,2,1,1,0,2.72931666666667,0.95635,0.355933333333333,FALSE,TRUE,FALSE,FALSE,FALSE,FALSE,TRUE,FALSE,TRUE,TRUE,FALSE,FALSE,FALSE,NA,NA,1,44.4271016299116,35.5484289543254
"S022","os",2025-08-06 19:55:28,49.2200166666667,"chrome 138.0.0","false","Mac OS",1411,704,"Female",39,"Master",FALSE,"United Kingdom","White",5,4,3,NA,3,0,0,0,0,0,4,3,3,6,6,3,3,6,6,0,0,6,3,6,0,0,0,0,0,0,3,6,6,6,3,3,6,3,4.1642,6,"A few times per month",6,0,6,6,6,0,0,0,0,6,0,6,6,6,0,0.952466666666667,6,0.5,2,1,2,0.982516666666667,2,1,1,3,0,1,0,3,3,3,3,3,3,2,3,3,1,2,1,1,3,2,3,3,3.98155,0.4592,0.64045,FALSE,TRUE,FALSE,TRUE,FALSE,FALSE,TRUE,FALSE,TRUE,TRUE,FALSE,TRUE,FALSE,4,NA,NA,12.1214689265537,14.7457627118644
"S267","prolific",2025-08-18 12:20:14,87.5747333333333,"chrome 139.0.0","false","Windows 10",1278,587,"Male",28,"Bachelor",FALSE,"United Kingdom","Black",6,4,4,"no",4,3,5,6,4,6,1,4,4,4,2,6,6,6,5,6,1,5,5,6,6,6,6,4,5,6,6,2,6,6,6,6,6,6,12.0968833333333,6,"A few times per day",6,5,4,6,5,5,6,4,4,1,5,5,6,6,6,1.50331666666667,10,0,0,0,0,NA,NA,NA,NA,NA,NA,NA,NA,NA,4,4,4,4,4,4,4,4,4,4,4,4,4,4,4,4,1.80768333333333,0.688633333333333,0.321433333333333,TRUE,TRUE,FALSE,FALSE,FALSE,FALSE,TRUE,FALSE,FALSE,FALSE,FALSE,FALSE,TRUE,NA,5,0,5.25496031746032,4.31419457735247
"S104","prolific",2025-08-15 14:16:52,27.4868666666667,"edge-chromium 139.0.0","false","Mac OS",1672,820,"Male",35,"Master",FALSE,"United Kingdom","White",2,4,4,NA,5,2,5,5,5,4,1,2,4,4,3,5,4,5,5,1,1,5,2,1,3,2,2,2,0,2,5,4,5,1,2,4,4,5,1.7761,5,"Once a day",0,3,2,6,4,4,6,3,3,5,1,4,6,6,3,0.89505,5,1,1,2,0.5,NA,NA,NA,NA,NA,NA,NA,NA,NA,3,2,3,2,2,1,2,2,3,3,3,3,2,1,1,1,2.557,0.365566666666667,0.280383333333333,FALSE,TRUE,TRUE,FALSE,FALSE,TRUE,FALSE,FALSE,TRUE,TRUE,TRUE,FALSE,FALSE,NA,NA,1,6,6
"S108","prolific",2025-08-15 15:28:35,29.7944333333333,"chrome 138.0.0","false","Windows 10",1536,695,"Male",39,"Bachelor",FALSE,"United Kingdom","White",2,4,4,"Great experiment. I felt the labelling was incorrect, but I still answered my honest opinion based on the label given. AI i would pay a maximum of $10 ever. Fakes id never pay for (if i knew) and true original art could be priceless. Very interesting study well done!",6,0,6,0,0,3,4,0,3,5,6,5,5,3,6,0,0,0,4,2,0,5,3,0,0,5,2,0,5,0,0,6,6,6,1.85423333333333,2,"A few times per week",4,4,6,4,5,4,4,0,6,6,5,6,6,4,6,0.945633333333333,8,0,0.5,0.5,0,NA,NA,NA,NA,NA,NA,NA,NA,NA,2,2,1,1,3,2,3,2,4,2,3,4,2,3,3,2,1.58801666666667,0.9993,0.296033333333333,FALSE,TRUE,FALSE,TRUE,FALSE,FALSE,TRUE,FALSE,TRUE,FALSE,FALSE,FALSE,FALSE,NA,NA,1,12.2002569984283,4.92224475997295
"S308","prolific",2025-08-18 21:22:48,35.0876,"chrome 139.0.0","false","Windows 10",1440,791,"Female",50,"High school",FALSE,"United Kingdom","White",1,4,4,NA,0,2,4,0,0,2,0,0,2,0,3,5,5,1,0,0,0,2,0,2,0,0,0,0,0,0,1,0,1,0,0,4,3,1,2.25336666666667,3,"Once a day",4,4,4,3,4,4,4,5,6,1,3,1,6,1,5,1.41948333333333,9,0,0,0,0,NA,NA,NA,NA,NA,NA,NA,NA,NA,3,2,2,4,3,3,3,4,4,4,4,4,4,4,4,3,2.23453333333333,0.6387,0.361816666666667,FALSE,FALSE,FALSE,FALSE,TRUE,FALSE,TRUE,FALSE,TRUE,TRUE,FALSE,FALSE,FALSE,NA,NA,1,8.59985439929455,11.0382179879857
"S320","prolific",2025-08-26 15:41:21,31.1574666666667,"safari 18.5.0","false","Mac OS",1424,724,"Female",56,"High school",FALSE,"United Kingdom","White",2,4,4,NA,4,5,1,5,4,4,5,5,4,4,4,6,4,5,5,1,3,2,6,5,2,4,5,5,0,0,5,1,4,5,5,4,4,4,1.95551666666667,2,"A few times per month",3,2,4,4,5,5,5,2,3,4,5,5,6,5,3,1.26956666666667,8,0,0.5,0,0,NA,NA,NA,NA,NA,NA,NA,NA,NA,4,3,3,3,3,2,3,3,2,2,3,1,2,3,3,3,1.6231,0.480116666666667,0.1661,FALSE,TRUE,FALSE,TRUE,FALSE,FALSE,TRUE,FALSE,FALSE,TRUE,FALSE,FALSE,FALSE,NA,NA,0.333333333333333,4.18935269207501,3.96551724137931
"S206","prolific",2025-08-17 18:38:06,26.0374833333333,"chrome 139.0.0","false","Windows 10",1536,730,"Male",40,"Bachelor",FALSE,"United Kingdom","White",4,3,4,NA,2,4,4,4,2,4,3,4,3,4,1,5,5,4,4,2,0,0,2,3,2,2,3,2,0,0,3,0,4,4,3,4,2,4,1.83041666666667,4,"A few times per month",4,4,5,5,5,2,3,6,4,5,2,4,4,4,6,0.826216666666667,7,0.5,1,0.5,0.5,NA,NA,NA,NA,NA,NA,NA,NA,NA,2,2,2,3,2,3,3,4,2,3,2,3,3,2,3,2,1.43571666666667,0.446783333333333,0.194683333333333,FALSE,FALSE,FALSE,FALSE,TRUE,FALSE,TRUE,FALSE,FALSE,TRUE,FALSE,FALSE,FALSE,NA,NA,0.833333333333333,17.3926553672316,17.9124293785311
"S337","prolific",2025-08-27 11:06:34,44.3650166666667,"chrome 139.0.0","false","Windows 10",639,593,"Male",35,"Master",FALSE,"United Kingdom","Black",4,4,4,"n/a",1,2,4,5,1,4,1,2,4,5,4,4,4,4,0,0,0,0,0,1,0,2,1,0,0,1,5,0,5,4,3,4,2,1,2.1438,5,"Once a day",5,6,5,5,5,5,4,5,5,3,5,4,6,5,5,1.90733333333333,8,0,0,0,0,NA,NA,NA,NA,NA,NA,NA,NA,NA,3,3,3,2,3,2,3,2,4,3,2,3,1,1,1,1,3.19658333333333,1.98648333333333,1.03031666666667,FALSE,TRUE,TRUE,FALSE,FALSE,FALSE,TRUE,FALSE,TRUE,FALSE,FALSE,FALSE,TRUE,NA,4,1,5.78489326765189,0.826254826254826
"S218","prolific",2025-08-17 21:50:32,36.1676666666667,"safari 17.4.1","false","Mac OS",1280,720,"Female",28,"High school",FALSE,"United Kingdom","White",3,3,4,NA,2,3,0,6,0,2,6,1,0,1,4,3,4,6,1,0,2,1,3,1,0,1,5,2,0,0,6,4,1,1,2,5,3,0,1.5652,1,"Never",4,0,6,3,6,2,0,0,6,5,5,6,6,6,2,1.03833333333333,5,0.5,1,0.5,3,NA,NA,NA,NA,NA,NA,NA,NA,NA,4,3,2,4,3,3,2,1,4,1,3,4,4,4,2,1,1.964,0.428116666666667,0.17845,FALSE,TRUE,FALSE,FALSE,TRUE,FALSE,TRUE,FALSE,FALSE,TRUE,FALSE,FALSE,FALSE,NA,NA,0.666666666666667,3.66414822075199,5.14926184926185
"S107","prolific",2025-08-15 15:03:22,27.6716166666667,"chrome 139.0.0","false","Windows 10",1440,731,"Male",43,"High school",FALSE,"United Kingdom","White",3,4,4,"really interesting!",1,4,4,4,4,2,2,4,3,4,4,4,4,4,0,2,2,3,3,2,2,3,2,2,0,5,4,3,5,2,3,5,5,4,2.86648333333333,3,"A few times per month",4,5,4,5,4,3,5,4,4,4,4,3,6,4,5,0.8338,7,0.5,0,0.5,0,NA,NA,NA,NA,NA,NA,NA,NA,NA,1,1,0,2,3,4,3,3,2,2,2,2,3,3,3,3,1.09021666666667,0.405566666666667,0.24675,TRUE,FALSE,FALSE,TRUE,FALSE,FALSE,TRUE,FALSE,TRUE,FALSE,FALSE,FALSE,FALSE,NA,NA,0.833333333333333,3.22618351841029,8.35476329631794
"S162","prolific",2025-08-17 09:56:03,42.67285,"safari 18.6.0","false","Mac OS",1339,729,"Female",69,"Bachelor",FALSE,"United States","White",1,3,4,NA,4,6,6,3,0,6,6,6,3,6,6,5,6,6,5,0,0,0,4,5,1,2,6,0,0,0,6,0,5,5,5,6,5,0,2.39043333333333,2,"A few times per month",5,5,6,3,6,0,1,5,6,3,5,0,6,4,6,1.29168333333333,9,0,0,0,0,NA,NA,NA,NA,NA,NA,NA,NA,NA,3,3,4,3,2,1,4,2,4,4,4,4,2,2,2,2,1.80403333333333,1.27271666666667,0.373016666666667,FALSE,FALSE,FALSE,FALSE,TRUE,TRUE,FALSE,FALSE,TRUE,TRUE,FALSE,TRUE,FALSE,2,NA,0.833333333333333,17.4137931034483,12.0689655172414
"S255","prolific",2025-08-18 10:13:37,42.9216,"chrome 139.0.0","false","Windows 10",1280,593,"Male",31,"Bachelor",FALSE,"United Kingdom","South Asian",4,4,4,"Loved doing this - just shows how good AI is getting with art work! ",4,4,5,5,4,3,1,4,5,6,6,5,5,3,0,0,0,0,5,4,1,5,4,1,0,2,4,0,5,3,4,5,5,1,2.42421666666667,5,"A few times per day",4,6,4,3,6,3,5,5,6,1,4,4,6,1,6,1.52401666666667,7,0,0,0,0,NA,NA,NA,NA,NA,NA,NA,NA,NA,4,3,3,2,4,3,4,3,3,2,3,1,3,3,2,1,1.51021666666667,1.51861666666667,0.588066666666667,TRUE,FALSE,FALSE,TRUE,FALSE,FALSE,TRUE,FALSE,TRUE,TRUE,FALSE,FALSE,FALSE,NA,NA,1,3.77024966647608,5.11004401760704
"S160","prolific",2025-08-15 17:47:20,46.5149,"chrome 139.0.0","false","Mac OS",1943,1572,"Male",70,"Bachelor",FALSE,"United Kingdom","White",0,2,4,"I have zero in the way of visual imagination. So I answered accordingly.",6,3,6,3,0,6,6,4,3,6,6,6,6,4,3,4,0,6,0,0,0,4,3,0,0,0,3,3,6,3,0,6,4,0,4.0898,3,"A few times per week",6,6,6,3,6,0,3,0,6,6,5,3,6,6,6,1.7075,8,1,1,1,1,NA,NA,NA,NA,NA,NA,NA,NA,NA,0,0,0,0,0,0,0,0,0,0,0,0,0,0,0,0,2.36735,1.65861666666667,0.622416666666667,FALSE,FALSE,FALSE,FALSE,TRUE,FALSE,TRUE,TRUE,FALSE,TRUE,TRUE,TRUE,FALSE,0,NA,0.833333333333333,31.8672316384181,2.54237288135593
"S003","fw",2025-07-22 20:40:46,72.1014166666667,"ios 18.5.0","true","iOS",980,1666,"Female",23,"High school",TRUE,"United Kingdom","White",4,2,4,NA,3,3,5,4,4,4,1,5,1,3,5,5,5,3,6,5,4,2,4,4,3,1,1,2,6,4,3,4,4,3,4,2,3,5,5.65408333333333,1,NA,0,3,4,4,5,3,3,0,0,5,2,4,6,5,5,2.61501666666667,7,0.5,1,0.5,0.5,1.33196666666667,0,1,0,4,0,1,1,2,3,3,2,4,2,2,1,2,2,2,2,3,1,2,1,2,7.45188333333333,1.6285,1.2003,FALSE,TRUE,FALSE,TRUE,FALSE,FALSE,TRUE,FALSE,FALSE,TRUE,FALSE,FALSE,FALSE,NA,NA,NA,0.367003367003367,0.588679245283019
"S121","prolific",2025-08-15 15:51:57,37.6336666666667,"chrome 137.0.0","false","Windows 10",1366,607,"Female",30,"High school",FALSE,"United Kingdom","White",2,3,3,NA,4,0,4,0,0,3,1,0,4,1,4,4,4,1,4,0,0,4,5,0,0,1,0,0,0,1,3,0,2,0,0,4,4,0,2.16725,3,"A few times per week",3,0,2,3,2,4,3,0,3,2,4,5,6,4,1,1.28258333333333,2,1,2,1,2,NA,NA,NA,NA,NA,NA,NA,NA,NA,1,0,0,1,0,0,0,0,2,1,2,1,0,0,0,0,4.14346666666667,0.854216666666667,0.5569,FALSE,FALSE,FALSE,FALSE,TRUE,FALSE,TRUE,FALSE,TRUE,FALSE,FALSE,TRUE,FALSE,3,NA,1,14.2647058823529,8
"S109","prolific",2025-08-15 15:30:43,30.8626166666667,"chrome 139.0.0","false","Windows 10",1536,695,"Female",42,"Bachelor",FALSE,"United Kingdom","White",3,4,4,NA,4,6,6,6,4,5,0,6,4,5,4,5,5,6,4,0,5,2,1,6,4,5,0,6,0,2,5,5,5,5,5,5,5,1,1.68373333333333,4,"A few times per week",4,4,5,6,5,5,5,2,5,5,6,4,6,5,4,1.15378333333333,7,0.5,0.5,0.5,0.5,NA,NA,NA,NA,NA,NA,NA,NA,NA,4,4,3,3,3,3,2,4,3,1,2,3,3,3,3,4,1.71921666666667,0.501283333333333,0.211966666666667,FALSE,TRUE,FALSE,TRUE,FALSE,FALSE,TRUE,FALSE,TRUE,TRUE,FALSE,FALSE,FALSE,NA,NA,1,19.3672316384181,19.6092364165821
"S311","prolific",2025-08-26 07:41:32,35.5999166666667,"firefox 142.0.0","false","Windows 10",1600,758,"Male",35,"High school",FALSE,"United States","Mixed",4,2,4,NA,4,0,0,2,4,4,1,0,0,4,5,0,0,2,6,0,4,4,4,0,2,0,1,0,0,0,0,0,2,0,0,0,0,0,1.92151666666667,3,"Once a day",4,4,5,5,6,0,3,5,1,0,2,2,6,0,4,1.26561666666667,0,2,2,2,0.5,NA,NA,NA,NA,NA,NA,NA,NA,NA,3,3,3,3,3,2,2,3,4,4,3,2,3,3,3,3,2.03065,0.632833333333333,0.192666666666667,FALSE,TRUE,FALSE,TRUE,FALSE,TRUE,FALSE,FALSE,TRUE,TRUE,FALSE,FALSE,TRUE,NA,1,1,14.8837209302326,20
"S310","prolific",2025-08-18 21:27:04,33.5869,"chrome 139.0.0","false","Windows 10",1566,911,"Male",57,"Master",FALSE,"United Kingdom","White",4,1,4,"because this took so long to complete I feel ill",5,6,4,5,0,6,6,5,6,0,4,6,6,5,6,3,4,6,6,6,5,6,6,6,0,0,3,4,6,6,4,6,3,0,2.0343,5,"A few times per day",4,6,4,1,4,4,6,4,4,1,4,3,6,0,6,1.19706666666667,0,0.5,2,2,2,NA,NA,NA,NA,NA,NA,NA,NA,NA,4,4,4,3,4,4,4,4,4,4,3,4,4,4,4,4,1.69415,0.636683333333333,0.22575,FALSE,FALSE,TRUE,FALSE,FALSE,TRUE,FALSE,FALSE,TRUE,TRUE,TRUE,FALSE,FALSE,NA,NA,0.833333333333333,0,5
"S128","prolific",2025-08-15 16:11:44,33.3343833333333,"firefox 141.0.0","false","Windows 10",1536,731,"Male",28,"High school",FALSE,"United Kingdom","White",2,3,4,NA,4,3,4,3,1,4,1,3,4,4,4,4,6,3,5,3,1,5,1,3,4,3,2,4,0,2,4,5,4,5,5,4,5,1,1.99948333333333,2,"A few times per month",3,2,4,6,5,2,2,3,3,5,2,6,6,5,3,1.09773333333333,3,1,2,2,1,NA,NA,NA,NA,NA,NA,NA,NA,NA,3,2,1,2,3,3,3,2,2,1,1,2,3,3,2,1,1.90876666666667,0.906516666666667,0.20835,TRUE,FALSE,FALSE,TRUE,FALSE,TRUE,FALSE,FALSE,FALSE,TRUE,FALSE,FALSE,FALSE,NA,NA,1,20,20
"S139","prolific",2025-08-15 16:36:21,31.8154666666667,"edge-chromium 139.0.0","false","Windows 10",1528,708,"Female",51,"Master",FALSE,"United Kingdom","White",1,3,3,NA,1,2,1,4,2,1,3,1,1,3,4,6,6,4,1,2,2,4,4,1,1,1,2,1,0,4,4,4,1,1,1,5,5,1,1.86576666666667,0,"Never",4,1,5,5,5,2,3,1,5,5,1,4,6,5,1,1.11135,8,0.5,0.5,0,0.5,NA,NA,NA,NA,NA,NA,NA,NA,NA,2,3,2,3,3,3,3,2,3,1,1,3,2,1,1,1,2.33348333333333,0.895716666666667,0.452433333333333,FALSE,FALSE,FALSE,FALSE,TRUE,FALSE,TRUE,FALSE,FALSE,TRUE,FALSE,FALSE,FALSE,NA,NA,1,10.4801722047053,3.64473684210526
"S086","prolific",2025-08-15 13:09:30,45.68525,"chrome 138.0.0","false","Chrome OS",1200,581,"Male",53,"High school",FALSE,"United Kingdom","White",3,3,4,"Very interesting",1,4,1,4,5,5,4,4,2,4,3,4,5,5,1,1,3,1,5,4,5,4,4,5,0,4,5,1,4,5,4,5,3,1,2.29535,3,"Once a day",5,5,5,3,5,1,1,3,5,3,4,3,6,3,5,2.02663333333333,5,1,0.5,0.5,0.5,NA,NA,NA,NA,NA,NA,NA,NA,NA,2,3,2,3,2,1,2,1,2,2,1,2,2,1,2,1,5.14108333333333,2.44225,1.09281666666667,FALSE,FALSE,FALSE,FALSE,TRUE,FALSE,TRUE,FALSE,TRUE,FALSE,FALSE,FALSE,FALSE,NA,NA,1,2.28354978354978,3.58304297328688
"S077","prolific",2025-08-15 12:33:08,41.4536,"chrome 139.0.0","false","Linux",1507,2692,"Female",35,"High school",FALSE,"United Kingdom","White",3,3,4,NA,2,3,5,5,2,4,5,3,5,6,6,5,6,4,4,1,0,4,4,5,1,4,3,2,0,1,5,3,6,5,4,5,5,5,2.05053333333333,4,"Once a day",4,4,5,5,5,3,2,5,4,1,5,3,6,2,5,1.39576666666667,3,3,3,3,3,NA,NA,NA,NA,NA,NA,NA,NA,NA,3,1,1,1,1,2,3,2,3,1,2,1,1,2,2,1,1.47213333333333,2.03438333333333,0.401616666666667,FALSE,FALSE,FALSE,FALSE,TRUE,TRUE,FALSE,FALSE,FALSE,TRUE,TRUE,FALSE,FALSE,NA,NA,0.833333333333333,4.17929536679537,3.5383064516129
"S304","prolific",2025-08-18 21:22:16,39.63925,"chrome 138.0.0","false","Windows 10",1280,665,"Female",27,"Bachelor",FALSE,"United Kingdom","White",2,3,3,NA,4,2,4,3,3,3,5,3,3,4,4,4,4,3,3,4,2,4,3,3,2,4,5,3,0,4,3,3,4,3,3,3,4,4,4.7732,4,"A few times per week",4,3,5,3,5,2,4,4,3,3,4,4,6,3,4,2.20455,5,1,2,2,2,NA,NA,NA,NA,NA,NA,NA,NA,NA,3,3,3,2,2,2,2,3,4,2,2,3,2,2,2,2,4.3914,2.39758333333333,0.210416666666667,FALSE,FALSE,FALSE,TRUE,FALSE,FALSE,TRUE,FALSE,TRUE,FALSE,FALSE,FALSE,FALSE,NA,NA,1,11.0564971751412,10.7514124293785
"S159","prolific",2025-08-15 17:37:25,33.74605,"chrome 138.0.0","false","Windows 10",1366,633,"Female",41,"Bachelor",FALSE,"United Kingdom","Southeast Asian",1,0,3,"payment too low and survey tooo long ",4,2,2,2,4,5,3,3,3,3,5,5,3,3,5,1,1,5,5,5,3,5,2,4,0,4,2,0,3,4,3,5,5,4,2.39151666666667,0,"Never",3,3,5,3,5,3,1,1,5,3,3,5,2,5,4,1.17936666666667,5,0.5,2,1,2,NA,NA,NA,NA,NA,NA,NA,NA,NA,4,3,2,2,2,3,3,3,1,1,1,2,3,3,3,3,1.766,0.60045,0.212416666666667,FALSE,FALSE,FALSE,FALSE,TRUE,FALSE,TRUE,FALSE,TRUE,TRUE,FALSE,FALSE,FALSE,NA,NA,0.833333333333333,6.74783637047788,5.02987012987013
"S205","prolific",2025-08-17 18:31:06,35.5277,"chrome 139.0.0","false","Windows 10",1280,551,"Male",77,"Doctorate",NA,"Ireland","White",4,3,4,NA,1,0,0,5,1,2,2,2,1,5,5,5,6,4,0,4,0,4,5,2,0,1,2,2,0,0,4,6,5,2,4,6,2,1,1.80388333333333,2,"A few times per week",4,4,5,1,5,1,1,4,1,4,6,1,6,4,4,1.02128333333333,4,0.5,1,0,1,NA,NA,NA,NA,NA,NA,NA,NA,NA,2,3,3,1,3,3,3,3,2,2,1,3,3,3,3,2,1.77483333333333,0.8785,0.209733333333333,FALSE,TRUE,FALSE,TRUE,FALSE,FALSE,TRUE,FALSE,TRUE,FALSE,FALSE,FALSE,FALSE,NA,NA,1,4.92697267050523,3.85933672508008
"S335","prolific",2025-08-27 10:41:15,34.2727833333333,"chrome 139.0.0","false","Mac OS",1440,812,"Female",49,"Master",FALSE,"United Kingdom","White",5,4,4,"Really interesting. I would love to know the results of whether I guessed correctly about the images too! Thank you.",6,5,6,3,0,5,4,5,1,4,6,6,6,3,5,4,4,0,5,5,1,2,4,5,0,3,3,5,2,5,2,5,6,0,2.64023333333333,4,"A few times per week",4,2,6,4,5,2,4,2,3,3,4,5,6,6,4,1.09351666666667,3,0,2,1,2,NA,NA,NA,NA,NA,NA,NA,NA,NA,4,3,3,4,3,3,2,4,4,3,4,3,4,3,3,2,2.60328333333333,0.8632,0.396666666666667,FALSE,FALSE,FALSE,TRUE,FALSE,FALSE,TRUE,FALSE,TRUE,FALSE,FALSE,FALSE,FALSE,NA,NA,1,17.9257279872708,7.97568710359408
"S143","prolific",2025-08-15 16:45:40,32.4796666666667,"chrome 139.0.0","false","Windows 10",1536,826,"Male",23,"Bachelor",FALSE,"United Kingdom","White",5,3,4,NA,4,5,0,6,2,4,0,0,1,6,6,6,6,3,5,1,1,0,1,4,0,1,4,1,0,0,4,0,3,1,4,6,3,4,1.94375,5,"A few times per week",1,2,4,6,4,5,4,2,2,5,0,6,6,5,4,1.173,8,0.5,0,0.5,0,NA,NA,NA,NA,NA,NA,NA,NA,NA,3,2,3,4,2,2,4,3,2,3,4,2,2,4,3,2,1.29988333333333,0.433866666666667,0.105283333333333,FALSE,TRUE,TRUE,FALSE,FALSE,FALSE,TRUE,FALSE,TRUE,FALSE,FALSE,FALSE,FALSE,NA,NA,0.833333333333333,20,20
"S319","prolific",2025-08-26 15:39:26,29.3629,"chrome 138.0.0","false","Windows 10",1536,695,"Male",56,"High school",FALSE,"United Kingdom","White",1,2,4,"I found it impossible to judge differences between paintings quickly",4,1,2,1,4,1,0,2,1,1,5,5,5,3,5,1,0,5,4,1,0,1,2,0,0,0,1,5,2,1,1,5,4,2,1.63283333333333,0,"Never",4,5,6,5,5,3,3,4,5,4,3,3,6,6,5,1.01448333333333,8,0.5,0.5,0.5,0,NA,NA,NA,NA,NA,NA,NA,NA,NA,3,3,2,1,1,2,3,2,3,1,2,2,0,1,1,1,1.67115,0.505716666666667,0.14975,FALSE,FALSE,FALSE,TRUE,FALSE,FALSE,TRUE,FALSE,FALSE,TRUE,FALSE,FALSE,FALSE,NA,NA,1,4.35875706214689,4.03954802259887
"S046","prolific",2025-08-15 09:26:17,32.4042666666667,"chrome 138.0.0","false","Mac OS",1440,778,"Female",22,"Bachelor",TRUE,"United Kingdom","White",2,4,4,"no ty",0,1,4,6,0,4,0,5,0,5,3,5,3,6,2,2,1,0,0,1,1,1,0,2,0,2,5,4,4,4,0,4,4,2,1.97821666666667,4,"Once a day",5,4,2,4,4,4,5,5,4,4,5,5,6,6,4,1.10688333333333,9,0,1,0,1,NA,NA,NA,NA,NA,NA,NA,NA,NA,2,2,3,4,3,2,3,2,4,4,1,3,3,2,4,1,3.64615,0.90305,0.2204,FALSE,FALSE,TRUE,FALSE,FALSE,TRUE,FALSE,FALSE,TRUE,FALSE,FALSE,FALSE,FALSE,NA,NA,0.666666666666667,21.6666666666667,23.3333333333333
"S002","fw",2025-07-22 20:04:52,65.4101833333333,"chrome 138.0.0","true","Android OS",980,1757,"Female",55,"Master",FALSE,"United Kingdom","White",5,3,3,NA,5,2,2,2,5,5,1,2,2,4,4,5,6,3,5,5,3,4,3,2,3,3,3,4,5,5,3,3,5,3,3,5,3,3,5.80613333333333,1,NA,4,3,5,4,5,3,4,0,3,5,3,6,6,6,4,2.96156666666667,7,0,0.5,0.5,0.5,1.00035,0,0,0,4,0,0,0,4,3,4,3,4,4,3,3,3,3,2,2,2,2,2,3,3,3.99421666666667,1.30276666666667,0.675,FALSE,FALSE,FALSE,FALSE,TRUE,FALSE,TRUE,FALSE,TRUE,TRUE,FALSE,FALSE,FALSE,NA,NA,NA,3.78725891291642,6.12095015396902
"S340","prolific",2025-08-28 10:58:15,38.0407666666667,"edge-chromium 139.0.0","false","Windows 10",1528,738,"Male",40,"High school",FALSE,"United States","White",3,4,4,"Went very well.",0,0,5,1,0,0,3,0,3,6,6,5,5,5,0,0,0,5,1,0,0,0,4,0,0,0,1,3,5,1,0,1,6,0,2.69571666666667,5,"A few times per month",6,5,6,3,6,0,2,4,6,1,6,6,6,1,6,1.4034,9,0.5,0.5,0,0,NA,NA,NA,NA,NA,NA,NA,NA,NA,3,4,4,4,4,4,4,4,4,4,4,4,4,4,4,4,2.80263333333333,1.36466666666667,0.344366666666667,TRUE,TRUE,FALSE,FALSE,TRUE,TRUE,TRUE,FALSE,TRUE,FALSE,FALSE,FALSE,FALSE,NA,NA,1,23.3789240049276,10.1775705653645
"S262","prolific",2025-08-18 10:40:26,33.7749166666667,"chrome 139.0.0","false","Windows 10",1412,638,"Female",65,"High school",FALSE,"United States","White",2,4,4,"I was amazed at how often I wasn't sure if it was AI or not.",5,2,6,2,6,5,1,1,4,4,4,5,4,4,4,0,0,2,1,5,1,1,4,4,0,2,4,6,4,4,4,1,3,6,2.83195,4,"A few times per day",5,4,5,5,6,4,4,5,5,2,2,2,6,4,5,1.32093333333333,1,3,2,3,0.5,NA,NA,NA,NA,NA,NA,NA,NA,NA,2,2,3,1,3,3,3,1,3,2,3,4,2,3,1,2,2.33285,1.17906666666667,0.45955,FALSE,FALSE,FALSE,FALSE,TRUE,FALSE,TRUE,FALSE,TRUE,TRUE,FALSE,FALSE,FALSE,NA,NA,0.833333333333333,14.0677966101695,1.52542372881356
"S252","prolific",2025-08-18 10:08:17,41.1964833333333,"edge-chromium 139.0.0","false","Windows 10",1358,612,"Female",43,"Master",FALSE,"United Kingdom","White",3,3,4,NA,5,3,4,4,2,5,1,2,3,3,5,4,3,4,6,1,0,4,1,2,1,2,1,1,0,1,1,2,3,3,3,4,3,1,2.68443333333333,2,"A few times per month",4,1,5,2,5,1,1,2,4,5,4,5,6,6,3,1.74841666666667,4,1,1,1,1,NA,NA,NA,NA,NA,NA,NA,NA,NA,3,2,2,3,3,3,4,4,3,3,3,3,3,3,3,2,1.84691666666667,0.82415,0.190633333333333,FALSE,FALSE,FALSE,TRUE,FALSE,FALSE,TRUE,FALSE,FALSE,TRUE,FALSE,FALSE,FALSE,NA,NA,0.666666666666667,0,0
"S105","prolific",2025-08-15 14:23:51,36.5265833333333,"chrome 139.0.0","false","Windows 10",1280,585,"Male",47,"Master",FALSE,"United Kingdom","South Asian",3,4,4,"To rate these artworks was really a great experience and I enjoyed it. ",4,4,5,4,3,4,3,4,4,5,1,5,5,4,5,2,0,2,4,4,3,5,4,3,0,0,4,2,5,5,4,6,3,1,3.60193333333333,5,"A few times per day",5,6,6,5,6,2,3,5,6,0,6,6,6,0,6,1.9175,8,0.5,0.5,0.5,0.5,NA,NA,NA,NA,NA,NA,NA,NA,NA,2,2,3,3,3,2,3,3,3,3,3,3,2,2,3,2,1.65411666666667,0.643966666666667,0.255216666666667,FALSE,FALSE,FALSE,TRUE,FALSE,TRUE,FALSE,FALSE,FALSE,TRUE,FALSE,FALSE,FALSE,NA,NA,0.833333333333333,NA,NA
