"Outcome","Emotion","Contrast","Parameter","Difference","CI_low","CI_high","pd","Credible","Effect"
"Artificiality","Negative - High intensity","AI-Generated - Human Forgery","confleft",0.00750316680332544,-0.0487790082665358,0.0631704280787642,0.615714285714286,FALSE,"n.s."
"Artificiality","Negative - High intensity","AI-Generated - Human Forgery","confright",-0.0119182115261292,-0.0489867747361958,0.0257047225070102,0.730357142857143,FALSE,"n.s."
"Artificiality","Negative - High intensity","AI-Generated - Human Forgery","mu",-0.00966409136258656,-0.106714773367504,0.0761105504129217,0.58375,FALSE,"n.s."
"Artificiality","Negative - High intensity","AI-Generated - Human Forgery","precleft",0.197224949,-1.36231786025,1.80419284415,0.605535714285714,FALSE,"n.s."
"Artificiality","Negative - High intensity","AI-Generated - Human Forgery","precright",-0.1104299275,-1.153792804975,0.907337824075,0.585357142857143,FALSE,"n.s."
"Artificiality","Negative - High intensity","AI-Generated - Human Forgery","response",-0.0089626133912738,-0.0536687317243077,0.0312827743120942,0.662857142857143,FALSE,"n.s."
"Artificiality","Negative - High intensity","AI-Generated - Human Original","confleft",-0.0184313029802122,-0.065989828777249,0.0259345620085493,0.788035714285714,FALSE,"n.s."
"Artificiality","Negative - High intensity","AI-Generated - Human Original","confright",-0.00912636213599133,-0.0450493371330326,0.0270250325012893,0.694285714285714,FALSE,"n.s."
"Artificiality","Negative - High intensity","AI-Generated - Human Original","mu",-0.0410421521396611,-0.136632194466759,0.0498226888216788,0.8125,FALSE,"n.s."
"Artificiality","Negative - High intensity","AI-Generated - Human Original","precleft",0.93751352,-0.211012522,2.33204681675,0.9475,FALSE,"n.s."
"Artificiality","Negative - High intensity","AI-Generated - Human Original","precright",0.187048948,-0.674984579999999,1.05649545875,0.669821428571429,FALSE,"n.s."
"Artificiality","Negative - High intensity","AI-Generated - Human Original","response",-0.0178366446353383,-0.0614016396870571,0.0241214606311054,0.792678571428571,FALSE,"n.s."
"Artificiality","Negative - High intensity","Human Forgery - Human Original","confleft",-0.0261667411839258,-0.0782557719855278,0.0251525747593957,0.844464285714286,FALSE,"n.s."
"Artificiality","Negative - High intensity","Human Forgery - Human Original","confright",0.00275309414223546,-0.0339883404068687,0.0382243168575169,0.562142857142857,FALSE,"n.s."
"Artificiality","Negative - High intensity","Human Forgery - Human Original","mu",-0.0315599639088205,-0.116977203836099,0.0622265979638343,0.749464285714286,FALSE,"n.s."
"Artificiality","Negative - High intensity","Human Forgery - Human Original","precleft",0.75093718,-0.3774595775,2.07486174375,0.899821428571429,FALSE,"n.s."
"Artificiality","Negative - High intensity","Human Forgery - Human Original","precright",0.3006205595,-0.56824009675,1.2566677585,0.747321428571429,FALSE,"n.s."
"Artificiality","Negative - High intensity","Human Forgery - Human Original","response",-0.00863964897221225,-0.0488328618704718,0.0350215636215742,0.659285714285714,FALSE,"n.s."
"Artificiality","Negative - Low intensity","AI-Generated - Human Forgery","confleft",-0.00930100859559788,-0.0608687868469638,0.0425941361826276,0.644464285714286,FALSE,"n.s."
"Artificiality","Negative - Low intensity","AI-Generated - Human Forgery","confright",-0.0246374122393066,-0.0631898012560532,0.0156200111315745,0.8925,FALSE,"n.s."
"Artificiality","Negative - Low intensity","AI-Generated - Human Forgery","mu",0.00823164965697459,-0.0834307025938314,0.0928473762461249,0.570357142857143,FALSE,"n.s."
"Artificiality","Negative - Low intensity","AI-Generated - Human Forgery","precleft",-0.4117377475,-1.631608979425,0.789085388499999,0.752321428571429,FALSE,"n.s."
"Artificiality","Negative - Low intensity","AI-Generated - Human Forgery","precright",0.702906135,-0.392359069574999,1.797237332,0.900178571428571,FALSE,"n.s."
"Artificiality","Negative - Low intensity","AI-Generated - Human Forgery","response",-0.00281570388434227,-0.0439197256062862,0.0360296783585736,0.550892857142857,FALSE,"n.s."
"Artificiality","Negative - Low intensity","AI-Generated - Human Original","confleft",-0.0207613184492649,-0.0605734531082462,0.0178703168412546,0.848214285714286,FALSE,"n.s."
"Artificiality","Negative - Low intensity","AI-Generated - Human Original","confright",-0.012813848606011,-0.0495549269302678,0.0231790075230755,0.768392857142857,FALSE,"n.s."
"Artificiality","Negative - Low intensity","AI-Generated - Human Original","mu",0.0361223336919869,-0.0561881392775174,0.128714484387311,0.781964285714286,FALSE,"n.s."
"Artificiality","Negative - Low intensity","AI-Generated - Human Original","precleft",-0.0801086,-1.074664414,0.948409413025001,0.560178571428571,FALSE,"n.s."
"Artificiality","Negative - Low intensity","AI-Generated - Human Original","precright",0.7119812145,-0.182344586275,1.72385512575,0.9425,FALSE,"n.s."
"Artificiality","Negative - Low intensity","AI-Generated - Human Original","response",0.0149043539763674,-0.0266276581832063,0.0558807269321959,0.773392857142857,FALSE,"n.s."
"Artificiality","Negative - Low intensity","Human Forgery - Human Original","confleft",-0.0112235735621729,-0.0603678469726757,0.0357795288439584,0.679285714285714,FALSE,"n.s."
"Artificiality","Negative - Low intensity","Human Forgery - Human Original","confright",0.010999974710801,-0.0273937664696622,0.0508000571386998,0.716964285714286,FALSE,"n.s."
"Artificiality","Negative - Low intensity","Human Forgery - Human Original","mu",0.0285218140589342,-0.0650846177880873,0.128128470977904,0.731785714285714,FALSE,"n.s."
"Artificiality","Negative - Low intensity","Human Forgery - Human Original","precleft",0.32164319,-0.727611674999999,1.49724660525,0.727857142857143,FALSE,"n.s."
"Artificiality","Negative - Low intensity","Human Forgery - Human Original","precright",0.0268385024999998,-0.827802482750001,0.917816432249999,0.521071428571429,FALSE,"n.s."
"Artificiality","Negative - Low intensity","Human Forgery - Human Original","response",0.0177054324518895,-0.0253465666664643,0.061832214326656,0.802142857142857,FALSE,"n.s."
"Artificiality","Overall","AI-Generated - Human Forgery","bex",0.0596966181699528,-0.0657466947131264,0.194658246359717,0.824464285714286,FALSE,"n.s."
"Artificiality","Overall","AI-Generated - Human Forgery","confleft",0.00936182666437604,-0.0181185006938489,0.0373183667278473,0.747321428571429,FALSE,"n.s."
"Artificiality","Overall","AI-Generated - Human Forgery","confright",-0.00709964693059487,-0.025723337285141,0.0120669123212811,0.77125,FALSE,"n.s."
"Artificiality","Overall","AI-Generated - Human Forgery","mu",0.000139502773444655,-0.0466533151547411,0.0464178576451399,0.503928571428571,FALSE,"n.s."
"Artificiality","Overall","AI-Generated - Human Forgery","pex",0.00185519927041101,-0.00853056722686506,0.0132680305189857,0.649285714285714,FALSE,"n.s."
"Artificiality","Overall","AI-Generated - Human Forgery","pmid",0.00297986550424,0.000278648341321636,0.00666402496664225,0.984464285714286,TRUE,"Positive"
"Artificiality","Overall","AI-Generated - Human Forgery","precleft",-0.19558469,-0.97537444944375,0.5568509321625,0.693035714285714,FALSE,"n.s."
"Artificiality","Overall","AI-Generated - Human Forgery","precright",0.121574746874999,-0.45236622783125,0.684547573425,0.661607142857143,FALSE,"n.s."
"Artificiality","Overall","AI-Generated - Human Forgery","response",-0.00384047000899829,-0.0246630349789675,0.0164926906238755,0.647678571428571,FALSE,"n.s."
"Artificiality","Overall","AI-Generated - Human Original","bex",0.0518515130934925,-0.0735325373551135,0.180188184490451,0.7925,FALSE,"n.s."
"Artificiality","Overall","AI-Generated - Human Original","confleft",-0.0102358804817526,-0.0319597299019128,0.0108017548773065,0.827321428571429,FALSE,"n.s."
"Artificiality","Overall","AI-Generated - Human Original","confright",0.00245899494799301,-0.0147974403203963,0.0209590925584182,0.604107142857143,FALSE,"n.s."
"Artificiality","Overall","AI-Generated - Human Original","mu",0.00103048922427601,-0.0477844785486114,0.0504069210945434,0.517321428571429,FALSE,"n.s."
"Artificiality","Overall","AI-Generated - Human Original","pex",0.000675814039085246,-0.0101129504392108,0.0126797575479358,0.556785714285714,FALSE,"n.s."
"Artificiality","Overall","AI-Generated - Human Original","pmid",-0.000465308372033678,-0.00386298272136166,0.00270363670006267,0.621607142857143,FALSE,"n.s."
"Artificiality","Overall","AI-Generated - Human Original","precleft",0.17713411125,-0.4217416319375,0.8459981723175,0.705,FALSE,"n.s."
"Artificiality","Overall","AI-Generated - Human Original","precright",0.404848087365,-0.0602754745624993,0.9135879482875,0.95625,FALSE,"n.s."
"Artificiality","Overall","AI-Generated - Human Original","response",0.0034380903770177,-0.0181896613558385,0.0251679702456636,0.622678571428571,FALSE,"n.s."
"Artificiality","Overall","Human Forgery - Human Original","bex",-0.00870612073068688,-0.142902104827986,0.12521730624657,0.549285714285714,FALSE,"n.s."
"Artificiality","Overall","Human Forgery - Human Original","confleft",-0.0194971732218235,-0.0449687790723031,0.005308344682193,0.937321428571429,FALSE,"n.s."
"Artificiality","Overall","Human Forgery - Human Original","confright",0.00940399831802763,-0.008960379888318,0.0276878261291985,0.846428571428571,FALSE,"n.s."
"Artificiality","Overall","Human Forgery - Human Original","mu",0.0011339557763016,-0.0481272760422489,0.0505151674782425,0.516785714285714,FALSE,"n.s."
"Artificiality","Overall","Human Forgery - Human Original","pex",-0.00112938607991639,-0.0122408367847289,0.0093116079527962,0.59625,FALSE,"n.s."
"Artificiality","Overall","Human Forgery - Human Original","pmid",-0.00340628443975058,-0.00751659284673639,-0.000664053707619231,0.992678571428571,TRUE,"Negative"
"Artificiality","Overall","Human Forgery - Human Original","precleft",0.369137092625,-0.261184727568751,1.0662605089375,0.870714285714286,FALSE,"n.s."
"Artificiality","Overall","Human Forgery - Human Original","precright",0.284323795625,-0.1982959305625,0.789409058312499,0.872857142857143,FALSE,"n.s."
"Artificiality","Overall","Human Forgery - Human Original","response",0.00734407174359142,-0.0138626935232964,0.0292751545210977,0.755357142857143,FALSE,"n.s."
"Artificiality","Positive - High intensity","AI-Generated - Human Forgery","confleft",0.000489558981743216,-0.0571697950599076,0.0588325850743424,0.508928571428571,FALSE,"n.s."
"Artificiality","Positive - High intensity","AI-Generated - Human Forgery","confright",-0.000269996392116195,-0.038708839022662,0.0378429612704957,0.50625,FALSE,"n.s."
"Artificiality","Positive - High intensity","AI-Generated - Human Forgery","mu",-0.0118600330068409,-0.107936297670819,0.0774514221146555,0.6025,FALSE,"n.s."
"Artificiality","Positive - High intensity","AI-Generated - Human Forgery","precleft",-0.589358239000001,-2.1339602256575,0.998124005549999,0.78375,FALSE,"n.s."
"Artificiality","Positive - High intensity","AI-Generated - Human Forgery","precright",0.151803673500001,-1.03463036875,1.30548384355,0.602142857142857,FALSE,"n.s."
"Artificiality","Positive - High intensity","AI-Generated - Human Forgery","response",-0.00471824314470654,-0.0498647219540839,0.036315402458941,0.589464285714286,FALSE,"n.s."
"Artificiality","Positive - High intensity","AI-Generated - Human Original","confleft",0.0150523972353922,-0.0277427251465629,0.0613387208744307,0.751964285714286,FALSE,"n.s."
"Artificiality","Positive - High intensity","AI-Generated - Human Original","confright",0.0190648672367346,-0.0161049935594039,0.0549905729405078,0.8575,FALSE,"n.s."
"Artificiality","Positive - High intensity","AI-Generated - Human Original","mu",0.00529433322935696,-0.0923274487560507,0.101425054244432,0.545714285714286,FALSE,"n.s."
"Artificiality","Positive - High intensity","AI-Generated - Human Original","precleft",-0.389038417,-1.521621287,0.980721741249999,0.731071428571429,FALSE,"n.s."
"Artificiality","Positive - High intensity","AI-Generated - Human Original","precright",0.6093218005,-0.28966262615,1.563647125,0.905357142857143,FALSE,"n.s."
"Artificiality","Positive - High intensity","AI-Generated - Human Original","response",0.00702230047151886,-0.0380173682461154,0.0493900480465927,0.628035714285714,FALSE,"n.s."
"Artificiality","Positive - High intensity","Human Forgery - Human Original","confleft",0.0146627284393295,-0.0337612629091133,0.0651354801219794,0.716428571428571,FALSE,"n.s."
"Artificiality","Positive - High intensity","Human Forgery - Human Original","confright",0.0191711928032482,-0.0191967181907464,0.0579953696630809,0.842678571428571,FALSE,"n.s."
"Artificiality","Positive - High intensity","Human Forgery - Human Original","mu",0.0171929649115015,-0.0738726283007967,0.115075723864498,0.64375,FALSE,"n.s."
"Artificiality","Positive - High intensity","Human Forgery - Human Original","precleft",0.209454,-0.9730552005,1.52713685825,0.625178571428571,FALSE,"n.s."
"Artificiality","Positive - High intensity","Human Forgery - Human Original","precright",0.435117315,-0.471529521,1.480431773,0.823214285714286,FALSE,"n.s."
"Artificiality","Positive - High intensity","Human Forgery - Human Original","response",0.0113001476254949,-0.0291395405173526,0.0538118270531265,0.709642857142857,FALSE,"n.s."
"Artificiality","Positive - Low intensity","AI-Generated - Human Forgery","confleft",0.0377163043467943,-0.0115903881345574,0.0889517983087597,0.931785714285714,FALSE,"n.s."
"Artificiality","Positive - Low intensity","AI-Generated - Human Forgery","confright",0.00776121002978425,-0.0254916531355192,0.0418939556506701,0.681607142857143,FALSE,"n.s."
"Artificiality","Positive - Low intensity","AI-Generated - Human Forgery","mu",0.0150481118338457,-0.0662839341248147,0.0920332896799835,0.645178571428571,FALSE,"n.s."
"Artificiality","Positive - Low intensity","AI-Generated - Human Forgery","precleft",0.0201347245000003,-0.870287504249999,0.87265955025,0.516607142857143,FALSE,"n.s."
"Artificiality","Positive - Low intensity","AI-Generated - Human Forgery","precright",-0.25084746,-1.00625173075,0.488828343224999,0.740357142857143,FALSE,"n.s."
"Artificiality","Positive - Low intensity","AI-Generated - Human Forgery","response",0.00268106426468945,-0.0347842672915411,0.036655317811041,0.558571428571429,FALSE,"n.s."
"Artificiality","Positive - Low intensity","AI-Generated - Human Original","confleft",-0.0170348566262219,-0.0565229388019644,0.0219134527269849,0.796071428571429,FALSE,"n.s."
"Artificiality","Positive - Low intensity","AI-Generated - Human Original","confright",0.0127437821323182,-0.019783608128452,0.0460071573303372,0.780535714285714,FALSE,"n.s."
"Artificiality","Positive - Low intensity","AI-Generated - Human Original","mu",0.00700182578365538,-0.0771185496470475,0.0898042947810778,0.572678571428571,FALSE,"n.s."
"Artificiality","Positive - Low intensity","AI-Generated - Human Original","precleft",0.190528245,-0.56092945325,0.943925699,0.691964285714286,FALSE,"n.s."
"Artificiality","Positive - Low intensity","AI-Generated - Human Original","precright",0.107570965,-0.5245989875,0.767087862499999,0.626071428571429,FALSE,"n.s."
"Artificiality","Positive - Low intensity","AI-Generated - Human Original","response",0.01046563207606,-0.0273651076960893,0.047520602355612,0.708928571428571,FALSE,"n.s."
"Artificiality","Positive - Low intensity","Human Forgery - Human Original","confleft",-0.0550787337059394,-0.099320332156608,-0.0098851544837423,0.990535714285714,TRUE,"Negative"
"Artificiality","Positive - Low intensity","Human Forgery - Human Original","confright",0.00455869160762298,-0.0277262435512957,0.0371230165130834,0.61,FALSE,"n.s."
"Artificiality","Positive - Low intensity","Human Forgery - Human Original","mu",-0.00688685087759094,-0.0919657165009605,0.0762172073832829,0.565535714285714,FALSE,"n.s."
"Artificiality","Positive - Low intensity","Human Forgery - Human Original","precleft",0.17541714,-0.56677424875,0.955038639999999,0.677321428571429,FALSE,"n.s."
"Artificiality","Positive - Low intensity","Human Forgery - Human Original","precright",0.36343712,-0.2879537745,1.0251764575,0.862678571428571,FALSE,"n.s."
"Artificiality","Positive - Low intensity","Human Forgery - Human Original","response",0.00830928302879563,-0.0283658340436599,0.0459881952052865,0.661428571428571,FALSE,"n.s."
"Authenticity","Negative - High intensity","AI-Generated - Human Forgery","confleft",0.0105954538384354,-0.0190114540684637,0.0411750259404886,0.758214285714286,FALSE,"n.s."
"Authenticity","Negative - High intensity","AI-Generated - Human Forgery","confright",0.00999553877666293,-0.0114200861886692,0.0312672049282839,0.824821428571429,FALSE,"n.s."
"Authenticity","Negative - High intensity","AI-Generated - Human Forgery","mu",0.0287350636884284,-0.0163407165158246,0.0735933834654342,0.893571428571429,FALSE,"n.s."
"Authenticity","Negative - High intensity","AI-Generated - Human Forgery","precleft",0.3692372575,-0.524101511024999,1.396255220125,0.784107142857143,FALSE,"n.s."
"Authenticity","Negative - High intensity","AI-Generated - Human Forgery","precright",-0.238379511325499,-0.875377760549999,0.4127800803,0.78125,FALSE,"n.s."
"Authenticity","Negative - High intensity","AI-Generated - Human Forgery","response",0.0171476204244847,-0.00970157942623778,0.0435007433920106,0.897321428571429,FALSE,"n.s."
"Authenticity","Negative - High intensity","AI-Generated - Human Original","confleft",-0.00669813992480556,-0.0371011280077464,0.0221781198293917,0.679642857142857,FALSE,"n.s."
"Authenticity","Negative - High intensity","AI-Generated - Human Original","confright",0.0015310725219016,-0.0190900799108691,0.022358930340797,0.559821428571429,FALSE,"n.s."
"Authenticity","Negative - High intensity","AI-Generated - Human Original","mu",-0.0219221831569493,-0.0637992768130653,0.0203523514051578,0.84,FALSE,"n.s."
"Authenticity","Negative - High intensity","AI-Generated - Human Original","precleft",0.55238388,-0.2049505977925,1.474514637075,0.91875,FALSE,"n.s."
"Authenticity","Negative - High intensity","AI-Generated - Human Original","precright",0.0895587705000001,-0.387125152125,0.67729197655,0.635714285714286,FALSE,"n.s."
"Authenticity","Negative - High intensity","AI-Generated - Human Original","response",-0.0105354156337814,-0.0358983564415566,0.0147209922445455,0.79125,FALSE,"n.s."
"Authenticity","Negative - High intensity","Human Forgery - Human Original","confleft",-0.0175467742999414,-0.044796732292777,0.010050678565566,0.890892857142857,FALSE,"n.s."
"Authenticity","Negative - High intensity","Human Forgery - Human Original","confright",-0.00831556012672974,-0.0282890794696066,0.0114654422327832,0.79625,FALSE,"n.s."
"Authenticity","Negative - High intensity","Human Forgery - Human Original","mu",-0.0505949564293014,-0.091713547577946,-0.00832560142744558,0.99,TRUE,"Negative"
"Authenticity","Negative - High intensity","Human Forgery - Human Original","precleft",0.183364738,-0.44461656875,0.899153495249999,0.711964285714286,FALSE,"n.s."
"Authenticity","Negative - High intensity","Human Forgery - Human Original","precright",0.337260429999999,-0.1525760559,0.91499537775,0.901607142857143,FALSE,"n.s."
"Authenticity","Negative - High intensity","Human Forgery - Human Original","response",-0.0274051562103428,-0.0521337584173398,-0.00260273197172677,0.986071428571429,TRUE,"Negative"
"Authenticity","Negative - Low intensity","AI-Generated - Human Forgery","confleft",-0.00422225421323802,-0.0325412669373871,0.02372781393395,0.612678571428571,FALSE,"n.s."
"Authenticity","Negative - Low intensity","AI-Generated - Human Forgery","confright",-0.00282404236783868,-0.0244711704210864,0.0184823425935094,0.607321428571429,FALSE,"n.s."
"Authenticity","Negative - Low intensity","AI-Generated - Human Forgery","mu",-0.00832436031015427,-0.0519661336409863,0.0346866451517004,0.638035714285714,FALSE,"n.s."
"Authenticity","Negative - Low intensity","AI-Generated - Human Forgery","precleft",-0.265473724,-1.2576251925,0.600592921437499,0.712142857142857,FALSE,"n.s."
"Authenticity","Negative - Low intensity","AI-Generated - Human Forgery","precright",-0.2669171266,-0.792151241,0.237990399475,0.848928571428571,FALSE,"n.s."
"Authenticity","Negative - Low intensity","AI-Generated - Human Forgery","response",-0.00447736829763484,-0.0302703913221706,0.0202052488731582,0.640714285714286,FALSE,"n.s."
"Authenticity","Negative - Low intensity","AI-Generated - Human Original","confleft",0.00144329214191113,-0.0248198006554201,0.0290270774470324,0.544642857142857,FALSE,"n.s."
"Authenticity","Negative - Low intensity","AI-Generated - Human Original","confright",-0.0116042819964809,-0.0319126084541725,0.00816939351938527,0.871428571428571,FALSE,"n.s."
"Authenticity","Negative - Low intensity","AI-Generated - Human Original","mu",-0.0182020861152885,-0.0589022603088963,0.0234875082381809,0.805178571428571,FALSE,"n.s."
"Authenticity","Negative - Low intensity","AI-Generated - Human Original","precleft",0.109584375,-0.5226742838,0.75509843685,0.62875,FALSE,"n.s."
"Authenticity","Negative - Low intensity","AI-Generated - Human Original","precright",-0.06176296,-0.484974265,0.3704593343,0.61,FALSE,"n.s."
"Authenticity","Negative - Low intensity","AI-Generated - Human Original","response",-0.0140873429695253,-0.0375720282838376,0.0106135467610572,0.868928571428571,FALSE,"n.s."
"Authenticity","Negative - Low intensity","Human Forgery - Human Original","confleft",0.00573825092787605,-0.0206797037905853,0.0327003717589208,0.667142857142857,FALSE,"n.s."
"Authenticity","Negative - Low intensity","Human Forgery - Human Original","confright",-0.00873784282355239,-0.0293559979067675,0.0119438705792646,0.797857142857143,FALSE,"n.s."
"Authenticity","Negative - Low intensity","Human Forgery - Human Original","mu",-0.0100678519461817,-0.0508140888256463,0.0320413715159465,0.673571428571429,FALSE,"n.s."
"Authenticity","Negative - Low intensity","Human Forgery - Human Original","precleft",0.3705857,-0.41740850675,1.28157150575,0.815892857142857,FALSE,"n.s."
"Authenticity","Negative - Low intensity","Human Forgery - Human Original","precright",0.2064189925,-0.2561341803,0.70009034175,0.809285714285714,FALSE,"n.s."
"Authenticity","Negative - Low intensity","Human Forgery - Human Original","response",-0.0093117352435812,-0.0329849615727456,0.0156518760696377,0.769107142857143,FALSE,"n.s."
"Authenticity","Overall","AI-Generated - Human Forgery","bex",0.0471925249822157,-0.0254581005947419,0.122808375324073,0.899285714285714,FALSE,"n.s."
"Authenticity","Overall","AI-Generated - Human Forgery","confleft",-0.00380437528177696,-0.0192001753517557,0.0109376350847531,0.6925,FALSE,"n.s."
"Authenticity","Overall","AI-Generated - Human Forgery","confright",-0.00619360904889171,-0.0171554342784037,0.00463964296022719,0.867857142857143,FALSE,"n.s."
"Authenticity","Overall","AI-Generated - Human Forgery","mu",0.0144810773424654,-0.00793270322001439,0.0358436346544118,0.901964285714286,FALSE,"n.s."
"Authenticity","Overall","AI-Generated - Human Forgery","pex",0.000365702275746957,-0.000939801115761419,0.00208643847695104,0.742678571428571,FALSE,"n.s."
"Authenticity","Overall","AI-Generated - Human Forgery","pmid",0.000571475791528658,-0.000139099323134162,0.00160969583148081,0.939464285714286,FALSE,"n.s."
"Authenticity","Overall","AI-Generated - Human Forgery","precleft",-0.0285195554499995,-0.564540879925,0.486269448518749,0.543571428571429,FALSE,"n.s."
"Authenticity","Overall","AI-Generated - Human Forgery","precright",-0.0703839520550003,-0.3750811172,0.23226820726875,0.68,FALSE,"n.s."
"Authenticity","Overall","AI-Generated - Human Forgery","response",0.00663526127268693,-0.00618749600049464,0.0193459541447013,0.847142857142857,FALSE,"n.s."
"Authenticity","Overall","AI-Generated - Human Original","bex",-0.00500256583978348,-0.0812246977457216,0.0695270467443226,0.558928571428571,FALSE,"n.s."
"Authenticity","Overall","AI-Generated - Human Original","confleft",-0.00206080569194284,-0.0165398444155248,0.0125443589329445,0.615535714285714,FALSE,"n.s."
"Authenticity","Overall","AI-Generated - Human Original","confright",-0.00810762238873675,-0.0181696212461123,0.00207416833845553,0.938035714285714,FALSE,"n.s."
"Authenticity","Overall","AI-Generated - Human Original","mu",-0.0203968818892625,-0.0412496434367386,7.07332548943776e-05,0.974285714285714,FALSE,"n.s."
"Authenticity","Overall","AI-Generated - Human Original","pex",0.000556860414482238,-0.000632097166840787,0.00236443952547128,0.844821428571429,FALSE,"n.s."
"Authenticity","Overall","AI-Generated - Human Original","pmid",0.000261710396667976,-0.000550334580780183,0.00122217700014188,0.74375,FALSE,"n.s."
"Authenticity","Overall","AI-Generated - Human Original","precleft",0.24581465125,-0.156075082275001,0.66534846987875,0.893571428571429,FALSE,"n.s."
"Authenticity","Overall","AI-Generated - Human Original","precright",0.137220933,-0.0977820056125001,0.407435167726874,0.868928571428571,FALSE,"n.s."
"Authenticity","Overall","AI-Generated - Human Original","response",-0.0134874060143441,-0.0255625244676493,-0.00123585189085003,0.98625,TRUE,"Negative"
"Authenticity","Overall","Human Forgery - Human Original","bex",-0.0538066552077958,-0.128661203085591,0.0233260105979749,0.916964285714286,FALSE,"n.s."
"Authenticity","Overall","Human Forgery - Human Original","confleft",0.0016375551556792,-0.0120098592005337,0.0156158491790935,0.592321428571429,FALSE,"n.s."
"Authenticity","Overall","Human Forgery - Human Original","confright",-0.00172269892665,-0.0119780232604727,0.00838112864318424,0.640357142857143,FALSE,"n.s."
"Authenticity","Overall","Human Forgery - Human Original","mu",-0.0349571958574484,-0.055445549499189,-0.013930096774475,0.999464285714286,TRUE,"Negative"
"Authenticity","Overall","Human Forgery - Human Original","pex",0.000182981181169121,-0.00110225139078895,0.00164443032103215,0.639642857142857,FALSE,"n.s."
"Authenticity","Overall","Human Forgery - Human Original","pmid",-0.000315982546140583,-0.0012075119168511,0.000457860054441785,0.812857142857143,FALSE,"n.s."
"Authenticity","Overall","Human Forgery - Human Original","precleft",0.27892543275,-0.1427579567375,0.746550380125,0.901071428571429,FALSE,"n.s."
"Authenticity","Overall","Human Forgery - Human Original","precright",0.204564635750001,-0.0373952461875005,0.488172250249999,0.947321428571429,FALSE,"n.s."
"Authenticity","Overall","Human Forgery - Human Original","response",-0.0202595951628911,-0.0322049052814797,-0.00789431686851275,0.999642857142857,TRUE,"Negative"
"Authenticity","Positive - High intensity","AI-Generated - Human Forgery","confleft",-0.0127820073698524,-0.0430378291645995,0.0165158089108036,0.805714285714286,FALSE,"n.s."
"Authenticity","Positive - High intensity","AI-Generated - Human Forgery","confright",-0.0123651222407128,-0.0335893087384365,0.00774917440043511,0.881071428571429,FALSE,"n.s."
"Authenticity","Positive - High intensity","AI-Generated - Human Forgery","mu",0.0435798301295933,5.31760358149072e-05,0.0902836407368867,0.975,TRUE,"Positive"
"Authenticity","Positive - High intensity","AI-Generated - Human Forgery","precleft",-0.295468278999999,-1.1360221338825,0.547994631275,0.765178571428571,FALSE,"n.s."
"Authenticity","Positive - High intensity","AI-Generated - Human Forgery","precright",0.2921443596,-0.2834093275,0.854251716724999,0.847678571428571,FALSE,"n.s."
"Authenticity","Positive - High intensity","AI-Generated - Human Forgery","response",0.0229521842869192,-0.00292339753532522,0.0501918808961943,0.956607142857143,FALSE,"n.s."
"Authenticity","Positive - High intensity","AI-Generated - Human Original","confleft",0.00966363308227441,-0.0192948027776124,0.038160522790579,0.733035714285714,FALSE,"n.s."
"Authenticity","Positive - High intensity","AI-Generated - Human Original","confright",-0.00655471468726659,-0.0258247729061666,0.0122519659629559,0.746428571428571,FALSE,"n.s."
"Authenticity","Positive - High intensity","AI-Generated - Human Original","mu",-0.0134992543981158,-0.0551130020015979,0.029895595546858,0.731071428571429,FALSE,"n.s."
"Authenticity","Positive - High intensity","AI-Generated - Human Original","precleft",0.132242122,-0.52083858325,0.829785719999999,0.651428571428571,FALSE,"n.s."
"Authenticity","Positive - High intensity","AI-Generated - Human Original","precright",0.50509435,0.0376671813249999,1.0198332601,0.984642857142857,TRUE,"Positive"
"Authenticity","Positive - High intensity","AI-Generated - Human Original","response",-0.0112287654512274,-0.035769650914426,0.0144918196307175,0.81125,FALSE,"n.s."
"Authenticity","Positive - High intensity","Human Forgery - Human Original","confleft",0.0223760232725541,-0.00556383768619732,0.0503155234881537,0.94375,FALSE,"n.s."
"Authenticity","Positive - High intensity","Human Forgery - Human Original","confright",0.00571523237389693,-0.0137947388780201,0.0257330380854572,0.715357142857143,FALSE,"n.s."
"Authenticity","Positive - High intensity","Human Forgery - Human Original","mu",-0.0571379771203316,-0.0982124991147875,-0.0163493617076368,0.996071428571429,TRUE,"Negative"
"Authenticity","Positive - High intensity","Human Forgery - Human Original","precleft",0.42863475025,-0.260313754375,1.17073316315,0.886071428571429,FALSE,"n.s."
"Authenticity","Positive - High intensity","Human Forgery - Human Original","precright",0.206036788,-0.2286801393925,0.736535502025,0.819821428571429,FALSE,"n.s."
"Authenticity","Positive - High intensity","Human Forgery - Human Original","response",-0.0340249952380509,-0.0582633327831903,-0.00966689579559168,0.997321428571429,TRUE,"Negative"
"Authenticity","Positive - Low intensity","AI-Generated - Human Forgery","confleft",-0.00890614773225806,-0.0377945731587681,0.0205635153852416,0.731964285714286,FALSE,"n.s."
"Authenticity","Positive - Low intensity","AI-Generated - Human Forgery","confright",-0.0196334970189398,-0.0391665982040785,-0.000239430648403617,0.975892857142857,TRUE,"Negative"
"Authenticity","Positive - Low intensity","AI-Generated - Human Forgery","mu",-0.00616262189098116,-0.0460757274825345,0.032613912109021,0.619464285714286,FALSE,"n.s."
"Authenticity","Positive - Low intensity","AI-Generated - Human Forgery","precleft",0.0539477899999996,-0.644300184725,0.75105690725,0.561071428571429,FALSE,"n.s."
"Authenticity","Positive - Low intensity","AI-Generated - Human Forgery","precright",-0.0630333300000001,-0.4562096074,0.327588037925,0.628035714285714,FALSE,"n.s."
"Authenticity","Positive - Low intensity","AI-Generated - Human Forgery","response",-0.00847252675983784,-0.0319769348543269,0.0142680457245273,0.772321428571429,FALSE,"n.s."
"Authenticity","Positive - Low intensity","AI-Generated - Human Original","confleft",-0.0125591860197065,-0.0405127611995712,0.0152048872179359,0.813392857142857,FALSE,"n.s."
"Authenticity","Positive - Low intensity","AI-Generated - Human Original","confright",-0.0157564224597113,-0.034924840113113,0.00306844499516425,0.949107142857143,FALSE,"n.s."
"Authenticity","Positive - Low intensity","AI-Generated - Human Original","mu",-0.0281789487340932,-0.0657764708793336,0.0103303752732446,0.924464285714286,FALSE,"n.s."
"Authenticity","Positive - Low intensity","AI-Generated - Human Original","precleft",0.168073925,-0.40709841275,0.781419854750001,0.716071428571429,FALSE,"n.s."
"Authenticity","Positive - Low intensity","AI-Generated - Human Original","precright",0.00235828640000024,-0.360347646,0.3784741145,0.506071428571429,FALSE,"n.s."
"Authenticity","Positive - Low intensity","AI-Generated - Human Original","response",-0.0188984107581539,-0.0407679091058329,0.00400826162496409,0.949642857142857,FALSE,"n.s."
"Authenticity","Positive - Low intensity","Human Forgery - Human Original","confleft",-0.00364804643708316,-0.0319128500272716,0.0246320972374824,0.5975,FALSE,"n.s."
"Authenticity","Positive - Low intensity","Human Forgery - Human Original","confright",0.00377992682093781,-0.0151917355263446,0.0230537030631863,0.650178571428571,FALSE,"n.s."
"Authenticity","Positive - Low intensity","Human Forgery - Human Original","mu",-0.0215640650492481,-0.0607962835169648,0.0171579590522876,0.861785714285714,FALSE,"n.s."
"Authenticity","Positive - Low intensity","Human Forgery - Human Original","precleft",0.118480295,-0.46598490075,0.739327649499999,0.651428571428571,FALSE,"n.s."
"Authenticity","Positive - Low intensity","Human Forgery - Human Original","precright",0.0641402580000001,-0.29775214975,0.448642853999999,0.633571428571429,FALSE,"n.s."
"Authenticity","Positive - Low intensity","Human Forgery - Human Original","response",-0.0099545999596144,-0.0325221887781168,0.012991072129001,0.806785714285714,FALSE,"n.s."
"Beauty","Negative - High intensity","AI-Generated - Human Forgery","confleft",0.0336934504047474,0.00471956241021325,0.0622041209923672,0.9896875,TRUE,"Positive"
"Beauty","Negative - High intensity","AI-Generated - Human Forgery","confright",-0.0315510507514546,-0.0554777458217579,-0.00758259186876017,0.99390625,TRUE,"Negative"
"Beauty","Negative - High intensity","AI-Generated - Human Forgery","mu",-0.0862060757412525,-0.147706676081181,-0.0355429826213985,0.99984375,TRUE,"Negative"
"Beauty","Negative - High intensity","AI-Generated - Human Forgery","precleft",-0.34247598,-0.825807568824999,0.1339512519,0.9259375,FALSE,"n.s."
"Beauty","Negative - High intensity","AI-Generated - Human Forgery","precright",0.5940813635,-0.52822093425,1.75333583025,0.8521875,FALSE,"n.s."
"Beauty","Negative - High intensity","AI-Generated - Human Forgery","response",-0.0463905824093382,-0.0717531563741551,-0.0242582647112292,1,TRUE,"Negative"
"Beauty","Negative - High intensity","AI-Generated - Human Original","confleft",0.0420542495683414,0.0171726791730281,0.0679521233386234,0.99984375,TRUE,"Positive"
"Beauty","Negative - High intensity","AI-Generated - Human Original","confright",-0.0615300229366718,-0.0865924198507123,-0.0371664025300646,1,TRUE,"Negative"
"Beauty","Negative - High intensity","AI-Generated - Human Original","mu",-0.137974439891511,-0.205281802927583,-0.0785204859199515,1,TRUE,"Negative"
"Beauty","Negative - High intensity","AI-Generated - Human Original","precleft",0.22125522,-0.14018290935,0.5885473735,0.8915625,FALSE,"n.s."
"Beauty","Negative - High intensity","AI-Generated - Human Original","precright",1.299952825,0.466106383250001,2.341023371,0.99953125,TRUE,"Positive"
"Beauty","Negative - High intensity","AI-Generated - Human Original","response",-0.0732112577833473,-0.101350807573836,-0.0477260925606715,1,TRUE,"Negative"
"Beauty","Negative - High intensity","Human Forgery - Human Original","confleft",0.00852102703762617,-0.0183618888914204,0.0356889990662582,0.72375,FALSE,"n.s."
"Beauty","Negative - High intensity","Human Forgery - Human Original","confright",-0.0297579626766478,-0.0535894755061017,-0.00623627405053841,0.9940625,TRUE,"Negative"
"Beauty","Negative - High intensity","Human Forgery - Human Original","mu",-0.050305681984783,-0.105483855465908,-0.00256402770456687,0.98078125,TRUE,"Negative"
"Beauty","Negative - High intensity","Human Forgery - Human Original","precleft",0.56115724,0.130583359,1.03203028775,0.99453125,TRUE,"Positive"
"Beauty","Negative - High intensity","Human Forgery - Human Original","precright",0.71068938,-0.0264207079999996,1.5921428,0.9709375,FALSE,"n.s."
"Beauty","Negative - High intensity","Human Forgery - Human Original","response",-0.0263462716541019,-0.0496204680137274,-0.00562425131843693,0.9934375,TRUE,"Negative"
"Beauty","Negative - Low intensity","AI-Generated - Human Forgery","confleft",0.0175646166016822,-0.0117944921627685,0.0471536935668936,0.87609375,FALSE,"n.s."
"Beauty","Negative - Low intensity","AI-Generated - Human Forgery","confright",-0.0264481894224457,-0.0464799930293714,-0.00659528622068605,0.99421875,TRUE,"Negative"
"Beauty","Negative - Low intensity","AI-Generated - Human Forgery","mu",-0.0985783147674484,-0.157247701739439,-0.0415970565750576,0.99953125,TRUE,"Negative"
"Beauty","Negative - Low intensity","AI-Generated - Human Forgery","precleft",-0.359886855,-0.84828695735,0.0865162469749998,0.94421875,FALSE,"n.s."
"Beauty","Negative - Low intensity","AI-Generated - Human Forgery","precright",-0.0646653987000003,-0.9951525645,0.94346989925,0.555,FALSE,"n.s."
"Beauty","Negative - Low intensity","AI-Generated - Human Forgery","response",-0.0405941131058812,-0.0611764639235777,-0.0208397112990375,1,TRUE,"Negative"
"Beauty","Negative - Low intensity","AI-Generated - Human Original","confleft",0.0505153959002506,0.0229735468599554,0.0791256480126451,0.9996875,TRUE,"Positive"
"Beauty","Negative - Low intensity","AI-Generated - Human Original","confright",-0.0631193787915781,-0.0843000507872921,-0.042740404216675,1,TRUE,"Negative"
"Beauty","Negative - Low intensity","AI-Generated - Human Original","mu",-0.193791327952655,-0.24876434915753,-0.136160123004779,1,TRUE,"Negative"
"Beauty","Negative - Low intensity","AI-Generated - Human Original","precleft",0.0243049799999999,-0.3822183292725,0.43250631025,0.54328125,FALSE,"n.s."
"Beauty","Negative - Low intensity","AI-Generated - Human Original","precright",1.050873375,0.3559160195,1.977619696,0.99890625,TRUE,"Positive"
"Beauty","Negative - Low intensity","AI-Generated - Human Original","response",-0.0873537223133977,-0.108427808533525,-0.0671838495474779,1,TRUE,"Negative"
"Beauty","Negative - Low intensity","Human Forgery - Human Original","confleft",0.0330599007045524,0.00437559145598598,0.0615968885868018,0.98640625,TRUE,"Positive"
"Beauty","Negative - Low intensity","Human Forgery - Human Original","confright",-0.0369089574403768,-0.0556535114076287,-0.018610080355179,1,TRUE,"Negative"
"Beauty","Negative - Low intensity","Human Forgery - Human Original","mu",-0.0946771391349546,-0.149454591598745,-0.0416385654894679,0.99984375,TRUE,"Negative"
"Beauty","Negative - Low intensity","Human Forgery - Human Original","precleft",0.382769895,-0.0605248333676501,0.8707495935,0.95546875,FALSE,"n.s."
"Beauty","Negative - Low intensity","Human Forgery - Human Original","precright",1.12786668,0.45697362335,1.86158762475,0.99984375,TRUE,"Positive"
"Beauty","Negative - Low intensity","Human Forgery - Human Original","response",-0.0466493263983143,-0.066062821248333,-0.027756032401627,1,TRUE,"Negative"
"Beauty","Overall","AI-Generated - Human Forgery","bex",0.0482866520863878,-0.0533387541788851,0.154205072602747,0.821875,FALSE,"n.s."
"Beauty","Overall","AI-Generated - Human Forgery","confleft",0.0164245759927168,-0.00113401531599688,0.033296029933936,0.96703125,FALSE,"n.s."
"Beauty","Overall","AI-Generated - Human Forgery","confright",-0.020728679781114,-0.0319211818163897,-0.00976419242901732,1,TRUE,"Negative"
"Beauty","Overall","AI-Generated - Human Forgery","mu",-0.0919861082148868,-0.125549572362673,-0.0573880112798945,1,TRUE,"Negative"
"Beauty","Overall","AI-Generated - Human Forgery","pex",-0.00133670369049881,-0.00391294520008708,0.000197306593933589,0.95453125,FALSE,"n.s."
"Beauty","Overall","AI-Generated - Human Forgery","pmid",0.00702340024870587,0.00210058167943379,0.0125550892019662,0.99734375,TRUE,"Positive"
"Beauty","Overall","AI-Generated - Human Forgery","precleft",-0.31666336595,-0.6214682227925,-0.0331023011687505,0.98484375,TRUE,"Negative"
"Beauty","Overall","AI-Generated - Human Forgery","precright",0.079802404,-0.428533331381251,0.585983953231249,0.6175,FALSE,"n.s."
"Beauty","Overall","AI-Generated - Human Forgery","response",-0.0336577874104954,-0.0446767250791758,-0.0233928815724645,1,TRUE,"Negative"
"Beauty","Overall","AI-Generated - Human Original","bex",0.065631811024707,-0.0339452958679365,0.167360416418593,0.903125,FALSE,"n.s."
"Beauty","Overall","AI-Generated - Human Original","confleft",0.0418429658210897,0.0249472081243697,0.0586661784620783,1,TRUE,"Positive"
"Beauty","Overall","AI-Generated - Human Original","confright",-0.0632648132418903,-0.0743296052288735,-0.0516675274776453,1,TRUE,"Negative"
"Beauty","Overall","AI-Generated - Human Original","mu",-0.158881767275654,-0.192564837260075,-0.123904384600385,1,TRUE,"Negative"
"Beauty","Overall","AI-Generated - Human Original","pex",-0.00240826014281812,-0.00569725342851072,-0.000607158229107754,0.99765625,TRUE,"Negative"
"Beauty","Overall","AI-Generated - Human Original","pmid",0.00455548358488425,-0.000558493843272017,0.00999423765751413,0.95875,FALSE,"n.s."
"Beauty","Overall","AI-Generated - Human Original","precleft",-0.0332238513749998,-0.269335017725,0.219012280681249,0.60578125,FALSE,"n.s."
"Beauty","Overall","AI-Generated - Human Original","precright",0.968053689375,0.610774046962499,1.3996737805625,1,TRUE,"Positive"
"Beauty","Overall","AI-Generated - Human Original","response",-0.0702628484020608,-0.0821398180205531,-0.0590230035891648,1,TRUE,"Negative"
"Beauty","Overall","Human Forgery - Human Original","bex",0.017343171054562,-0.0732931248252234,0.106364573134592,0.6496875,FALSE,"n.s."
"Beauty","Overall","Human Forgery - Human Original","confleft",0.0254922725040837,0.00832505030602869,0.0424184129691536,0.99796875,TRUE,"Positive"
"Beauty","Overall","Human Forgery - Human Original","confright",-0.0425619310610403,-0.0529467067772899,-0.0318086051943114,1,TRUE,"Negative"
"Beauty","Overall","Human Forgery - Human Original","mu",-0.0667340376073842,-0.0945550095597617,-0.0397130066387886,1,TRUE,"Negative"
"Beauty","Overall","Human Forgery - Human Original","pex",-0.00101633302151947,-0.00377754121774075,0.00100216596738428,0.84921875,FALSE,"n.s."
"Beauty","Overall","Human Forgery - Human Original","pmid",-0.00249115394779523,-0.00763834228750611,0.00229047991465294,0.8459375,FALSE,"n.s."
"Beauty","Overall","Human Forgery - Human Original","precleft",0.286298605875,0.0121196105625002,0.58577449949375,0.97859375,TRUE,"Positive"
"Beauty","Overall","Human Forgery - Human Original","precright",0.89651102825,0.47803527375625,1.344195819125,1,TRUE,"Positive"
"Beauty","Overall","Human Forgery - Human Original","response",-0.0364672025277861,-0.0461663589670347,-0.0272925983740043,1,TRUE,"Negative"
"Beauty","Positive - High intensity","AI-Generated - Human Forgery","confleft",0.00890786704040572,-0.0257044726548303,0.0430045328909793,0.6925,FALSE,"n.s."
"Beauty","Positive - High intensity","AI-Generated - Human Forgery","confright",-0.0130148120226984,-0.0321503872943666,0.00606795313646481,0.909375,FALSE,"n.s."
"Beauty","Positive - High intensity","AI-Generated - Human Forgery","mu",-0.0733779310598244,-0.128028656617346,-0.0249974046161254,0.99859375,TRUE,"Negative"
"Beauty","Positive - High intensity","AI-Generated - Human Forgery","precleft",-0.333659044,-0.98731637875,0.297974513,0.85359375,FALSE,"n.s."
"Beauty","Positive - High intensity","AI-Generated - Human Forgery","precright",-0.165109387,-0.811467502499999,0.4769051354,0.6971875,FALSE,"n.s."
"Beauty","Positive - High intensity","AI-Generated - Human Forgery","response",-0.0293158581173372,-0.048323695929877,-0.0119999062282936,0.9996875,TRUE,"Negative"
"Beauty","Positive - High intensity","AI-Generated - Human Original","confleft",0.0367480110252701,0.00286581724678155,0.0682103713841203,0.98234375,TRUE,"Positive"
"Beauty","Positive - High intensity","AI-Generated - Human Original","confright",-0.061567238306223,-0.0816343711967703,-0.0420985486332157,1,TRUE,"Negative"
"Beauty","Positive - High intensity","AI-Generated - Human Original","mu",-0.121757576594315,-0.182993695780737,-0.0701020994135554,1,TRUE,"Negative"
"Beauty","Positive - High intensity","AI-Generated - Human Original","precleft",-0.162875536,-0.70827132425,0.425511915,0.71015625,FALSE,"n.s."
"Beauty","Positive - High intensity","AI-Generated - Human Original","precright",0.783402765,0.3243236285,1.298514943,0.9996875,TRUE,"Positive"
"Beauty","Positive - High intensity","AI-Generated - Human Original","response",-0.0657083471567172,-0.0865707120463148,-0.0480558316121044,1,TRUE,"Negative"
"Beauty","Positive - High intensity","Human Forgery - Human Original","confleft",0.0273352396586202,-0.00667733140319621,0.0608227122523729,0.946875,FALSE,"n.s."
"Beauty","Positive - High intensity","Human Forgery - Human Original","confright",-0.0485856532423588,-0.0667146012535932,-0.0306929982759826,1,TRUE,"Negative"
"Beauty","Positive - High intensity","Human Forgery - Human Original","mu",-0.0471480586311752,-0.0945820794006806,-0.00919337258093952,0.99453125,TRUE,"Negative"
"Beauty","Positive - High intensity","Human Forgery - Human Original","precleft",0.168506503,-0.38974328125,0.799799380425,0.719375,FALSE,"n.s."
"Beauty","Positive - High intensity","Human Forgery - Human Original","precright",0.95084167,0.40320081725,1.53147761675,1,TRUE,"Positive"
"Beauty","Positive - High intensity","Human Forgery - Human Original","response",-0.0362651699724398,-0.0529699172897854,-0.0217023074020803,1,TRUE,"Negative"
"Beauty","Positive - Low intensity","AI-Generated - Human Forgery","confleft",0.0065108719041656,-0.0322533748129265,0.0431377754596519,0.63203125,FALSE,"n.s."
"Beauty","Positive - Low intensity","AI-Generated - Human Forgery","confright",-0.00889633082058741,-0.0278519595721542,0.0104302692576351,0.8253125,FALSE,"n.s."
"Beauty","Positive - Low intensity","AI-Generated - Human Forgery","mu",-0.0393019827492408,-0.0860752132863259,-0.00177070905399835,0.98015625,TRUE,"Negative"
"Beauty","Positive - Low intensity","AI-Generated - Human Forgery","precleft",-0.24139473,-0.7170566115,0.24808446545,0.84171875,FALSE,"n.s."
"Beauty","Positive - Low intensity","AI-Generated - Human Forgery","precright",-0.0662161299999999,-0.63752642125,0.47529534575,0.58765625,FALSE,"n.s."
"Beauty","Positive - Low intensity","AI-Generated - Human Forgery","response",-0.017841473657271,-0.0350222335156149,-0.00307876405487873,0.9909375,TRUE,"Negative"
"Beauty","Positive - Low intensity","AI-Generated - Human Original","confleft",0.0360691391817404,-0.0020294400283941,0.0716369599219532,0.96796875,FALSE,"n.s."
"Beauty","Positive - Low intensity","AI-Generated - Human Original","confright",-0.0641408857454389,-0.0838658310610535,-0.0432189343872202,1,TRUE,"Negative"
"Beauty","Positive - Low intensity","AI-Generated - Human Original","mu",-0.0725618748003749,-0.128783118002919,-0.0343837429812532,1,TRUE,"Negative"
"Beauty","Positive - Low intensity","AI-Generated - Human Original","precleft",-0.2168949,-0.678821076,0.237341844749999,0.8171875,FALSE,"n.s."
"Beauty","Positive - Low intensity","AI-Generated - Human Original","precright",0.708089165,0.30752194575,1.1549921125,0.99984375,TRUE,"Positive"
"Beauty","Positive - Low intensity","AI-Generated - Human Original","response",-0.0537513675910785,-0.0733493790994466,-0.0380802662058004,1,TRUE,"Negative"
"Beauty","Positive - Low intensity","Human Forgery - Human Original","confleft",0.0297478211264846,-0.00742031185445312,0.0659191870181561,0.94203125,FALSE,"n.s."
"Beauty","Positive - Low intensity","Human Forgery - Human Original","confright",-0.054982431849929,-0.0740228264073559,-0.0362943287822536,1,TRUE,"Negative"
"Beauty","Positive - Low intensity","Human Forgery - Human Original","mu",-0.0330537657372337,-0.0751186903081546,-0.00297550384183073,0.9828125,TRUE,"Negative"
"Beauty","Positive - Low intensity","Human Forgery - Human Original","precleft",0.0269541084999998,-0.45683627975,0.517510774249999,0.54140625,FALSE,"n.s."
"Beauty","Positive - Low intensity","Human Forgery - Human Original","precright",0.772519765,0.28645869575,1.295716925,0.999375,TRUE,"Positive"
"Beauty","Positive - Low intensity","Human Forgery - Human Original","response",-0.0359646244747123,-0.0517140887122281,-0.0226342758831216,1,TRUE,"Negative"
"Beauty2","Negative - High intensity","AI-Generated - Human Forgery","confleft",-0.0049560022687318,-0.0344112868003077,0.0225839273553233,0.634875,FALSE,"n.s."
"Beauty2","Negative - High intensity","AI-Generated - Human Forgery","confright",-0.00200987255565319,-0.0306548054097909,0.0266345004630901,0.5555,FALSE,"n.s."
"Beauty2","Negative - High intensity","AI-Generated - Human Forgery","mu",-0.0150072289653293,-0.0722608301792167,0.0389056269879874,0.71125,FALSE,"n.s."
"Beauty2","Negative - High intensity","AI-Generated - Human Forgery","precleft",-0.276491315,-0.69026866975,0.1298104255,0.904,FALSE,"n.s."
"Beauty2","Negative - High intensity","AI-Generated - Human Forgery","precright",0.048627405,-0.7261130159,0.82635747975,0.543375,FALSE,"n.s."
"Beauty2","Negative - High intensity","AI-Generated - Human Forgery","response",-0.00392844109526114,-0.0285789240166341,0.0198467572587205,0.631,FALSE,"n.s."
"Beauty2","Negative - High intensity","AI-Generated - Human Original","confleft",-0.0143844335217281,-0.0416103903409232,0.0119745309942193,0.853,FALSE,"n.s."
"Beauty2","Negative - High intensity","AI-Generated - Human Original","confright",-0.00200418170268732,-0.0304822340571392,0.0270196372496709,0.5515,FALSE,"n.s."
"Beauty2","Negative - High intensity","AI-Generated - Human Original","mu",-0.0172542554325411,-0.0666218897834176,0.0290752341200657,0.772875,FALSE,"n.s."
"Beauty2","Negative - High intensity","AI-Generated - Human Original","precleft",-0.447113315,-0.852100782,-0.0446449076500001,0.984625,TRUE,"Negative"
"Beauty2","Negative - High intensity","AI-Generated - Human Original","precright",0.30535849,-0.35299991975,0.99758941825,0.81475,FALSE,"n.s."
"Beauty2","Negative - High intensity","AI-Generated - Human Original","response",-0.00132647394204133,-0.0238093610342339,0.0203911960253117,0.5505,FALSE,"n.s."
"Beauty2","Negative - High intensity","Human Forgery - Human Original","confleft",-0.0093767686901135,-0.0362353609945593,0.0184341909528446,0.751125,FALSE,"n.s."
"Beauty2","Negative - High intensity","Human Forgery - Human Original","confright",4.07935423998307e-05,-0.0279123146581348,0.0271794697633394,0.5015,FALSE,"n.s."
"Beauty2","Negative - High intensity","Human Forgery - Human Original","mu",-0.00249019673745957,-0.0577927160841957,0.0527227153380481,0.539125,FALSE,"n.s."
"Beauty2","Negative - High intensity","Human Forgery - Human Original","precleft",-0.169565725,-0.5816072175,0.249022579499999,0.793375,FALSE,"n.s."
"Beauty2","Negative - High intensity","Human Forgery - Human Original","precright",0.26455733,-0.37283809475,0.926166766749999,0.785875,FALSE,"n.s."
"Beauty2","Negative - High intensity","Human Forgery - Human Original","response",0.00267193054906734,-0.0221864414049693,0.0263260883981359,0.590125,FALSE,"n.s."
"Beauty2","Negative - Low intensity","AI-Generated - Human Forgery","confleft",-0.00108449712583772,-0.032892147881675,0.0314261335138722,0.526625,FALSE,"n.s."
"Beauty2","Negative - Low intensity","AI-Generated - Human Forgery","confright",-0.00635254855095022,-0.0307245700647082,0.0188987631108903,0.69425,FALSE,"n.s."
"Beauty2","Negative - Low intensity","AI-Generated - Human Forgery","mu",-0.0502209948023452,-0.12001516542484,0.0221037312262756,0.91325,FALSE,"n.s."
"Beauty2","Negative - Low intensity","AI-Generated - Human Forgery","precleft",-0.0423343453,-0.566723061374999,0.471257005075,0.563625,FALSE,"n.s."
"Beauty2","Negative - Low intensity","AI-Generated - Human Forgery","precright",-0.0148416250000003,-1.092407106075,0.956120728399998,0.511625,FALSE,"n.s."
"Beauty2","Negative - Low intensity","AI-Generated - Human Forgery","response",-0.0176826312446679,-0.0437819407406868,0.00803080449175191,0.90925,FALSE,"n.s."
"Beauty2","Negative - Low intensity","AI-Generated - Human Original","confleft",-0.00257551511998227,-0.0326921079396668,0.0280743810268984,0.567375,FALSE,"n.s."
"Beauty2","Negative - Low intensity","AI-Generated - Human Original","confright",0.00199384608966408,-0.0210829874215201,0.0249997575991911,0.569375,FALSE,"n.s."
"Beauty2","Negative - Low intensity","AI-Generated - Human Original","mu",-0.0444084784128579,-0.104683889207452,0.0163411699191421,0.9255,FALSE,"n.s."
"Beauty2","Negative - Low intensity","AI-Generated - Human Original","precleft",-0.23090609,-0.73793080875,0.27708249025,0.825375,FALSE,"n.s."
"Beauty2","Negative - Low intensity","AI-Generated - Human Original","precright",0.263111155,-0.449044066999999,1.0742588034,0.757125,FALSE,"n.s."
"Beauty2","Negative - Low intensity","AI-Generated - Human Original","response",-0.0132539370659502,-0.0356148387501819,0.00869837555816516,0.881875,FALSE,"n.s."
"Beauty2","Negative - Low intensity","Human Forgery - Human Original","confleft",-0.00177482322224909,-0.0329550047276396,0.0302202935818998,0.5445,FALSE,"n.s."
"Beauty2","Negative - Low intensity","Human Forgery - Human Original","confright",0.00840223470969212,-0.0143978840020406,0.0309465647705049,0.760625,FALSE,"n.s."
"Beauty2","Negative - Low intensity","Human Forgery - Human Original","mu",0.0061126799003193,-0.0652261748190894,0.0764915686175107,0.565625,FALSE,"n.s."
"Beauty2","Negative - Low intensity","Human Forgery - Human Original","precleft",-0.1856660705,-0.70258900425,0.3320726677,0.75475,FALSE,"n.s."
"Beauty2","Negative - Low intensity","Human Forgery - Human Original","precright",0.276513061499999,-0.5319644285,1.27330965025,0.734375,FALSE,"n.s."
"Beauty2","Negative - Low intensity","Human Forgery - Human Original","response",0.0045633296680834,-0.0214677306782479,0.0300923521965007,0.63025,FALSE,"n.s."
"Beauty2","Overall","AI-Generated - Human Forgery","bex",0.0137720432549622,-0.0887062072879258,0.117880009778705,0.61125,FALSE,"n.s."
"Beauty2","Overall","AI-Generated - Human Forgery","confleft",0.0059489972306227,-0.013915364283936,0.0260113256668424,0.722375,FALSE,"n.s."
"Beauty2","Overall","AI-Generated - Human Forgery","confright",-0.00134085743141316,-0.0144357450785454,0.0120870151332843,0.581625,FALSE,"n.s."
"Beauty2","Overall","AI-Generated - Human Forgery","mu",-0.0238203107141677,-0.0650876882511056,0.0175571255618775,0.8745,FALSE,"n.s."
"Beauty2","Overall","AI-Generated - Human Forgery","pex",0.001694042628379,-0.000381056144082294,0.00521048700823269,0.946125,FALSE,"n.s."
"Beauty2","Overall","AI-Generated - Human Forgery","pmid",0.00212900309482002,-0.00294452965638601,0.00757633360293191,0.79875,FALSE,"n.s."
"Beauty2","Overall","AI-Generated - Human Forgery","precleft",-0.112990811749999,-0.4640205517375,0.235727037125,0.734125,FALSE,"n.s."
"Beauty2","Overall","AI-Generated - Human Forgery","precright",0.0162249497499996,-0.423578952167437,0.45084351860625,0.526625,FALSE,"n.s."
"Beauty2","Overall","AI-Generated - Human Forgery","response",-0.00769560662572472,-0.0193727801205269,0.00450968482353838,0.89075,FALSE,"n.s."
"Beauty2","Overall","AI-Generated - Human Original","bex",0.00972382996998722,-0.0869632657646288,0.105588113657625,0.586875,FALSE,"n.s."
"Beauty2","Overall","AI-Generated - Human Original","confleft",0.00551249418176414,-0.0129155060794458,0.0243597014564054,0.719,FALSE,"n.s."
"Beauty2","Overall","AI-Generated - Human Original","confright",-0.00614146588615411,-0.0190490489718258,0.00674619851903667,0.82675,FALSE,"n.s."
"Beauty2","Overall","AI-Generated - Human Original","mu",-0.0212077360807839,-0.0562339426072203,0.0140267250544806,0.8865,FALSE,"n.s."
"Beauty2","Overall","AI-Generated - Human Original","pex",3.65745452469992e-05,-0.00274950537779503,0.00290881583000363,0.512,FALSE,"n.s."
"Beauty2","Overall","AI-Generated - Human Original","pmid",0.00226635834654339,-0.002919868702682,0.00768044554267363,0.801125,FALSE,"n.s."
"Beauty2","Overall","AI-Generated - Human Original","precleft",-0.29747448,-0.6208797547875,0.0219278283749997,0.963875,FALSE,"n.s."
"Beauty2","Overall","AI-Generated - Human Original","precright",0.144007232,-0.2137077992,0.5559583763125,0.77975,FALSE,"n.s."
"Beauty2","Overall","AI-Generated - Human Original","response",-0.00982593625916345,-0.0205510132167725,0.00064105400683964,0.96575,FALSE,"n.s."
"Beauty2","Overall","Human Forgery - Human Original","bex",-0.00491234239634118,-0.102005993981345,0.0954370329532807,0.53975,FALSE,"n.s."
"Beauty2","Overall","Human Forgery - Human Original","confleft",-0.000362879129578109,-0.0197512388920271,0.0189024476656343,0.514875,FALSE,"n.s."
"Beauty2","Overall","Human Forgery - Human Original","confright",-0.00491428059891205,-0.0172091672525004,0.00745662963749079,0.7845,FALSE,"n.s."
"Beauty2","Overall","Human Forgery - Human Original","mu",0.00248716095090501,-0.0371798091170236,0.0408067416605816,0.5525,FALSE,"n.s."
"Beauty2","Overall","Human Forgery - Human Original","pex",-0.00165728266786283,-0.00523163698581999,0.000347074845452443,0.946,FALSE,"n.s."
"Beauty2","Overall","Human Forgery - Human Original","pmid",9.26774549524162e-05,-0.00501140102248819,0.00517858124218235,0.514875,FALSE,"n.s."
"Beauty2","Overall","Human Forgery - Human Original","precleft",-0.1858820105,-0.50347883,0.1527680052225,0.86275,FALSE,"n.s."
"Beauty2","Overall","Human Forgery - Human Original","precright",0.132003196,-0.227956606284375,0.531483015937499,0.755,FALSE,"n.s."
"Beauty2","Overall","Human Forgery - Human Original","response",-0.00220310313144201,-0.0141206228499347,0.00933600256686917,0.6495,FALSE,"n.s."
"Beauty2","Positive - High intensity","AI-Generated - Human Forgery","confleft",-0.00329934570574486,-0.0421959962600984,0.0351063301550126,0.56675,FALSE,"n.s."
"Beauty2","Positive - High intensity","AI-Generated - Human Forgery","confright",0.0111679141688536,-0.0117704845078378,0.0340163949425713,0.836,FALSE,"n.s."
"Beauty2","Positive - High intensity","AI-Generated - Human Forgery","mu",-0.0175844858763025,-0.0856554435680659,0.0488758414403307,0.707,FALSE,"n.s."
"Beauty2","Positive - High intensity","AI-Generated - Human Forgery","precleft",0.3339780195,-0.2607650160225,0.9325676359,0.868375,FALSE,"n.s."
"Beauty2","Positive - High intensity","AI-Generated - Human Forgery","precright",-0.2350656565,-0.896526963697498,0.4617171666,0.750625,FALSE,"n.s."
"Beauty2","Positive - High intensity","AI-Generated - Human Forgery","response",-0.00194337097898889,-0.0273902681304958,0.0229933435071993,0.562875,FALSE,"n.s."
"Beauty2","Positive - High intensity","AI-Generated - Human Original","confleft",0.00428536910716565,-0.0316466895521787,0.0406658861843281,0.591375,FALSE,"n.s."
"Beauty2","Positive - High intensity","AI-Generated - Human Original","confright",-0.0181502169582201,-0.0407513245144674,0.00407865133461174,0.944875,FALSE,"n.s."
"Beauty2","Positive - High intensity","AI-Generated - Human Original","mu",-0.054597434081771,-0.115174966979323,-0.000918777269654979,0.977,TRUE,"Negative"
"Beauty2","Positive - High intensity","AI-Generated - Human Original","precleft",-0.2772642735,-0.88446852735,0.333856363749999,0.81025,FALSE,"n.s."
"Beauty2","Positive - High intensity","AI-Generated - Human Original","precright",0.258240855,-0.2908601945,0.8798647225,0.815875,FALSE,"n.s."
"Beauty2","Positive - High intensity","AI-Generated - Human Original","response",-0.026290665206902,-0.0488766209997535,-0.00511595068558749,0.994,TRUE,"Negative"
"Beauty2","Positive - High intensity","Human Forgery - Human Original","confleft",0.00799671195109544,-0.0307348517705775,0.0469495065437043,0.653875,FALSE,"n.s."
"Beauty2","Positive - High intensity","Human Forgery - Human Original","confright",-0.0296052238485513,-0.0511948897121917,-0.00757048432988902,0.99625,TRUE,"Negative"
"Beauty2","Positive - High intensity","Human Forgery - Human Original","mu",-0.0376033236215579,-0.101447516318376,0.0226783058035964,0.894875,FALSE,"n.s."
"Beauty2","Positive - High intensity","Human Forgery - Human Original","precleft",-0.6106010335,-1.21220158445,-0.0102714765000001,0.97725,TRUE,"Negative"
"Beauty2","Positive - High intensity","Human Forgery - Human Original","precright",0.49116993,-0.0685751074999998,1.09495630475,0.95525,FALSE,"n.s."
"Beauty2","Positive - High intensity","Human Forgery - Human Original","response",-0.0242817013180678,-0.0480546214509845,-0.00154269342055159,0.98125,TRUE,"Negative"
"Beauty2","Positive - Low intensity","AI-Generated - Human Forgery","confleft",0.0301781363368635,-0.0196154623640381,0.07981209531049,0.8865,FALSE,"n.s."
"Beauty2","Positive - Low intensity","AI-Generated - Human Forgery","confright",-0.00844831983134925,-0.0324617015211981,0.0159060957866006,0.74775,FALSE,"n.s."
"Beauty2","Positive - Low intensity","AI-Generated - Human Forgery","mu",-0.0023001837744821,-0.0458154012595203,0.0394158736282713,0.544125,FALSE,"n.s."
"Beauty2","Positive - Low intensity","AI-Generated - Human Forgery","precleft",-0.45552549,-1.45775511115,0.5197556467,0.822375,FALSE,"n.s."
"Beauty2","Positive - Low intensity","AI-Generated - Human Forgery","precright",0.269385635,-0.279554636999999,0.819169594325,0.824625,FALSE,"n.s."
"Beauty2","Positive - Low intensity","AI-Generated - Human Forgery","response",-0.00625861827570584,-0.0250050400315587,0.0115013382324585,0.75925,FALSE,"n.s."
"Beauty2","Positive - Low intensity","AI-Generated - Human Original","confleft",0.0315685557419491,-0.0151899061453333,0.0787135032930206,0.90825,FALSE,"n.s."
"Beauty2","Positive - Low intensity","AI-Generated - Human Original","confright",-0.00754802255907741,-0.030196620371788,0.0149941482377368,0.744125,FALSE,"n.s."
"Beauty2","Positive - Low intensity","AI-Generated - Human Original","mu",0.0195510235923695,-0.0171408486665307,0.063036799002965,0.864,FALSE,"n.s."
"Beauty2","Positive - Low intensity","AI-Generated - Human Original","precleft",-0.237881715,-1.02307317325,0.621690953,0.71225,FALSE,"n.s."
"Beauty2","Positive - Low intensity","AI-Generated - Human Original","precright",-0.259143141,-0.7877056815,0.300071017299999,0.82875,FALSE,"n.s."
"Beauty2","Positive - Low intensity","AI-Generated - Human Original","response",0.00154679975120575,-0.0152650450004917,0.019261511325393,0.576375,FALSE,"n.s."
"Beauty2","Positive - Low intensity","Human Forgery - Human Original","confleft",0.00126039320037222,-0.0429045101057059,0.0453276030059299,0.52075,FALSE,"n.s."
"Beauty2","Positive - Low intensity","Human Forgery - Human Original","confright",0.000876349979195751,-0.0218109636836413,0.0226293854200577,0.53175,FALSE,"n.s."
"Beauty2","Positive - Low intensity","Human Forgery - Human Original","mu",0.0213877902109379,-0.0177454903138292,0.069089396989114,0.87175,FALSE,"n.s."
"Beauty2","Positive - Low intensity","Human Forgery - Human Original","precleft",0.217716484,-0.567606867525,1.112410206,0.693875,FALSE,"n.s."
"Beauty2","Positive - Low intensity","Human Forgery - Human Original","precright",-0.518949635,-1.036283115,-0.00685397974999976,0.97675,TRUE,"Negative"
"Beauty2","Positive - Low intensity","Human Forgery - Human Original","response",0.00804698631236817,-0.00933399482844421,0.0270339897456057,0.81625,FALSE,"n.s."
"Entropy","Negative - High intensity","AI-Generated - Human Forgery","mu",0.000117984373117941,-0.00554593237937832,0.00565065907765176,0.5165,FALSE,"n.s."
"Entropy","Negative - High intensity","AI-Generated - Human Forgery","phi",-3.07326051974182,-10.5850574659808,4.12266501053042,0.791375,FALSE,"n.s."
"Entropy","Negative - High intensity","AI-Generated - Human Forgery","response",0.000117984373117941,-0.00554593237937821,0.00565065907765165,0.5165,FALSE,"n.s."
"Entropy","Negative - High intensity","AI-Generated - Human Original","mu",0.00307442985602724,-0.00231888482598852,0.00826549177809053,0.872875,FALSE,"n.s."
"Entropy","Negative - High intensity","AI-Generated - Human Original","phi",-4.68881650450563,-11.407852908955,2.33485057976395,0.908375,FALSE,"n.s."
"Entropy","Negative - High intensity","AI-Generated - Human Original","response",0.00307442985602729,-0.00231888482598852,0.00826549177809043,0.872875,FALSE,"n.s."
"Entropy","Negative - High intensity","Human Forgery - Human Original","mu",0.00290135954534992,-0.0023543892377761,0.00840527042562346,0.86,FALSE,"n.s."
"Entropy","Negative - High intensity","Human Forgery - Human Original","phi",-1.67936337419879,-8.90953606558576,6.39789930286907,0.670125,FALSE,"n.s."
"Entropy","Negative - High intensity","Human Forgery - Human Original","response",0.00290135954534987,-0.0023543892377761,0.00840527042562346,0.86,FALSE,"n.s."
"Entropy","Negative - Low intensity","AI-Generated - Human Forgery","mu",-0.000171726879998002,-0.00590199764543935,0.00556034871086586,0.521625,FALSE,"n.s."
"Entropy","Negative - Low intensity","AI-Generated - Human Forgery","phi",2.90498098841552,-6.03547109745953,11.807179819853,0.742375,FALSE,"n.s."
"Entropy","Negative - Low intensity","AI-Generated - Human Forgery","response",-0.000171726879997947,-0.00590199764543957,0.00556034871086596,0.521625,FALSE,"n.s."
"Entropy","Negative - Low intensity","AI-Generated - Human Original","mu",-0.000653920022820775,-0.00585292221169724,0.0047073225820781,0.5935,FALSE,"n.s."
"Entropy","Negative - Low intensity","AI-Generated - Human Original","phi",6.5524818352028,-0.854927725823212,14.626296129495,0.9585,FALSE,"n.s."
"Entropy","Negative - Low intensity","AI-Generated - Human Original","response",-0.000653920022820775,-0.00585292221169713,0.00470732258207809,0.5935,FALSE,"n.s."
"Entropy","Negative - Low intensity","Human Forgery - Human Original","mu",-0.0004797721980912,-0.00610204101102149,0.00507816679915621,0.563,FALSE,"n.s."
"Entropy","Negative - Low intensity","Human Forgery - Human Original","phi",3.64540911306987,-3.61363081393375,11.5647892778058,0.83175,FALSE,"n.s."
"Entropy","Negative - Low intensity","Human Forgery - Human Original","response",-0.0004797721980912,-0.0061020410110216,0.00507816679915632,0.563,FALSE,"n.s."
"Entropy","Overall","AI-Generated - Human Forgery","mu",-0.00132407660777484,-0.00415758394329679,0.00148839984022383,0.821125,FALSE,"n.s."
"Entropy","Overall","AI-Generated - Human Forgery","phi",-0.376580627534011,-4.27874154167345,3.43944501067326,0.581375,FALSE,"n.s."
"Entropy","Overall","AI-Generated - Human Forgery","response",-0.00131968515137587,-0.00415392930897527,0.00148883485707485,0.820375,FALSE,"n.s."
"Entropy","Overall","AI-Generated - Human Original","mu",0.000676462359239627,-0.00190628271028874,0.0032567425465137,0.692875,FALSE,"n.s."
"Entropy","Overall","AI-Generated - Human Original","phi",-0.800119299191781,-4.33967508307519,2.83464672112821,0.672,FALSE,"n.s."
"Entropy","Overall","AI-Generated - Human Original","response",0.000678456724452769,-0.0019040979400083,0.00325573542210254,0.692875,FALSE,"n.s."
"Entropy","Overall","Human Forgery - Human Original","mu",0.00200836517706776,-0.000794453278959192,0.00469795731033276,0.92025,FALSE,"n.s."
"Entropy","Overall","Human Forgery - Human Original","phi",-0.42847798254833,-4.02712113652514,3.31814435382537,0.591125,FALSE,"n.s."
"Entropy","Overall","Human Forgery - Human Original","response",0.00200873011828751,-0.000799316108146872,0.00469564514601132,0.92025,FALSE,"n.s."
"Entropy","Positive - High intensity","AI-Generated - Human Forgery","mu",-0.00315315364817936,-0.0088823849400628,0.00259648441587313,0.86675,FALSE,"n.s."
"Entropy","Positive - High intensity","AI-Generated - Human Forgery","phi",-1.42880156291278,-8.96564356927422,5.6889371930242,0.653875,FALSE,"n.s."
"Entropy","Positive - High intensity","AI-Generated - Human Forgery","response",-0.00315315364817936,-0.0088823849400629,0.00259648441587302,0.86675,FALSE,"n.s."
"Entropy","Positive - High intensity","AI-Generated - Human Original","mu",-0.000131950806654013,-0.00556824402220545,0.00509876251529968,0.518625,FALSE,"n.s."
"Entropy","Positive - High intensity","AI-Generated - Human Original","phi",-3.8225085560778,-10.7276270535324,2.89433615007726,0.86225,FALSE,"n.s."
"Entropy","Positive - High intensity","AI-Generated - Human Original","response",-0.000131950806654013,-0.00556824402220545,0.00509876251529968,0.518625,FALSE,"n.s."
"Entropy","Positive - High intensity","Human Forgery - Human Original","mu",0.003021951069829,-0.00241203371731114,0.00840104012857912,0.864375,FALSE,"n.s."
"Entropy","Positive - High intensity","Human Forgery - Human Original","phi",-2.33937721493728,-9.49299995407033,5.03220880809172,0.73475,FALSE,"n.s."
"Entropy","Positive - High intensity","Human Forgery - Human Original","response",0.00302195106982905,-0.00241203371731114,0.00840104012857891,0.864375,FALSE,"n.s."
"Entropy","Positive - Low intensity","AI-Generated - Human Forgery","mu",-0.00201059763785516,-0.00740338724401398,0.00331287693947805,0.772,FALSE,"n.s."
"Entropy","Positive - Low intensity","AI-Generated - Human Forgery","phi",0.29588763442927,-7.00557326538538,7.45630364249666,0.53525,FALSE,"n.s."
"Entropy","Positive - Low intensity","AI-Generated - Human Forgery","response",-0.00201059763785527,-0.00740338724401398,0.00331287693947816,0.772,FALSE,"n.s."
"Entropy","Positive - Low intensity","AI-Generated - Human Original","mu",0.000481863914328806,-0.00466480046531117,0.00550770386470268,0.5725,FALSE,"n.s."
"Entropy","Positive - Low intensity","AI-Generated - Human Original","phi",-1.1982185158823,-8.28535127411908,5.9421411704424,0.625375,FALSE,"n.s."
"Entropy","Positive - Low intensity","AI-Generated - Human Original","response",0.000481863914328862,-0.00466480046531128,0.00550770386470247,0.5725,FALSE,"n.s."
"Entropy","Positive - Low intensity","Human Forgery - Human Original","mu",0.00249079137090613,-0.00266904549631322,0.00769407227217114,0.824125,FALSE,"n.s."
"Entropy","Positive - Low intensity","Human Forgery - Human Original","phi",-1.5418282902826,-8.40537346619045,5.67053926598769,0.66175,FALSE,"n.s."
"Entropy","Positive - Low intensity","Human Forgery - Human Original","response",0.00249079137090613,-0.00266904549631322,0.00769407227217113,0.824125,FALSE,"n.s."
"Meaning","Negative - High intensity","AI-Generated - Human Forgery","mu",-0.0695711520509619,-0.0916845303611311,-0.0479352081435466,1,TRUE,"Negative"
"Meaning","Negative - High intensity","AI-Generated - Human Forgery","phi",-0.613336190681456,-1.39038331560931,0.0829643660546904,0.9545,FALSE,"n.s."
"Meaning","Negative - High intensity","AI-Generated - Human Forgery","pzero",0.0290407563174466,0.00932942354491222,0.0656663741466537,0.998666666666667,TRUE,"Positive"
"Meaning","Negative - High intensity","AI-Generated - Human Forgery","response",-0.493317755776542,-0.647893126173438,-0.347071707401242,1,TRUE,"Negative"
"Meaning","Negative - High intensity","AI-Generated - Human Original","mu",-0.111056408466784,-0.133569536495206,-0.0882962796412627,1,TRUE,"Negative"
"Meaning","Negative - High intensity","AI-Generated - Human Original","phi",-0.372584292425036,-1.06501898729718,0.309524745807521,0.8605,FALSE,"n.s."
"Meaning","Negative - High intensity","AI-Generated - Human Original","pzero",0.0403251462923816,0.0178292275498373,0.0825936362125725,1,TRUE,"Positive"
"Meaning","Negative - High intensity","AI-Generated - Human Original","response",-0.775090228696102,-0.941809802314434,-0.623106498969756,1,TRUE,"Negative"
"Meaning","Negative - High intensity","Human Forgery - Human Original","mu",-0.041337042876905,-0.059355265106716,-0.0235359482373574,1,TRUE,"Negative"
"Meaning","Negative - High intensity","Human Forgery - Human Original","phi",0.243184957033229,-0.430200528989173,0.968746483337755,0.755166666666667,FALSE,"n.s."
"Meaning","Negative - High intensity","Human Forgery - Human Original","pzero",0.0106039291383784,-0.000745856927828075,0.0300015967251518,0.966666666666667,FALSE,"n.s."
"Meaning","Negative - High intensity","Human Forgery - Human Original","response",-0.281552426757381,-0.40123839320496,-0.167884103533712,1,TRUE,"Negative"
"Meaning","Negative - Low intensity","AI-Generated - Human Forgery","mu",-0.0482365222672276,-0.0677210965121958,-0.0288909833464501,1,TRUE,"Negative"
"Meaning","Negative - Low intensity","AI-Generated - Human Forgery","phi",-0.265151950927722,-0.900116099538667,0.326464404971247,0.807,FALSE,"n.s."
"Meaning","Negative - Low intensity","AI-Generated - Human Forgery","pzero",0.0519930260171839,0.0225157429482866,0.102021766258983,1,TRUE,"Positive"
"Meaning","Negative - Low intensity","AI-Generated - Human Forgery","response",-0.397355989451411,-0.547139439289847,-0.262554101928754,1,TRUE,"Negative"
"Meaning","Negative - Low intensity","AI-Generated - Human Original","mu",-0.0818872192460306,-0.101036440002437,-0.0634992118873187,1,TRUE,"Negative"
"Meaning","Negative - Low intensity","AI-Generated - Human Original","phi",-0.0738568748583346,-0.601597513319785,0.481655553719102,0.598833333333333,FALSE,"n.s."
"Meaning","Negative - Low intensity","AI-Generated - Human Original","pzero",0.0580788802449674,0.0269953967901083,0.110530997907277,1,TRUE,"Positive"
"Meaning","Negative - Low intensity","AI-Generated - Human Original","response",-0.60600283574387,-0.757534974617176,-0.472644535094302,1,TRUE,"Negative"
"Meaning","Negative - Low intensity","Human Forgery - Human Original","mu",-0.0335130435571733,-0.0511815355181961,-0.0170164494541459,0.999833333333333,TRUE,"Negative"
"Meaning","Negative - Low intensity","Human Forgery - Human Original","phi",0.20200588451474,-0.380898489821927,0.7982489604487,0.7515,FALSE,"n.s."
"Meaning","Negative - Low intensity","Human Forgery - Human Original","pzero",0.00538430455446659,-0.0110111794146634,0.0269206530099091,0.754333333333333,FALSE,"n.s."
"Meaning","Negative - Low intensity","Human Forgery - Human Original","response",-0.207466261835831,-0.31881987897924,-0.102137725841931,1,TRUE,"Negative"
"Meaning","Overall","AI-Generated - Human Forgery","mu",-0.0463869642522966,-0.0581538461166527,-0.0346480233364789,1,TRUE,"Negative"
"Meaning","Overall","AI-Generated - Human Forgery","phi",-0.359644736171974,-0.713512513523384,-0.00185105206680081,0.975666666666667,TRUE,"Negative"
"Meaning","Overall","AI-Generated - Human Forgery","pzero",0.0420875573659336,0.0243906904301379,0.0664482504972392,1,TRUE,"Positive"
"Meaning","Overall","AI-Generated - Human Forgery","response",-0.375722800076213,-0.463817398395118,-0.29362767873104,1,TRUE,"Negative"
"Meaning","Overall","AI-Generated - Human Original","mu",-0.0859659010894454,-0.0984834286205242,-0.0734646232360946,1,TRUE,"Negative"
"Meaning","Overall","AI-Generated - Human Original","phi",-0.080282669538341,-0.39932905793583,0.24342853880483,0.695166666666667,FALSE,"n.s."
"Meaning","Overall","AI-Generated - Human Original","pzero",0.0514572474777211,0.0320435939637092,0.0785730957219881,1,TRUE,"Positive"
"Meaning","Overall","AI-Generated - Human Original","response",-0.630337519625399,-0.723295980784707,-0.54497474059571,1,TRUE,"Negative"
"Meaning","Overall","Human Forgery - Human Original","mu",-0.0395154855283489,-0.0494475045226524,-0.0296930519343428,1,TRUE,"Negative"
"Meaning","Overall","Human Forgery - Human Original","phi",0.278060973555488,-0.039055965151055,0.608419360864501,0.957666666666667,FALSE,"n.s."
"Meaning","Overall","Human Forgery - Human Original","pzero",0.00926663282891601,0.00215285477040329,0.0184869130998831,0.994333333333333,TRUE,"Positive"
"Meaning","Overall","Human Forgery - Human Original","response",-0.25469343899878,-0.316968524057791,-0.192616646320195,1,TRUE,"Negative"
"Meaning","Positive - High intensity","AI-Generated - Human Forgery","mu",-0.0323901486779478,-0.0517987951568444,-0.0136391746400962,0.9995,TRUE,"Negative"
"Meaning","Positive - High intensity","AI-Generated - Human Forgery","phi",0.00440904361298866,-0.632713689124305,0.639773012977267,0.505666666666667,FALSE,"n.s."
"Meaning","Positive - High intensity","AI-Generated - Human Forgery","pzero",0.0428090382259668,0.0161346670446536,0.0911178138082802,1,TRUE,"Positive"
"Meaning","Positive - High intensity","AI-Generated - Human Forgery","response",-0.300605832357412,-0.455297739415788,-0.164601780798997,1,TRUE,"Negative"
"Meaning","Positive - High intensity","AI-Generated - Human Original","mu",-0.0764252898437227,-0.096191416334796,-0.0564769951433457,1,TRUE,"Negative"
"Meaning","Positive - High intensity","AI-Generated - Human Original","phi",-0.0657510399839329,-0.669944218789235,0.571993986914961,0.587666666666667,FALSE,"n.s."
"Meaning","Positive - High intensity","AI-Generated - Human Original","pzero",0.0538636027351988,0.0238707224659445,0.107007447330419,1,TRUE,"Positive"
"Meaning","Positive - High intensity","AI-Generated - Human Original","response",-0.58763636176427,-0.748353895810676,-0.441837716082256,1,TRUE,"Negative"
"Meaning","Positive - High intensity","Human Forgery - Human Original","mu",-0.0437986069214405,-0.0605042400904259,-0.0267512513563578,1,TRUE,"Negative"
"Meaning","Positive - High intensity","Human Forgery - Human Original","phi",-0.0694855333820141,-0.624741400508832,0.511538989661283,0.607166666666667,FALSE,"n.s."
"Meaning","Positive - High intensity","Human Forgery - Human Original","pzero",0.00991247191604062,-0.000304970873468918,0.030263159240108,0.9705,FALSE,"n.s."
"Meaning","Positive - High intensity","Human Forgery - Human Original","response",-0.287056173534475,-0.394886496393487,-0.181420527623377,1,TRUE,"Negative"
"Meaning","Positive - Low intensity","AI-Generated - Human Forgery","mu",-0.0350523290661138,-0.0534479896535098,-0.0169616222610756,1,TRUE,"Negative"
"Meaning","Positive - Low intensity","AI-Generated - Human Forgery","phi",-0.605438074196417,-1.38404400805242,0.154955776705244,0.938833333333333,FALSE,"n.s."
"Meaning","Positive - Low intensity","AI-Generated - Human Forgery","pzero",0.0437772880410099,0.0187256570272198,0.0876732669423836,1,TRUE,"Positive"
"Meaning","Positive - Low intensity","AI-Generated - Human Forgery","response",-0.30723884671253,-0.452311964702502,-0.184965342448631,1,TRUE,"Negative"
"Meaning","Positive - Low intensity","AI-Generated - Human Original","mu",-0.0724509144158406,-0.0907238265037691,-0.0543830441671761,1,TRUE,"Negative"
"Meaning","Positive - Low intensity","AI-Generated - Human Original","phi",0.207883745785387,-0.4523363697999,0.866365753483576,0.729666666666667,FALSE,"n.s."
"Meaning","Positive - Low intensity","AI-Generated - Human Original","pzero",0.0525295627881233,0.0245955163390347,0.10321218046836,1,TRUE,"Positive"
"Meaning","Positive - Low intensity","AI-Generated - Human Original","response",-0.548599569312528,-0.700252847238499,-0.417294721747777,1,TRUE,"Negative"
"Meaning","Positive - Low intensity","Human Forgery - Human Original","mu",-0.037319575706812,-0.0530531154697225,-0.0211141507854643,1,TRUE,"Negative"
"Meaning","Positive - Low intensity","Human Forgery - Human Original","phi",0.804656516349175,0.125219998829098,1.52672620289512,0.9905,TRUE,"Positive"
"Meaning","Positive - Low intensity","Human Forgery - Human Original","pzero",0.00833552936299161,-0.00223620574909302,0.0255924082319051,0.932666666666667,FALSE,"n.s."
"Meaning","Positive - Low intensity","Human Forgery - Human Original","response",-0.24019096064514,-0.338895967939128,-0.141210592592156,1,TRUE,"Negative"
"Reality","Negative - High intensity","AI-Generated - Human Forgery","confleft",0.0127839550627308,-0.00870448153019494,0.0350606556296065,0.88078125,FALSE,"n.s."
"Reality","Negative - High intensity","AI-Generated - Human Forgery","confright",-6.7139073391731e-05,-0.0234313904262537,0.0236920210285947,0.5021875,FALSE,"n.s."
"Reality","Negative - High intensity","AI-Generated - Human Forgery","mu",-0.0646378906763941,-0.114668116516644,-0.0151704195408887,0.993125,TRUE,"Negative"
"Reality","Negative - High intensity","AI-Generated - Human Forgery","precleft",-0.454392988,-1.19423484575,0.215440018125,0.90390625,FALSE,"n.s."
"Reality","Negative - High intensity","AI-Generated - Human Forgery","precright",-0.277758283,-1.065821917325,0.450554093675,0.7775,FALSE,"n.s."
"Reality","Negative - High intensity","AI-Generated - Human Forgery","response",-0.0417844628817579,-0.0724885145254313,-0.0116731053644364,0.9959375,TRUE,"Negative"
"Reality","Negative - High intensity","AI-Generated - Human Original","confleft",0.0108847837424838,-0.0105990046538289,0.033133295010197,0.8453125,FALSE,"n.s."
"Reality","Negative - High intensity","AI-Generated - Human Original","confright",-0.0324761201184869,-0.0540845232682768,-0.00986607723660962,0.998125,TRUE,"Negative"
"Reality","Negative - High intensity","AI-Generated - Human Original","mu",-0.0779219081264133,-0.124450693858019,-0.0307111223534506,0.99953125,TRUE,"Negative"
"Reality","Negative - High intensity","AI-Generated - Human Original","precleft",-0.1533412063,-0.685625876,0.4064980615,0.7065625,FALSE,"n.s."
"Reality","Negative - High intensity","AI-Generated - Human Original","precright",0.0672746959999997,-0.507271819572499,0.685588380625,0.58453125,FALSE,"n.s."
"Reality","Negative - High intensity","AI-Generated - Human Original","response",-0.056786687591747,-0.0857186254560914,-0.0274365005406556,1,TRUE,"Negative"
"Reality","Negative - High intensity","Human Forgery - Human Original","confleft",-0.00180565607123645,-0.0222509395883639,0.018941643817255,0.56875,FALSE,"n.s."
"Reality","Negative - High intensity","Human Forgery - Human Original","confright",-0.0324850593985377,-0.0542643819717018,-0.010153586078907,0.99765625,TRUE,"Negative"
"Reality","Negative - High intensity","Human Forgery - Human Original","mu",-0.0131972096990504,-0.0598782667362906,0.0352398451963116,0.7128125,FALSE,"n.s."
"Reality","Negative - High intensity","Human Forgery - Human Original","precleft",0.301009135,-0.291247938249999,0.990774073715,0.8321875,FALSE,"n.s."
"Reality","Negative - High intensity","Human Forgery - Human Original","precright",0.3386931244,-0.283556580414999,1.04660961325,0.85515625,FALSE,"n.s."
"Reality","Negative - High intensity","Human Forgery - Human Original","response",-0.0149458681680437,-0.0436164790217337,0.0146361206965469,0.8421875,FALSE,"n.s."
"Reality","Negative - Low intensity","AI-Generated - Human Forgery","confleft",0.020190113632272,-0.00886826793569025,0.0484208847667179,0.92,FALSE,"n.s."
"Reality","Negative - Low intensity","AI-Generated - Human Forgery","confright",-0.0106548274874325,-0.0318426869094221,0.0106841052782561,0.84296875,FALSE,"n.s."
"Reality","Negative - Low intensity","AI-Generated - Human Forgery","mu",-0.0549287236238959,-0.0986488923176152,-0.00945244631034689,0.99234375,TRUE,"Negative"
"Reality","Negative - Low intensity","AI-Generated - Human Forgery","precleft",-0.346340238,-1.128614524,0.418973909852501,0.81953125,FALSE,"n.s."
"Reality","Negative - Low intensity","AI-Generated - Human Forgery","precright",-0.3285102457,-0.987313060375001,0.371538261325,0.83578125,FALSE,"n.s."
"Reality","Negative - Low intensity","AI-Generated - Human Forgery","response",-0.0389426565716308,-0.0662816167976898,-0.0114202398249358,0.99734375,TRUE,"Negative"
"Reality","Negative - Low intensity","AI-Generated - Human Original","confleft",0.0229355503210451,-0.00509112864540503,0.0493268919784017,0.95390625,FALSE,"n.s."
"Reality","Negative - Low intensity","AI-Generated - Human Original","confright",-0.0216174570520314,-0.039881478718686,-0.00235992277140551,0.98515625,TRUE,"Negative"
"Reality","Negative - Low intensity","AI-Generated - Human Original","mu",-0.0581546473690886,-0.100136810521624,-0.0158853308341207,0.99546875,TRUE,"Negative"
"Reality","Negative - Low intensity","AI-Generated - Human Original","precleft",-0.1669302555,-0.76934252875,0.479558459633999,0.7065625,FALSE,"n.s."
"Reality","Negative - Low intensity","AI-Generated - Human Original","precright",-0.30112514,-0.863299165749999,0.3482113655,0.825625,FALSE,"n.s."
"Reality","Negative - Low intensity","AI-Generated - Human Original","response",-0.0447984371762101,-0.0706866326171811,-0.0186372601504933,0.99921875,TRUE,"Negative"
"Reality","Negative - Low intensity","Human Forgery - Human Original","confleft",0.00240142598003529,-0.0229798032872019,0.0283012191462694,0.57484375,FALSE,"n.s."
"Reality","Negative - Low intensity","Human Forgery - Human Original","confright",-0.0108170319428021,-0.030217112633858,0.00896883065171377,0.86703125,FALSE,"n.s."
"Reality","Negative - Low intensity","Human Forgery - Human Original","mu",-0.00323728404323509,-0.0462476552561137,0.0384244271303604,0.55671875,FALSE,"n.s."
"Reality","Negative - Low intensity","Human Forgery - Human Original","precleft",0.18431251455,-0.4939521255,0.922067762749999,0.70109375,FALSE,"n.s."
"Reality","Negative - Low intensity","Human Forgery - Human Original","precright",0.0334368999999999,-0.4917351499,0.610727681,0.5484375,FALSE,"n.s."
"Reality","Negative - Low intensity","Human Forgery - Human Original","response",-0.00570227303223109,-0.0321017479154014,0.0203171732341721,0.66515625,FALSE,"n.s."
"Reality","Overall","AI-Generated - Human Forgery","bex",-0.0455015692900938,-0.114330271312381,0.0233978161811883,0.90640625,FALSE,"n.s."
"Reality","Overall","AI-Generated - Human Forgery","confleft",0.00448849260042977,-0.00889662144781195,0.0177404461567209,0.74171875,FALSE,"n.s."
"Reality","Overall","AI-Generated - Human Forgery","confright",-0.0156111135454122,-0.0268165515480618,-0.00437472761070493,0.9965625,TRUE,"Negative"
"Reality","Overall","AI-Generated - Human Forgery","mu",-0.0597031257778323,-0.0848378043868693,-0.0352770212926266,1,TRUE,"Negative"
"Reality","Overall","AI-Generated - Human Forgery","pex",0.00106344922649269,-3.04150451133192e-05,0.00328492827887508,0.97046875,FALSE,"n.s."
"Reality","Overall","AI-Generated - Human Forgery","pmid",0.0004894723898647,-0.000379576167937767,0.00154359332439557,0.8771875,FALSE,"n.s."
"Reality","Overall","AI-Generated - Human Forgery","precleft",-0.337349908125001,-0.800167858407375,0.0811853045937491,0.94203125,FALSE,"n.s."
"Reality","Overall","AI-Generated - Human Forgery","precright",-0.260406725250001,-0.621566793062499,0.0889276527124997,0.934375,FALSE,"n.s."
"Reality","Overall","AI-Generated - Human Forgery","response",-0.040001873778741,-0.054866015515457,-0.0250408628349385,1,TRUE,"Negative"
"Reality","Overall","AI-Generated - Human Original","bex",-0.0414354134763295,-0.107344254182208,0.0286128440667214,0.8765625,FALSE,"n.s."
"Reality","Overall","AI-Generated - Human Original","confleft",0.00883146793295198,-0.00430734296219545,0.0215321684970212,0.9121875,FALSE,"n.s."
"Reality","Overall","AI-Generated - Human Original","confright",-0.0247132893349249,-0.0347684326802804,-0.0148409405055705,1,TRUE,"Negative"
"Reality","Overall","AI-Generated - Human Original","mu",-0.0797334269887841,-0.103014836002152,-0.0569617945219461,1,TRUE,"Negative"
"Reality","Overall","AI-Generated - Human Original","pex",0.00141886809306719,0.000267653440604393,0.0038089698940174,0.99578125,TRUE,"Positive"
"Reality","Overall","AI-Generated - Human Original","pmid",-0.000135007167633973,-0.00119484385270424,0.000825105861032664,0.61640625,FALSE,"n.s."
"Reality","Overall","AI-Generated - Human Original","precleft",-0.0832553601250003,-0.408440576831251,0.269790486774999,0.69,FALSE,"n.s."
"Reality","Overall","AI-Generated - Human Original","precright",-0.15091759,-0.435702869025,0.150161284912499,0.83578125,FALSE,"n.s."
"Reality","Overall","AI-Generated - Human Original","response",-0.0544248529472672,-0.0683707815816489,-0.0408113513432796,1,TRUE,"Negative"
"Reality","Overall","Human Forgery - Human Original","bex",0.00462674175980698,-0.0660384113502225,0.0751827129726156,0.551875,FALSE,"n.s."
"Reality","Overall","Human Forgery - Human Original","confleft",0.00431299956659553,-0.00835383653445169,0.0167810546732874,0.7546875,FALSE,"n.s."
"Reality","Overall","Human Forgery - Human Original","confright",-0.00902379061388831,-0.0197412886118678,0.00128902097457647,0.95796875,FALSE,"n.s."
"Reality","Overall","Human Forgery - Human Original","mu",-0.0202126769189266,-0.0423747910131188,0.0033217980438196,0.95546875,FALSE,"n.s."
"Reality","Overall","Human Forgery - Human Original","pex",0.000310828295430685,-0.000746848146429385,0.00177854766197897,0.75234375,FALSE,"n.s."
"Reality","Overall","Human Forgery - Human Original","pmid",-0.000631006199593249,-0.00178370630074415,0.00026094577156201,0.92625,FALSE,"n.s."
"Reality","Overall","Human Forgery - Human Original","precleft",0.247363110375001,-0.110916173900001,0.685355190356251,0.90765625,FALSE,"n.s."
"Reality","Overall","Human Forgery - Human Original","precright",0.109356925,-0.1837534370625,0.430134924675,0.76578125,FALSE,"n.s."
"Reality","Overall","Human Forgery - Human Original","response",-0.0144860788084278,-0.0282290462277153,-0.000339627398768422,0.9771875,TRUE,"Negative"
"Reality","Positive - High intensity","AI-Generated - Human Forgery","confleft",-0.00369935745642397,-0.0291906842558154,0.0220541065738168,0.6159375,FALSE,"n.s."
"Reality","Positive - High intensity","AI-Generated - Human Forgery","confright",-0.0206962502674266,-0.0424720859392548,0.000857180295295449,0.970625,FALSE,"n.s."
"Reality","Positive - High intensity","AI-Generated - Human Forgery","mu",-0.0612275529343849,-0.10929477117772,-0.0124700968102825,0.993125,TRUE,"Negative"
"Reality","Positive - High intensity","AI-Generated - Human Forgery","precleft",-0.3029774645,-1.12848086735,0.575523652199999,0.77453125,FALSE,"n.s."
"Reality","Positive - High intensity","AI-Generated - Human Forgery","precright",-0.3892742585,-0.945394886025,0.171179804799999,0.914375,FALSE,"n.s."
"Reality","Positive - High intensity","AI-Generated - Human Forgery","response",-0.0418538116727113,-0.071201102648554,-0.0116278252490042,0.9959375,TRUE,"Negative"
"Reality","Positive - High intensity","AI-Generated - Human Original","confleft",0.0111264223146982,-0.0133949388598881,0.0359883897849624,0.8084375,FALSE,"n.s."
"Reality","Positive - High intensity","AI-Generated - Human Original","confright",-0.0206553979603742,-0.0405218001605527,-0.00134961338181852,0.981875,TRUE,"Negative"
"Reality","Positive - High intensity","AI-Generated - Human Original","mu",-0.104158406828817,-0.150610937908212,-0.0595434644097304,1,TRUE,"Negative"
"Reality","Positive - High intensity","AI-Generated - Human Original","precleft",0.0484659049999996,-0.602878507025,0.841300459799999,0.55765625,FALSE,"n.s."
"Reality","Positive - High intensity","AI-Generated - Human Original","precright",-0.251411034,-0.743723574825,0.262620718724999,0.83234375,FALSE,"n.s."
"Reality","Positive - High intensity","AI-Generated - Human Original","response",-0.0703551216862191,-0.0984540082838186,-0.0432301706053969,1,TRUE,"Negative"
"Reality","Positive - High intensity","Human Forgery - Human Original","confleft",0.0147485239107487,-0.00948052436098104,0.0391141224197501,0.8809375,FALSE,"n.s."
"Reality","Positive - High intensity","Human Forgery - Human Original","confright",-0.000149778214192708,-0.0199621104133919,0.0202674277896101,0.505625,FALSE,"n.s."
"Reality","Positive - High intensity","Human Forgery - Human Original","mu",-0.0431648095733572,-0.0872913320273944,0.0004486832106209,0.973125,FALSE,"n.s."
"Reality","Positive - High intensity","Human Forgery - Human Original","precleft",0.3550457465,-0.260371532525,1.0712130525,0.86234375,FALSE,"n.s."
"Reality","Positive - High intensity","Human Forgery - Human Original","precright",0.1388901535,-0.336756793399999,0.629944082924999,0.71640625,FALSE,"n.s."
"Reality","Positive - High intensity","Human Forgery - Human Original","response",-0.0285404893276551,-0.0566788816874932,-0.00111828588816775,0.97859375,TRUE,"Negative"
"Reality","Positive - Low intensity","AI-Generated - Human Forgery","confleft",-0.0119838815537503,-0.038383109416501,0.0156251951697182,0.80921875,FALSE,"n.s."
"Reality","Positive - Low intensity","AI-Generated - Human Forgery","confright",-0.0308312410448978,-0.0508770866656204,-0.0103211448573707,0.99859375,TRUE,"Negative"
"Reality","Positive - Low intensity","AI-Generated - Human Forgery","mu",-0.0512086847458329,-0.0968414345425148,-0.00547258345738079,0.9871875,TRUE,"Negative"
"Reality","Positive - Low intensity","AI-Generated - Human Forgery","precleft",-0.236508953,-0.8465132235,0.320572433225,0.79875,FALSE,"n.s."
"Reality","Positive - Low intensity","AI-Generated - Human Forgery","precright",-0.052294743,-0.51697345675,0.404824093475,0.5875,FALSE,"n.s."
"Reality","Positive - Low intensity","AI-Generated - Human Forgery","response",-0.0373095307074556,-0.0647159830908154,-0.0093069893888812,0.9946875,TRUE,"Negative"
"Reality","Positive - Low intensity","AI-Generated - Human Original","confleft",-0.00983071082720516,-0.0362066344530881,0.0158830798644653,0.7675,FALSE,"n.s."
"Reality","Positive - Low intensity","AI-Generated - Human Original","confright",-0.023895555267683,-0.0419797797556829,-0.00573103426627762,0.9953125,TRUE,"Negative"
"Reality","Positive - Low intensity","AI-Generated - Human Original","mu",-0.0690711046350528,-0.113460534039359,-0.0250626008452043,0.9990625,TRUE,"Negative"
"Reality","Positive - Low intensity","AI-Generated - Human Original","precleft",-0.0826484710000002,-0.5954693375,0.4063642415,0.63265625,FALSE,"n.s."
"Reality","Positive - Low intensity","AI-Generated - Human Original","precright",-0.13274858,-0.54638050425,0.297040937499999,0.73140625,FALSE,"n.s."
"Reality","Positive - Low intensity","AI-Generated - Human Original","response",-0.0458334392580889,-0.0719525722851222,-0.0187231939984989,0.99984375,TRUE,"Negative"
"Reality","Positive - Low intensity","Human Forgery - Human Original","confleft",0.0021535927222725,-0.0246814384912325,0.0274137323225034,0.5665625,FALSE,"n.s."
"Reality","Positive - Low intensity","Human Forgery - Human Original","confright",0.00673140515104265,-0.0124105655542615,0.0259027929282001,0.76203125,FALSE,"n.s."
"Reality","Positive - Low intensity","Human Forgery - Human Original","mu",-0.0178061692508072,-0.059427080548421,0.0244906758920277,0.80046875,FALSE,"n.s."
"Reality","Positive - Low intensity","Human Forgery - Human Original","precleft",0.15498408,-0.395089317,0.729465385,0.71453125,FALSE,"n.s."
"Reality","Positive - Low intensity","Human Forgery - Human Original","precright",-0.0848746710000001,-0.505348617,0.355856338,0.6546875,FALSE,"n.s."
"Reality","Positive - Low intensity","Human Forgery - Human Original","response",-0.00851525440532358,-0.0343071431785418,0.0179285034687325,0.74265625,FALSE,"n.s."
"SelfRelevance","Negative - High intensity","AI-Generated - Human Forgery","mu",-0.0039726568394037,-0.0394479762540551,0.0278612898804695,0.582,FALSE,"n.s."
"SelfRelevance","Negative - High intensity","AI-Generated - Human Forgery","response - 0",0.00642189169081758,-0.0231491936508094,0.0373146295646015,0.638,FALSE,"n.s."
"SelfRelevance","Negative - High intensity","AI-Generated - Human Forgery","response - 1",-0.00122314476606729,-0.00897971775962018,0.00694071632737085,0.642,FALSE,"n.s."
"SelfRelevance","Negative - High intensity","AI-Generated - Human Forgery","response - 2",-0.00129218864772582,-0.00823061144915273,0.00563080480148092,0.646,FALSE,"n.s."
"SelfRelevance","Negative - High intensity","AI-Generated - Human Forgery","response - 3",-0.00104501296282255,-0.00881645639381024,0.00610329418134348,0.594,FALSE,"n.s."
"SelfRelevance","Negative - High intensity","AI-Generated - Human Forgery","response - 4",-0.000906589123141732,-0.0109658506321849,0.00809775609318555,0.564,FALSE,"n.s."
"SelfRelevance","Negative - High intensity","AI-Generated - Human Forgery","response - 5",-0.000684554139894086,-0.0102767465547006,0.00666195034396134,0.572,FALSE,"n.s."
"SelfRelevance","Negative - High intensity","AI-Generated - Human Forgery","response - 6",-0.000181363942907149,-0.00231730669798367,0.00151951795361487,0.6,FALSE,"n.s."
"SelfRelevance","Negative - High intensity","AI-Generated - Human Original","mu",-0.00871845917686542,-0.03890791707823,0.0216002303086699,0.712,FALSE,"n.s."
"SelfRelevance","Negative - High intensity","AI-Generated - Human Original","response - 0",0.0089763830203389,-0.0163384865785589,0.0337378888924469,0.758,FALSE,"n.s."
"SelfRelevance","Negative - High intensity","AI-Generated - Human Original","response - 1",-0.000861378457152798,-0.00716125705281139,0.00408464289009487,0.648,FALSE,"n.s."
"SelfRelevance","Negative - High intensity","AI-Generated - Human Original","response - 2",-0.00196488037609181,-0.00750923182857918,0.00290262838710849,0.784,FALSE,"n.s."
"SelfRelevance","Negative - High intensity","AI-Generated - Human Original","response - 3",-0.00192481872875801,-0.00822264444039729,0.00448930019766907,0.738,FALSE,"n.s."
"SelfRelevance","Negative - High intensity","AI-Generated - Human Original","response - 4",-0.00209587043196525,-0.00944258211062197,0.00629777161596317,0.708,FALSE,"n.s."
"SelfRelevance","Negative - High intensity","AI-Generated - Human Original","response - 5",-0.00148214902688234,-0.00708633137391133,0.00477546360996574,0.71,FALSE,"n.s."
"SelfRelevance","Negative - High intensity","AI-Generated - Human Original","response - 6",-0.000369049038416579,-0.00173011905818217,0.00106232166159024,0.71,FALSE,"n.s."
"SelfRelevance","Negative - High intensity","Human Forgery - Human Original","mu",-0.00339532385156817,-0.0331699899035035,0.0217118329878867,0.606,FALSE,"n.s."
"SelfRelevance","Negative - High intensity","Human Forgery - Human Original","response - 0",0.00284051351467829,-0.0203636280721099,0.026394519623658,0.602,FALSE,"n.s."
"SelfRelevance","Negative - High intensity","Human Forgery - Human Original","response - 1",0.000158296043744108,-0.00566197518244969,0.00580504540230746,0.534,FALSE,"n.s."
"SelfRelevance","Negative - High intensity","Human Forgery - Human Original","response - 2",-0.000568644771118836,-0.00609312537208172,0.00451052855642746,0.584,FALSE,"n.s."
"SelfRelevance","Negative - High intensity","Human Forgery - Human Original","response - 3",-0.000965751521421851,-0.0074224590520072,0.00521349536277591,0.62,FALSE,"n.s."
"SelfRelevance","Negative - High intensity","Human Forgery - Human Original","response - 4",-0.000827511979808584,-0.00871356492565846,0.00716025186890369,0.612,FALSE,"n.s."
"SelfRelevance","Negative - High intensity","Human Forgery - Human Original","response - 5",-0.000559843166361654,-0.00607543031555229,0.00632580735739251,0.58,FALSE,"n.s."
"SelfRelevance","Negative - High intensity","Human Forgery - Human Original","response - 6",-8.42278001384989e-05,-0.00128834292263945,0.00149887524768262,0.568,FALSE,"n.s."
"SelfRelevance","Negative - Low intensity","AI-Generated - Human Forgery","mu",-0.0229807013036247,-0.0548067213631529,0.0186832616523966,0.884,FALSE,"n.s."
"SelfRelevance","Negative - Low intensity","AI-Generated - Human Forgery","response - 0",0.0218993969229207,-0.00505460388306867,0.0461033336353411,0.944,FALSE,"n.s."
"SelfRelevance","Negative - Low intensity","AI-Generated - Human Forgery","response - 1",-0.0013270246024996,-0.0112445869641332,0.00685329172350794,0.624,FALSE,"n.s."
"SelfRelevance","Negative - Low intensity","AI-Generated - Human Forgery","response - 2",-0.00474297934873089,-0.012308316584969,0.00287441115249982,0.9,FALSE,"n.s."
"SelfRelevance","Negative - Low intensity","AI-Generated - Human Forgery","response - 3",-0.00616458505790531,-0.0137784535033533,0.00233368281985851,0.92,FALSE,"n.s."
"SelfRelevance","Negative - Low intensity","AI-Generated - Human Forgery","response - 4",-0.00594906127838148,-0.0149738503121362,0.00389879547971765,0.84,FALSE,"n.s."
"SelfRelevance","Negative - Low intensity","AI-Generated - Human Forgery","response - 5",-0.00279474475572962,-0.00968712265708961,0.00430155542588879,0.754,FALSE,"n.s."
"SelfRelevance","Negative - Low intensity","AI-Generated - Human Forgery","response - 6",-0.000610838002639301,-0.00228390428080465,0.00108065064655374,0.742,FALSE,"n.s."
"SelfRelevance","Negative - Low intensity","AI-Generated - Human Original","mu",-0.0235778321660619,-0.0521422584316024,0.00762056238746554,0.92,FALSE,"n.s."
"SelfRelevance","Negative - Low intensity","AI-Generated - Human Original","response - 0",0.0228854640619588,0.000704115686134512,0.0467963898148539,0.976,TRUE,"Positive"
"SelfRelevance","Negative - Low intensity","AI-Generated - Human Original","response - 1",-0.0020263996837243,-0.0110056713092995,0.00538589961563915,0.692,FALSE,"n.s."
"SelfRelevance","Negative - Low intensity","AI-Generated - Human Original","response - 2",-0.00569132376844013,-0.0133530078061357,-0.000352148664350399,0.984,TRUE,"Negative"
"SelfRelevance","Negative - Low intensity","AI-Generated - Human Original","response - 3",-0.00676062638560741,-0.0136097918729869,-0.000387580807779786,0.98,TRUE,"Negative"
"SelfRelevance","Negative - Low intensity","AI-Generated - Human Original","response - 4",-0.00532428012771027,-0.0138282053973193,0.00359861579019887,0.872,FALSE,"n.s."
"SelfRelevance","Negative - Low intensity","AI-Generated - Human Original","response - 5",-0.00238653136313302,-0.00788889127983739,0.0046421082331305,0.784,FALSE,"n.s."
"SelfRelevance","Negative - Low intensity","AI-Generated - Human Original","response - 6",-0.000642661773363286,-0.00209922497085887,0.00113252078354211,0.776,FALSE,"n.s."
"SelfRelevance","Negative - Low intensity","Human Forgery - Human Original","mu",-0.00222320969918147,-0.0272155530947841,0.03050355693046,0.55,FALSE,"n.s."
"SelfRelevance","Negative - Low intensity","Human Forgery - Human Original","response - 0",0.000433648872715381,-0.0201787157017319,0.0244666901250165,0.516,FALSE,"n.s."
"SelfRelevance","Negative - Low intensity","Human Forgery - Human Original","response - 1",-0.000491433049576287,-0.00678030179478361,0.00488910667507856,0.572,FALSE,"n.s."
"SelfRelevance","Negative - Low intensity","Human Forgery - Human Original","response - 2",-0.000925130593143253,-0.0064268588977465,0.00402517973896197,0.662,FALSE,"n.s."
"SelfRelevance","Negative - Low intensity","Human Forgery - Human Original","response - 3",-0.000320026828007344,-0.00777059660878437,0.0060629873337218,0.546,FALSE,"n.s."
"SelfRelevance","Negative - Low intensity","Human Forgery - Human Original","response - 4",0.000419803820374973,-0.00920509680410665,0.00930552511007886,0.536,FALSE,"n.s."
"SelfRelevance","Negative - Low intensity","Human Forgery - Human Original","response - 5",0.000287785021855756,-0.0051049201369807,0.00794366531911535,0.542,FALSE,"n.s."
"SelfRelevance","Negative - Low intensity","Human Forgery - Human Original","response - 6",-4.42179632697175e-05,-0.00137895705042375,0.00169015501301573,0.53,FALSE,"n.s."
"SelfRelevance","Overall","AI-Generated - Human Forgery","mu",-0.00485126374419098,-0.0210935680582341,0.0123627493210119,0.688,FALSE,"n.s."
"SelfRelevance","Overall","AI-Generated - Human Forgery","response - 0",0.00583831522761816,-0.00702462683688534,0.0185422867514124,0.798,FALSE,"n.s."
"SelfRelevance","Overall","AI-Generated - Human Forgery","response - 1",-0.00116010692978763,-0.00568712082022938,0.002769145764196,0.726,FALSE,"n.s."
"SelfRelevance","Overall","AI-Generated - Human Forgery","response - 2",-0.00200704029455052,-0.00565392671275508,0.00135589765454225,0.88,FALSE,"n.s."
"SelfRelevance","Overall","AI-Generated - Human Forgery","response - 3",-0.00164279129223674,-0.00539848930066814,0.00214671165711405,0.808,FALSE,"n.s."
"SelfRelevance","Overall","AI-Generated - Human Forgery","response - 4",-0.000637465241435223,-0.00614773826579235,0.00437999109621639,0.604,FALSE,"n.s."
"SelfRelevance","Overall","AI-Generated - Human Forgery","response - 5",8.47160500587474e-05,-0.00391191575191858,0.00426495895370423,0.52,FALSE,"n.s."
"SelfRelevance","Overall","AI-Generated - Human Forgery","response - 6",5.401949958804e-05,-0.00108873527341886,0.00108085405902426,0.546,FALSE,"n.s."
"SelfRelevance","Overall","AI-Generated - Human Original","mu",-0.00943550415352049,-0.0284851313291335,0.00536394839567686,0.892,FALSE,"n.s."
"SelfRelevance","Overall","AI-Generated - Human Original","response - 0",0.0103888402654218,-0.00145418535475864,0.021762215685226,0.95,FALSE,"n.s."
"SelfRelevance","Overall","AI-Generated - Human Original","response - 1",-0.000454967437096152,-0.00420980842349396,0.00298217073804908,0.62,FALSE,"n.s."
"SelfRelevance","Overall","AI-Generated - Human Original","response - 2",-0.00241861082936283,-0.00565254776922478,0.000340125400270039,0.946,FALSE,"n.s."
"SelfRelevance","Overall","AI-Generated - Human Original","response - 3",-0.00294556949094237,-0.00645870735743812,0.00062975808178508,0.938,FALSE,"n.s."
"SelfRelevance","Overall","AI-Generated - Human Original","response - 4",-0.00267007802418904,-0.00735228285090809,0.00200908943147918,0.86,FALSE,"n.s."
"SelfRelevance","Overall","AI-Generated - Human Original","response - 5",-0.00130461890082048,-0.00475076946129603,0.00227299673982592,0.768,FALSE,"n.s."
"SelfRelevance","Overall","AI-Generated - Human Original","response - 6",-0.000319683414856601,-0.00133555095524274,0.000581790001933829,0.76,FALSE,"n.s."
"SelfRelevance","Overall","Human Forgery - Human Original","mu",-0.00519396104303188,-0.0218065974754077,0.00924376057601927,0.724,FALSE,"n.s."
"SelfRelevance","Overall","Human Forgery - Human Original","response - 0",0.00448814233301362,-0.00665101370771857,0.0154200809740248,0.778,FALSE,"n.s."
"SelfRelevance","Overall","Human Forgery - Human Original","response - 1",0.000680427211117898,-0.0023531491627489,0.00419058116320226,0.674,FALSE,"n.s."
"SelfRelevance","Overall","Human Forgery - Human Original","response - 2",-0.000422520503981547,-0.00293260558618127,0.00248250219849374,0.632,FALSE,"n.s."
"SelfRelevance","Overall","Human Forgery - Human Original","response - 3",-0.00122714033470747,-0.00460332076353704,0.00180193735212186,0.756,FALSE,"n.s."
"SelfRelevance","Overall","Human Forgery - Human Original","response - 4",-0.00188224437246474,-0.0068654750757654,0.00281891480661612,0.782,FALSE,"n.s."
"SelfRelevance","Overall","Human Forgery - Human Original","response - 5",-0.00135046373747682,-0.004956500872742,0.00234810914442458,0.768,FALSE,"n.s."
"SelfRelevance","Overall","Human Forgery - Human Original","response - 6",-0.00034727800753284,-0.00138293040012793,0.00047367046247448,0.792,FALSE,"n.s."
"SelfRelevance","Positive - High intensity","AI-Generated - Human Forgery","mu",0.00578132375044149,-0.0283706048990112,0.0452813972012521,0.612,FALSE,"n.s."
"SelfRelevance","Positive - High intensity","AI-Generated - Human Forgery","response - 0",-0.000640264007953695,-0.0274702287273089,0.0236980676332707,0.522,FALSE,"n.s."
"SelfRelevance","Positive - High intensity","AI-Generated - Human Forgery","response - 1",-0.00160491542509221,-0.00994788137051686,0.00624421592863789,0.632,FALSE,"n.s."
"SelfRelevance","Positive - High intensity","AI-Generated - Human Forgery","response - 2",-0.00149256535881913,-0.00825774683030589,0.00527313281910468,0.696,FALSE,"n.s."
"SelfRelevance","Positive - High intensity","AI-Generated - Human Forgery","response - 3",-0.000427739713701962,-0.00774929239890326,0.00806280215400056,0.534,FALSE,"n.s."
"SelfRelevance","Positive - High intensity","AI-Generated - Human Forgery","response - 4",0.00155477021914258,-0.0102275491414753,0.0136548291013297,0.62,FALSE,"n.s."
"SelfRelevance","Positive - High intensity","AI-Generated - Human Forgery","response - 5",0.00190621863324804,-0.00747449204350875,0.0108767397056239,0.664,FALSE,"n.s."
"SelfRelevance","Positive - High intensity","AI-Generated - Human Forgery","response - 6",0.000708702278680575,-0.00178568001546955,0.00321826592940908,0.726,FALSE,"n.s."
"SelfRelevance","Positive - High intensity","AI-Generated - Human Original","mu",-0.0132527272293358,-0.0449036267624734,0.0184290455160942,0.814,FALSE,"n.s."
"SelfRelevance","Positive - High intensity","AI-Generated - Human Original","response - 0",0.00845857566959199,-0.0122294336863465,0.0305810408597069,0.802,FALSE,"n.s."
"SelfRelevance","Positive - High intensity","AI-Generated - Human Original","response - 1",0.0018437287407298,-0.00409754452185414,0.00775048666407615,0.73,FALSE,"n.s."
"SelfRelevance","Positive - High intensity","AI-Generated - Human Original","response - 2",-0.00101095643749574,-0.0056382034524318,0.00363689151319282,0.708,FALSE,"n.s."
"SelfRelevance","Positive - High intensity","AI-Generated - Human Original","response - 3",-0.00261564120529964,-0.00873222738035617,0.00316138362745728,0.814,FALSE,"n.s."
"SelfRelevance","Positive - High intensity","AI-Generated - Human Original","response - 4",-0.0039020471399839,-0.0131843685999014,0.00527656878206923,0.804,FALSE,"n.s."
"SelfRelevance","Positive - High intensity","AI-Generated - Human Original","response - 5",-0.00270363284531895,-0.0101305632015156,0.00458956040269617,0.764,FALSE,"n.s."
"SelfRelevance","Positive - High intensity","AI-Generated - Human Original","response - 6",-0.00061428650156088,-0.00235315224386381,0.00126713041806578,0.74,FALSE,"n.s."
"SelfRelevance","Positive - High intensity","Human Forgery - Human Original","mu",-0.019645387295011,-0.0539351269242747,0.0136279068987748,0.872,FALSE,"n.s."
"SelfRelevance","Positive - High intensity","Human Forgery - Human Original","response - 0",0.0104224019376291,-0.0130315429012973,0.0338430105969735,0.816,FALSE,"n.s."
"SelfRelevance","Positive - High intensity","Human Forgery - Human Original","response - 1",0.00335771310859735,-0.00371500861287389,0.0104076339994298,0.836,FALSE,"n.s."
"SelfRelevance","Positive - High intensity","Human Forgery - Human Original","response - 2",0.000383893976091954,-0.00501227501277089,0.00695007225162977,0.556,FALSE,"n.s."
"SelfRelevance","Positive - High intensity","Human Forgery - Human Original","response - 3",-0.00243860446192525,-0.00972009967464659,0.00484421572587068,0.758,FALSE,"n.s."
"SelfRelevance","Positive - High intensity","Human Forgery - Human Original","response - 4",-0.00612075731071009,-0.015527512980739,0.00390500835695489,0.858,FALSE,"n.s."
"SelfRelevance","Positive - High intensity","Human Forgery - Human Original","response - 5",-0.00508075868873245,-0.0122685322681533,0.00336737809748462,0.88,FALSE,"n.s."
"SelfRelevance","Positive - High intensity","Human Forgery - Human Original","response - 6",-0.00127073844903961,-0.00336991050239892,0.000731142001330837,0.898,FALSE,"n.s."
"SelfRelevance","Positive - Low intensity","AI-Generated - Human Forgery","mu",0.00499776802256913,-0.0253790079549153,0.0371267464304679,0.622,FALSE,"n.s."
"SelfRelevance","Positive - Low intensity","AI-Generated - Human Forgery","response - 0",-0.00169611370850789,-0.0190419043011449,0.016596660025327,0.58,FALSE,"n.s."
"SelfRelevance","Positive - Low intensity","AI-Generated - Human Forgery","response - 1",-0.00088149248876912,-0.00633701270782239,0.00543953485113256,0.59,FALSE,"n.s."
"SelfRelevance","Positive - Low intensity","AI-Generated - Human Forgery","response - 2",-0.000299441052801303,-0.00416107259214978,0.00277340522618585,0.596,FALSE,"n.s."
"SelfRelevance","Positive - Low intensity","AI-Generated - Human Forgery","response - 3",0.000238632581437928,-0.00586507828369971,0.00574750773283934,0.544,FALSE,"n.s."
"SelfRelevance","Positive - Low intensity","AI-Generated - Human Forgery","response - 4",0.00136035557126517,-0.00824943993040682,0.0114122234866369,0.624,FALSE,"n.s."
"SelfRelevance","Positive - Low intensity","AI-Generated - Human Forgery","response - 5",0.00133502305887034,-0.00601438084364751,0.00848040145223654,0.612,FALSE,"n.s."
"SelfRelevance","Positive - Low intensity","AI-Generated - Human Forgery","response - 6",0.000287333043927496,-0.00169871307547072,0.00211167277348724,0.63,FALSE,"n.s."
"SelfRelevance","Positive - Low intensity","AI-Generated - Human Original","mu",0.00322972366632596,-0.0223733749174945,0.034516122683533,0.594,FALSE,"n.s."
"SelfRelevance","Positive - Low intensity","AI-Generated - Human Original","response - 0",-0.00142133725222654,-0.0187409104203347,0.0139126535722876,0.562,FALSE,"n.s."
"SelfRelevance","Positive - Low intensity","AI-Generated - Human Original","response - 1",-0.000733996483339952,-0.00590207273165248,0.00482266417247014,0.602,FALSE,"n.s."
"SelfRelevance","Positive - Low intensity","AI-Generated - Human Original","response - 2",-0.000421233686217354,-0.0033777947756336,0.00259846835301604,0.644,FALSE,"n.s."
"SelfRelevance","Positive - Low intensity","AI-Generated - Human Original","response - 3",0.000102466975415397,-0.00496451329276705,0.0047022854056528,0.512,FALSE,"n.s."
"SelfRelevance","Positive - Low intensity","AI-Generated - Human Original","response - 4",0.000961015686487356,-0.0079522053646533,0.0103811936414502,0.588,FALSE,"n.s."
"SelfRelevance","Positive - Low intensity","AI-Generated - Human Original","response - 5",0.00110243156800682,-0.00565298125863478,0.00831515223935886,0.608,FALSE,"n.s."
"SelfRelevance","Positive - Low intensity","AI-Generated - Human Original","response - 6",0.000214776337060242,-0.00126077262175342,0.00191481965566134,0.62,FALSE,"n.s."
"SelfRelevance","Positive - Low intensity","Human Forgery - Human Original","mu",-0.00182159527936382,-0.0305622476451597,0.0255581586616475,0.552,FALSE,"n.s."
"SelfRelevance","Positive - Low intensity","Human Forgery - Human Original","response - 0",0.000479708303600584,-0.016794362897489,0.0187940363485467,0.524,FALSE,"n.s."
"SelfRelevance","Positive - Low intensity","Human Forgery - Human Original","response - 1",2.25153158232155e-05,-0.00525762151439721,0.00561037952865565,0.502,FALSE,"n.s."
"SelfRelevance","Positive - Low intensity","Human Forgery - Human Original","response - 2",-0.000131915160851481,-0.00220828283547912,0.0026311516368518,0.562,FALSE,"n.s."
"SelfRelevance","Positive - Low intensity","Human Forgery - Human Original","response - 3",-0.000104370526940969,-0.0055073147741767,0.00494545325268272,0.52,FALSE,"n.s."
"SelfRelevance","Positive - Low intensity","Human Forgery - Human Original","response - 4",-0.000308730058759699,-0.00982411459021737,0.00937508586043121,0.526,FALSE,"n.s."
"SelfRelevance","Positive - Low intensity","Human Forgery - Human Original","response - 5",-8.16745237943867e-05,-0.00697454689289219,0.00723399518631268,0.512,FALSE,"n.s."
"SelfRelevance","Positive - Low intensity","Human Forgery - Human Original","response - 6",-1.79425688358447e-05,-0.00157410257536994,0.00161292305485018,0.51,FALSE,"n.s."
"Shift","Negative - High intensity","AI-Generated - Human Forgery","mu",0.0066566951,-0.041776263784,0.0545102946250001,0.603375,FALSE,"n.s."
"Shift","Negative - High intensity","AI-Generated - Human Forgery","response",0.00186264268879491,-0.0116279611193783,0.0153068459596032,0.606,FALSE,"n.s."
"Shift","Negative - High intensity","AI-Generated - Human Forgery","sigma",0.000816157039708776,-0.0346786179204273,0.0353343704933738,0.519625,FALSE,"n.s."
"Shift","Negative - High intensity","AI-Generated - Human Original","mu",0.000435005999999905,-0.0444670857499999,0.044909474925,0.5055,FALSE,"n.s."
"Shift","Negative - High intensity","AI-Generated - Human Original","response",0.00157396032540394,-0.0110070054204227,0.0137724184934499,0.60425,FALSE,"n.s."
"Shift","Negative - High intensity","AI-Generated - Human Original","sigma",0.0119870145258635,-0.0212533296724149,0.0451631914770832,0.76075,FALSE,"n.s."
"Shift","Negative - High intensity","Human Forgery - Human Original","mu",-0.00621877556999983,-0.051523465275,0.0384470429875,0.6075,FALSE,"n.s."
"Shift","Negative - High intensity","Human Forgery - Human Original","response",-0.000245895690355963,-0.0127195722093836,0.0122802878902364,0.513625,FALSE,"n.s."
"Shift","Negative - High intensity","Human Forgery - Human Original","sigma",0.0109169036220994,-0.0200869653201351,0.0436611926252252,0.744625,FALSE,"n.s."
"Shift","Negative - Low intensity","AI-Generated - Human Forgery","mu",0.0038507900000001,-0.0443408148581649,0.0517862792000002,0.5645,FALSE,"n.s."
"Shift","Negative - Low intensity","AI-Generated - Human Forgery","response",0.000373639057097364,-0.0132876649279542,0.0137699194776417,0.521,FALSE,"n.s."
"Shift","Negative - Low intensity","AI-Generated - Human Forgery","sigma",-0.00560514892556124,-0.0412369033475342,0.0300426750339057,0.613375,FALSE,"n.s."
"Shift","Negative - Low intensity","AI-Generated - Human Original","mu",0.00320921049999989,-0.0405445390249999,0.0484505989249999,0.5605,FALSE,"n.s."
"Shift","Negative - Low intensity","AI-Generated - Human Original","response",0.000248893960809349,-0.0122567498377308,0.0130335344120796,0.515875,FALSE,"n.s."
"Shift","Negative - Low intensity","AI-Generated - Human Original","sigma",-0.00502469733734456,-0.0384479254943584,0.027601283431764,0.62,FALSE,"n.s."
"Shift","Negative - Low intensity","Human Forgery - Human Original","mu",-0.000313616500000058,-0.0452307668124999,0.0445559608999999,0.506375,FALSE,"n.s."
"Shift","Negative - Low intensity","Human Forgery - Human Original","response",-5.91965489817325e-05,-0.0129129852869618,0.0125959556061508,0.502875,FALSE,"n.s."
"Shift","Negative - Low intensity","Human Forgery - Human Original","sigma",4.55595080755544e-05,-0.0345768576208323,0.0331153120164271,0.501625,FALSE,"n.s."
"Shift","Overall","AI-Generated - Human Forgery","mu",0.0167029500750001,-0.00670854054149976,0.04014297482375,0.921,FALSE,"n.s."
"Shift","Overall","AI-Generated - Human Forgery","response",0.00543987840307147,-0.00116387251113913,0.0121814951847883,0.947,FALSE,"n.s."
"Shift","Overall","AI-Generated - Human Forgery","sigma",0.00715018865347655,-0.0102669896644617,0.0244246397852698,0.78325,FALSE,"n.s."
"Shift","Overall","AI-Generated - Human Original","mu",0.0148182541249999,-0.00748163271250018,0.0365608807687502,0.902375,FALSE,"n.s."
"Shift","Overall","AI-Generated - Human Original","response",0.00420956709223264,-0.00222794052212857,0.0105246553931068,0.903,FALSE,"n.s."
"Shift","Overall","AI-Generated - Human Original","sigma",0.001008258295396,-0.0153239094666252,0.0173991752291365,0.5475,FALSE,"n.s."
"Shift","Overall","Human Forgery - Human Original","mu",-0.00208345542499999,-0.0250324915018754,0.0200285445831249,0.568875,FALSE,"n.s."
"Shift","Overall","Human Forgery - Human Original","response",-0.00120955030953948,-0.00762720927269193,0.00500347523138097,0.64675,FALSE,"n.s."
"Shift","Overall","Human Forgery - Human Original","sigma",-0.00608936775927499,-0.0223724958331507,0.0102684014079733,0.77175,FALSE,"n.s."
"Shift","Positive - High intensity","AI-Generated - Human Forgery","mu",-0.00332593704999995,-0.0514171971615,0.0431634285899999,0.55875,FALSE,"n.s."
"Shift","Positive - High intensity","AI-Generated - Human Forgery","response",-0.000720144233567643,-0.0146953631458463,0.0123357018482526,0.542875,FALSE,"n.s."
"Shift","Positive - High intensity","AI-Generated - Human Forgery","sigma",0.00125473983031343,-0.0341422909162106,0.0352670180885427,0.525,FALSE,"n.s."
"Shift","Positive - High intensity","AI-Generated - Human Original","mu",-0.011387735,-0.0549072221499999,0.0325268218000001,0.70175,FALSE,"n.s."
"Shift","Positive - High intensity","AI-Generated - Human Original","response",-0.00283656482433692,-0.0153979529733631,0.00960653845520705,0.682,FALSE,"n.s."
"Shift","Positive - High intensity","AI-Generated - Human Original","sigma",0.00128256171113278,-0.0314022806766817,0.0341363976956299,0.53,FALSE,"n.s."
"Shift","Positive - High intensity","Human Forgery - Human Original","mu",-0.00803851150000001,-0.0535030035425,0.0380441615499999,0.6345,FALSE,"n.s."
"Shift","Positive - High intensity","Human Forgery - Human Original","response",-0.00212829024557484,-0.0148739206201645,0.0109685762576051,0.624875,FALSE,"n.s."
"Shift","Positive - High intensity","Human Forgery - Human Original","sigma",0.000110554558595349,-0.0317261942390651,0.0328184961177834,0.50325,FALSE,"n.s."
"Shift","Positive - Low intensity","AI-Generated - Human Forgery","mu",0.06046706905,0.0157414897749999,0.105579721325,0.99575,TRUE,"Positive"
"Shift","Positive - Low intensity","AI-Generated - Human Forgery","response",0.0204745955303917,0.00737950731723696,0.0334191440399944,0.999,TRUE,"Positive"
"Shift","Positive - Low intensity","AI-Generated - Human Forgery","sigma",0.031511369535196,-0.000151999619845595,0.0641813809627035,0.974375,FALSE,"n.s."
"Shift","Positive - Low intensity","AI-Generated - Human Original","mu",0.0657549365000001,0.022996904675,0.1103846845,0.9985,TRUE,"Positive"
"Shift","Positive - Low intensity","AI-Generated - Human Original","response",0.0177029633414265,0.00527412947861461,0.030747053718056,0.997,TRUE,"Positive"
"Shift","Positive - Low intensity","AI-Generated - Human Original","sigma",-0.00368973056515995,-0.0357616478985623,0.0276546603580662,0.597875,FALSE,"n.s."
"Shift","Positive - Low intensity","Human Forgery - Human Original","mu",0.00557239644999996,-0.0380665672750001,0.04928497815,0.603,FALSE,"n.s."
"Shift","Positive - Low intensity","Human Forgery - Human Original","response",-0.00268329808520762,-0.01493275774264,0.00975113613259669,0.6665,FALSE,"n.s."
"Shift","Positive - Low intensity","Human Forgery - Human Original","sigma",-0.0353453450326134,-0.0662901157842661,-0.00459523389853751,0.9885,TRUE,"Negative"
"Valence","Negative - High intensity","AI-Generated - Human Forgery","mu",-0.0246222402726602,-0.0399141064858851,-0.00988563651530919,0.999666666666667,TRUE,"Negative"
"Valence","Negative - High intensity","AI-Generated - Human Forgery","phi",-0.0730631908235284,-0.774029332591247,0.657289532927318,0.580666666666667,FALSE,"n.s."
"Valence","Negative - High intensity","AI-Generated - Human Forgery","response",-0.17268284311228,-0.280025987031144,-0.0694072261882493,0.999666666666667,TRUE,"Negative"
"Valence","Negative - High intensity","AI-Generated - Human Original","mu",-0.0403647594525852,-0.0565282392973279,-0.025048963315868,1,TRUE,"Negative"
"Valence","Negative - High intensity","AI-Generated - Human Original","phi",0.133327380042404,-0.535089255988169,0.86061008267368,0.651833333333333,FALSE,"n.s."
"Valence","Negative - High intensity","AI-Generated - Human Original","response",-0.283025825635686,-0.396474041221878,-0.17554891945065,1,TRUE,"Negative"
"Valence","Negative - High intensity","Human Forgery - Human Original","mu",-0.0158489289587019,-0.0300803503597496,-0.00158919252131153,0.984833333333333,TRUE,"Negative"
"Valence","Negative - High intensity","Human Forgery - Human Original","phi",0.204042100899803,-0.423327305132723,0.865600590296263,0.735333333333333,FALSE,"n.s."
"Valence","Negative - High intensity","Human Forgery - Human Original","response",-0.111136777327516,-0.210612906499545,-0.0112549538486078,0.984833333333333,TRUE,"Negative"
"Valence","Negative - Low intensity","AI-Generated - Human Forgery","mu",-0.0207315532115492,-0.0340683759677722,-0.00724397324168201,0.999,TRUE,"Negative"
"Valence","Negative - Low intensity","AI-Generated - Human Forgery","phi",0.503055412818894,-0.430444789762795,1.54547353550721,0.846833333333333,FALSE,"n.s."
"Valence","Negative - Low intensity","AI-Generated - Human Forgery","response",-0.14510740944976,-0.238457064965633,-0.0507090336652611,0.999,TRUE,"Negative"
"Valence","Negative - Low intensity","AI-Generated - Human Original","mu",-0.0538373559565975,-0.0679290606494342,-0.0397630727356917,1,TRUE,"Negative"
"Valence","Negative - Low intensity","AI-Generated - Human Original","phi",0.440613577395745,-0.511784168547873,1.43722877413317,0.819833333333333,FALSE,"n.s."
"Valence","Negative - Low intensity","AI-Generated - Human Original","response",-0.3768300390939,-0.475434869978631,-0.278318979427741,1,TRUE,"Negative"
"Valence","Negative - Low intensity","Human Forgery - Human Original","mu",-0.0331735869991054,-0.0460465296984367,-0.020352373979743,1,TRUE,"Negative"
"Valence","Negative - Low intensity","Human Forgery - Human Original","phi",-0.0643583499899605,-0.961745080647835,0.81102321855565,0.555166666666667,FALSE,"n.s."
"Valence","Negative - Low intensity","Human Forgery - Human Original","response",-0.232186634147609,-0.322279752774602,-0.142444491119791,1,TRUE,"Negative"
"Valence","Overall","AI-Generated - Human Forgery","mu",-0.0237828231964401,-0.0322460333592429,-0.015398041606663,1,TRUE,"Negative"
"Valence","Overall","AI-Generated - Human Forgery","phi",-0.0133580348232081,-0.492560905907085,0.474246916647611,0.519,FALSE,"n.s."
"Valence","Overall","AI-Generated - Human Forgery","response",-0.160382447213202,-0.21772715510419,-0.103744848725355,1,TRUE,"Negative"
"Valence","Overall","AI-Generated - Human Original","mu",-0.0546526320046837,-0.0639505742106185,-0.0459485689215086,1,TRUE,"Negative"
"Valence","Overall","AI-Generated - Human Original","phi",0.476184835799258,0.0193912839105563,0.957030055285022,0.980333333333333,TRUE,"Positive"
"Valence","Overall","AI-Generated - Human Original","response",-0.37010042890303,-0.432104672974823,-0.311653087987362,1,TRUE,"Negative"
"Valence","Overall","Human Forgery - Human Original","mu",-0.0309763928392198,-0.0384297090982915,-0.0235599206063892,1,TRUE,"Negative"
"Valence","Overall","Human Forgery - Human Original","phi",0.488787858144018,0.0642167225360836,0.927162534634419,0.987333333333333,TRUE,"Positive"
"Valence","Overall","Human Forgery - Human Original","response",-0.210318089363216,-0.260317020897885,-0.160916533698625,1,TRUE,"Negative"
"Valence","Positive - High intensity","AI-Generated - Human Forgery","mu",-0.0234818595259231,-0.0375716726148097,-0.00965103033379125,0.999833333333333,TRUE,"Negative"
"Valence","Positive - High intensity","AI-Generated - Human Forgery","phi",0.0589947765255561,-0.83499228865474,0.964812691864028,0.555333333333333,FALSE,"n.s."
"Valence","Positive - High intensity","AI-Generated - Human Forgery","response",-0.164369125385607,-0.262960695471294,-0.0675471599253912,0.999833333333333,TRUE,"Negative"
"Valence","Positive - High intensity","AI-Generated - Human Original","mu",-0.0618461008131144,-0.0762995599220747,-0.0475735337423043,1,TRUE,"Negative"
"Valence","Positive - High intensity","AI-Generated - Human Original","phi",0.368716433125681,-0.425948012578076,1.25418937850419,0.808833333333333,FALSE,"n.s."
"Valence","Positive - High intensity","AI-Generated - Human Original","response",-0.432967871647517,-0.534130873424482,-0.333148784678877,1,TRUE,"Negative"
"Valence","Positive - High intensity","Human Forgery - Human Original","mu",-0.0382719775735667,-0.0511867475127407,-0.0259119677249004,1,TRUE,"Negative"
"Valence","Positive - High intensity","Human Forgery - Human Original","phi",0.302200855444632,-0.444656949603312,1.11719635311695,0.789333333333333,FALSE,"n.s."
"Valence","Positive - High intensity","Human Forgery - Human Original","response",-0.26794732273867,-0.358512427963878,-0.181396593719714,1,TRUE,"Negative"
"Valence","Positive - Low intensity","AI-Generated - Human Forgery","mu",-0.022429024236182,-0.0347808797709728,-0.0107924336424056,0.999833333333333,TRUE,"Negative"
"Valence","Positive - Low intensity","AI-Generated - Human Forgery","phi",-0.688611864779274,-1.95095512193178,0.551168212411432,0.862333333333333,FALSE,"n.s."
"Valence","Positive - Low intensity","AI-Generated - Human Forgery","response",-0.156995643093054,-0.243479421525282,-0.0756286775102587,0.999833333333333,TRUE,"Negative"
"Valence","Positive - Low intensity","AI-Generated - Human Original","mu",-0.055407553400672,-0.068143325677538,-0.0425481934718638,1,TRUE,"Negative"
"Valence","Positive - Low intensity","AI-Generated - Human Original","phi",1.17579670071336,0.125038610350424,2.35219303127725,0.986,TRUE,"Positive"
"Valence","Positive - Low intensity","AI-Generated - Human Original","response",-0.387799188404289,-0.47684389282133,-0.297772443967966,1,TRUE,"Negative"
"Valence","Positive - Low intensity","Human Forgery - Human Original","mu",-0.0329631038666701,-0.0446239640718332,-0.0214286716836008,1,TRUE,"Negative"
"Valence","Positive - Low intensity","Human Forgery - Human Original","phi",1.86477306591249,0.804920060431627,3.16494092425792,1,TRUE,"Positive"
"Valence","Positive - Low intensity","Human Forgery - Human Original","response",-0.230642732995295,-0.312310684202428,-0.149920324766456,1,TRUE,"Negative"
"Worth","Negative - High intensity","AI-Generated - Human Forgery","mu",-0.0937017455630107,-0.123157016523738,-0.0633999996467393,1,TRUE,"Negative"
"Worth","Negative - High intensity","AI-Generated - Human Forgery","response - 0",0.087952962043612,0.0607385452826124,0.113079090174491,1,TRUE,"Positive"
"Worth","Negative - High intensity","AI-Generated - Human Forgery","response - 10",-0.00440829829354801,-0.0166053711407393,0.00915220594996182,0.748,FALSE,"n.s."
"Worth","Negative - High intensity","AI-Generated - Human Forgery","response - 100",-0.036379725587019,-0.0489394143209574,-0.0226901356446729,1,TRUE,"Negative"
"Worth","Negative - High intensity","AI-Generated - Human Forgery","response - 1000",-0.0341185499796065,-0.0455925993053683,-0.024748584978865,1,TRUE,"Negative"
"Worth","Negative - High intensity","AI-Generated - Human Forgery","response - 10000",-0.00935617915112902,-0.0157050076190877,-0.00485987110529101,1,TRUE,"Negative"
"Worth","Negative - High intensity","AI-Generated - Human Forgery","response - 100000",-0.0019467562438924,-0.00335725373270384,-0.000848439660119639,1,TRUE,"Negative"
"Worth","Negative - High intensity","AI-Generated - Human Original","mu",-0.199603590963743,-0.230434449820161,-0.167984088118789,1,TRUE,"Negative"
"Worth","Negative - High intensity","AI-Generated - Human Original","response - 0",0.172105281555991,0.148768099829053,0.196043880810979,1,TRUE,"Positive"
"Worth","Negative - High intensity","AI-Generated - Human Original","response - 10",0.00199954203815388,-0.0130620443743698,0.0184929984907742,0.614,FALSE,"n.s."
"Worth","Negative - High intensity","AI-Generated - Human Original","response - 100",-0.0604678620313065,-0.0725080912147152,-0.0463420564523975,1,TRUE,"Negative"
"Worth","Negative - High intensity","AI-Generated - Human Original","response - 1000",-0.0772920721607184,-0.0882934029917149,-0.0645384846337312,1,TRUE,"Negative"
"Worth","Negative - High intensity","AI-Generated - Human Original","response - 10000",-0.0300898985803054,-0.0397137502813443,-0.0223686766854709,1,TRUE,"Negative"
"Worth","Negative - High intensity","AI-Generated - Human Original","response - 100000",-0.00647990142611912,-0.00960668454713123,-0.00433458581844003,1,TRUE,"Negative"
"Worth","Negative - High intensity","Human Forgery - Human Original","mu",-0.104521989951718,-0.131412963593223,-0.0794603638006444,1,TRUE,"Negative"
"Worth","Negative - High intensity","Human Forgery - Human Original","response - 0",0.0853626558644699,0.0618409125598669,0.107795546261572,1,TRUE,"Positive"
"Worth","Negative - High intensity","Human Forgery - Human Original","response - 10",0.00628207712483649,-0.00568879133734848,0.0175457249139884,0.876,FALSE,"n.s."
"Worth","Negative - High intensity","Human Forgery - Human Original","response - 100",-0.0239546363539251,-0.0342744397450585,-0.0132448329539263,1,TRUE,"Negative"
"Worth","Negative - High intensity","Human Forgery - Human Original","response - 1000",-0.0420450326560199,-0.0527042892776641,-0.031966688612041,1,TRUE,"Negative"
"Worth","Negative - High intensity","Human Forgery - Human Original","response - 10000",-0.0208129305225551,-0.0271884946784632,-0.0141076014751189,1,TRUE,"Negative"
"Worth","Negative - High intensity","Human Forgery - Human Original","response - 100000",-0.00454725545661607,-0.00715492111337232,-0.00269486602490738,1,TRUE,"Negative"
"Worth","Negative - Low intensity","AI-Generated - Human Forgery","mu",-0.110390125463072,-0.143949753168383,-0.0786979280941309,1,TRUE,"Negative"
"Worth","Negative - Low intensity","AI-Generated - Human Forgery","response - 0",0.103470720453673,0.0773270770002131,0.131464884315435,1,TRUE,"Positive"
"Worth","Negative - Low intensity","AI-Generated - Human Forgery","response - 10",-0.00793394372077359,-0.0243984284289842,0.00713006848617979,0.86,FALSE,"n.s."
"Worth","Negative - Low intensity","AI-Generated - Human Forgery","response - 100",-0.0485285986920311,-0.0620262179210093,-0.0338107718382713,1,TRUE,"Negative"
"Worth","Negative - Low intensity","AI-Generated - Human Forgery","response - 1000",-0.0355896416199704,-0.0476427033486594,-0.0261186209341544,1,TRUE,"Negative"
"Worth","Negative - Low intensity","AI-Generated - Human Forgery","response - 10000",-0.00888609820647041,-0.0148144042543264,-0.00517314200229405,1,TRUE,"Negative"
"Worth","Negative - Low intensity","AI-Generated - Human Forgery","response - 100000",-0.00185068030769242,-0.00309781060743916,-0.00104786476260341,1,TRUE,"Negative"
"Worth","Negative - Low intensity","AI-Generated - Human Original","mu",-0.242809447463364,-0.280515959604161,-0.199772964995798,1,TRUE,"Negative"
"Worth","Negative - Low intensity","AI-Generated - Human Original","response - 0",0.205402933226476,0.17792656059088,0.230325492346427,1,TRUE,"Positive"
"Worth","Negative - Low intensity","AI-Generated - Human Original","response - 10",0.000754105823014897,-0.0229653086557289,0.0208483498449141,0.528,FALSE,"n.s."
"Worth","Negative - Low intensity","AI-Generated - Human Original","response - 100",-0.0841651867293921,-0.0972612092069391,-0.0641576116521407,1,TRUE,"Negative"
"Worth","Negative - Low intensity","AI-Generated - Human Original","response - 1000",-0.0867720596483715,-0.101681885581416,-0.0736192059641744,1,TRUE,"Negative"
"Worth","Negative - Low intensity","AI-Generated - Human Original","response - 10000",-0.0282771495732347,-0.0394196829626727,-0.0208843527987956,1,TRUE,"Negative"
"Worth","Negative - Low intensity","AI-Generated - Human Original","response - 100000",-0.0056043702295267,-0.00852033227296192,-0.00382060215922799,1,TRUE,"Negative"
"Worth","Negative - Low intensity","Human Forgery - Human Original","mu",-0.132009859636991,-0.15684006895367,-0.100196342823326,1,TRUE,"Negative"
"Worth","Negative - Low intensity","Human Forgery - Human Original","response - 0",0.101419915030691,0.0774886864616519,0.124107753019727,1,TRUE,"Positive"
"Worth","Negative - Low intensity","Human Forgery - Human Original","response - 10",0.00852890490922141,-0.00375920436064696,0.0220051467456852,0.912,FALSE,"n.s."
"Worth","Negative - Low intensity","Human Forgery - Human Original","response - 100",-0.0356833850524168,-0.0477147016884046,-0.0212916860056104,1,TRUE,"Negative"
"Worth","Negative - Low intensity","Human Forgery - Human Original","response - 1000",-0.050837059196934,-0.060786568438303,-0.0397852327983095,1,TRUE,"Negative"
"Worth","Negative - Low intensity","Human Forgery - Human Original","response - 10000",-0.0194274772765854,-0.0267034272312817,-0.0130843232182916,1,TRUE,"Negative"
"Worth","Negative - Low intensity","Human Forgery - Human Original","response - 100000",-0.00371546866746679,-0.00588313044593068,-0.00229849986105636,1,TRUE,"Negative"
"Worth","Overall","AI-Generated - Human Forgery","mu",-0.101542523897533,-0.120313430946071,-0.0843556505294402,1,TRUE,"Negative"
"Worth","Overall","AI-Generated - Human Forgery","response - 0",0.0874980056855223,0.0742976710800274,0.101738178820952,1,TRUE,"Positive"
"Worth","Overall","AI-Generated - Human Forgery","response - 10",-0.00313149986399679,-0.0108625791331148,0.00507427823949458,0.766,FALSE,"n.s."
"Worth","Overall","AI-Generated - Human Forgery","response - 100",-0.0410555229962477,-0.0482241791496493,-0.034130929398271,1,TRUE,"Negative"
"Worth","Overall","AI-Generated - Human Forgery","response - 1000",-0.0335867173449691,-0.039200824716349,-0.0280413810185666,1,TRUE,"Negative"
"Worth","Overall","AI-Generated - Human Forgery","response - 10000",-0.00803652798283192,-0.0104947425671071,-0.00544419649852418,1,TRUE,"Negative"
"Worth","Overall","AI-Generated - Human Forgery","response - 100000",-0.00175305220223194,-0.00256809859570268,-0.00114723449579353,1,TRUE,"Negative"
"Worth","Overall","AI-Generated - Human Original","mu",-0.238423644126388,-0.257488694008744,-0.220367955000436,1,TRUE,"Negative"
"Worth","Overall","AI-Generated - Human Original","response - 0",0.182776821147119,0.170246079825072,0.195708917441761,1,TRUE,"Positive"
"Worth","Overall","AI-Generated - Human Original","response - 10",0.0133898602882151,0.00472175775223499,0.0215823451177593,1,TRUE,"Positive"
"Worth","Overall","AI-Generated - Human Original","response - 100",-0.0717478898241293,-0.079820512450433,-0.063782018455817,1,TRUE,"Negative"
"Worth","Overall","AI-Generated - Human Original","response - 1000",-0.088144230126504,-0.0949528953802826,-0.0820702351983051,1,TRUE,"Negative"
"Worth","Overall","AI-Generated - Human Original","response - 10000",-0.0304131624314998,-0.0349474427020913,-0.0266419882082912,1,TRUE,"Negative"
"Worth","Overall","AI-Generated - Human Original","response - 100000",-0.00622828430071402,-0.00794186780006772,-0.00476509144961017,1,TRUE,"Negative"
"Worth","Overall","Human Forgery - Human Original","mu",-0.135838312916811,-0.151207636526315,-0.120921442914505,1,TRUE,"Negative"
"Worth","Overall","Human Forgery - Human Original","response - 0",0.0954518616412643,0.083450209947673,0.107613083818599,1,TRUE,"Positive"
"Worth","Overall","Human Forgery - Human Original","response - 10",0.0165667291328755,0.0103423572865288,0.0237680704516937,1,TRUE,"Positive"
"Worth","Overall","Human Forgery - Human Original","response - 100",-0.0307739379137066,-0.037868382812232,-0.0234512189744998,1,TRUE,"Negative"
"Worth","Overall","Human Forgery - Human Original","response - 1000",-0.0545583294651357,-0.0609062586863258,-0.0485133064876448,1,TRUE,"Negative"
"Worth","Overall","Human Forgery - Human Original","response - 10000",-0.022437955313892,-0.0260324248369238,-0.0189724357330462,1,TRUE,"Negative"
"Worth","Overall","Human Forgery - Human Original","response - 100000",-0.00443867258756514,-0.00597858651082124,-0.00314570906213485,1,TRUE,"Negative"
"Worth","Positive - High intensity","AI-Generated - Human Forgery","mu",-0.0951717369531072,-0.131134034732623,-0.0653750516971465,1,TRUE,"Negative"
"Worth","Positive - High intensity","AI-Generated - Human Forgery","response - 0",0.0743700642675804,0.0473546576008555,0.103044909971987,1,TRUE,"Positive"
"Worth","Positive - High intensity","AI-Generated - Human Forgery","response - 10",0.00250123470328109,-0.0126781769687253,0.0166407018355638,0.64,FALSE,"n.s."
"Worth","Positive - High intensity","AI-Generated - Human Forgery","response - 100",-0.0364440025830201,-0.0505721501138326,-0.0224800737312873,1,TRUE,"Negative"
"Worth","Positive - High intensity","AI-Generated - Human Forgery","response - 1000",-0.0317747859368905,-0.0467358559849494,-0.0210172788847167,1,TRUE,"Negative"
"Worth","Positive - High intensity","AI-Generated - Human Forgery","response - 10000",-0.00655096085826844,-0.0118673414170985,-0.00252473967375828,0.996,TRUE,"Negative"
"Worth","Positive - High intensity","AI-Generated - Human Forgery","response - 100000",-0.00146749875486857,-0.00268409699134257,-0.000599241660306598,0.996,TRUE,"Negative"
"Worth","Positive - High intensity","AI-Generated - Human Original","mu",-0.255524859639467,-0.288529403063144,-0.22054745174084,1,TRUE,"Negative"
"Worth","Positive - High intensity","AI-Generated - Human Original","response - 0",0.175402302832462,0.148719552214243,0.200573800078859,1,TRUE,"Positive"
"Worth","Positive - High intensity","AI-Generated - Human Original","response - 10",0.0297912778066123,0.0126233778270636,0.0483863764427861,1,TRUE,"Positive"
"Worth","Positive - High intensity","AI-Generated - Human Original","response - 100",-0.0665509471971476,-0.0836327745518643,-0.0463696091155065,1,TRUE,"Negative"
"Worth","Positive - High intensity","AI-Generated - Human Original","response - 1000",-0.0969084520130122,-0.111917550006322,-0.0835403724917932,1,TRUE,"Negative"
"Worth","Positive - High intensity","AI-Generated - Human Original","response - 10000",-0.0342761269622636,-0.0461044624574645,-0.0266523718575938,1,TRUE,"Negative"
"Worth","Positive - High intensity","AI-Generated - Human Original","response - 100000",-0.00665802166002697,-0.0096867172851594,-0.00487583425012352,1,TRUE,"Negative"
"Worth","Positive - High intensity","Human Forgery - Human Original","mu",-0.159563109870405,-0.187751938303256,-0.127970296589292,1,TRUE,"Negative"
"Worth","Positive - High intensity","Human Forgery - Human Original","response - 0",0.10006338563942,0.0776705459515347,0.123215650269865,1,TRUE,"Positive"
"Worth","Positive - High intensity","Human Forgery - Human Original","response - 10",0.0282738308639826,0.0151923762245231,0.0418071349681943,1,TRUE,"Positive"
"Worth","Positive - High intensity","Human Forgery - Human Original","response - 100",-0.0299104280363466,-0.0446486245970719,-0.0135082278912945,1,TRUE,"Negative"
"Worth","Positive - High intensity","Human Forgery - Human Original","response - 1000",-0.0652633090432758,-0.0766969817366286,-0.0531235001630416,1,TRUE,"Negative"
"Worth","Positive - High intensity","Human Forgery - Human Original","response - 10000",-0.0281112834293162,-0.0366408095558273,-0.0211094443935055,1,TRUE,"Negative"
"Worth","Positive - High intensity","Human Forgery - Human Original","response - 100000",-0.0052559394408914,-0.00769787486691891,-0.00347780314192186,1,TRUE,"Negative"
"Worth","Positive - Low intensity","AI-Generated - Human Forgery","mu",-0.106648412785836,-0.134924526662025,-0.0813227980312194,1,TRUE,"Negative"
"Worth","Positive - Low intensity","AI-Generated - Human Forgery","response - 0",0.0893915702365407,0.0663789430303904,0.111875092549894,1,TRUE,"Positive"
"Worth","Positive - Low intensity","AI-Generated - Human Forgery","response - 10",-0.00217368725408923,-0.0143960271039256,0.00912175505462226,0.662,FALSE,"n.s."
"Worth","Positive - Low intensity","AI-Generated - Human Forgery","response - 100",-0.0446830231850999,-0.055602522207848,-0.0337425796209382,1,TRUE,"Negative"
"Worth","Positive - Low intensity","AI-Generated - Human Forgery","response - 1000",-0.0329468751555838,-0.0424885679629541,-0.0235402133671544,1,TRUE,"Negative"
"Worth","Positive - Low intensity","AI-Generated - Human Forgery","response - 10000",-0.00746180248878463,-0.0114876975987709,-0.00431086365778755,1,TRUE,"Negative"
"Worth","Positive - Low intensity","AI-Generated - Human Forgery","response - 100000",-0.00167130787292567,-0.00247238223919728,-0.000958122300727158,1,TRUE,"Negative"
"Worth","Positive - Low intensity","AI-Generated - Human Original","mu",-0.254160951836445,-0.279024759906097,-0.228464687717025,1,TRUE,"Negative"
"Worth","Positive - Low intensity","AI-Generated - Human Original","response - 0",0.183836109399035,0.162742766318427,0.204464226723039,1,TRUE,"Positive"
"Worth","Positive - Low intensity","AI-Generated - Human Original","response - 10",0.0204483191388995,0.00241810079498711,0.0369731886869426,0.984,TRUE,"Positive"
"Worth","Positive - Low intensity","AI-Generated - Human Original","response - 100",-0.0778095621363389,-0.0912017827231427,-0.0628387957723788,1,TRUE,"Negative"
"Worth","Positive - Low intensity","AI-Generated - Human Original","response - 1000",-0.0921599340842004,-0.104998913332496,-0.079981844250145,1,TRUE,"Negative"
"Worth","Positive - Low intensity","AI-Generated - Human Original","response - 10000",-0.0283276380593335,-0.0355746365407324,-0.0218668838524641,1,TRUE,"Negative"
"Worth","Positive - Low intensity","AI-Generated - Human Original","response - 100000",-0.00544584715442942,-0.00762381074667995,-0.00384493470337869,1,TRUE,"Negative"
"Worth","Positive - Low intensity","Human Forgery - Human Original","mu",-0.146601897536656,-0.171192848557438,-0.121247670240771,1,TRUE,"Negative"
"Worth","Positive - Low intensity","Human Forgery - Human Original","response - 0",0.094375232979629,0.0762657960746491,0.112839582263256,1,TRUE,"Positive"
"Worth","Positive - Low intensity","Human Forgery - Human Original","response - 10",0.0229286773148273,0.0100945464523567,0.0344010094961328,1,TRUE,"Positive"
"Worth","Positive - Low intensity","Human Forgery - Human Original","response - 100",-0.0331350463515573,-0.0457635684481577,-0.0203747710385916,1,TRUE,"Negative"
"Worth","Positive - Low intensity","Human Forgery - Human Original","response - 1000",-0.0590291725180868,-0.0692610401143349,-0.04905929292513,1,TRUE,"Negative"
"Worth","Positive - Low intensity","Human Forgery - Human Original","response - 10000",-0.0209749596050415,-0.0268779080460874,-0.0149656498026831,1,TRUE,"Negative"
"Worth","Positive - Low intensity","Human Forgery - Human Original","response - 100000",-0.00378685841235982,-0.00556275881654183,-0.00240792959957081,1,TRUE,"Negative"
"pCenter","Negative - High intensity","AI-Generated - Human Forgery","mu",0.0196274901051877,-0.0050012364451034,0.0437577117083405,0.942875,FALSE,"n.s."
"pCenter","Negative - High intensity","AI-Generated - Human Forgery","phi",-0.0488018508022314,-0.573191173697537,0.446116925925268,0.573375,FALSE,"n.s."
"pCenter","Negative - High intensity","AI-Generated - Human Forgery","response",0.0191801375102699,-0.00487405725590312,0.0427351180005851,0.942875,FALSE,"n.s."
"pCenter","Negative - High intensity","AI-Generated - Human Original","mu",0.0136375380444667,-0.0106676623542157,0.0370095346345142,0.861875,FALSE,"n.s."
"pCenter","Negative - High intensity","AI-Generated - Human Original","phi",-0.302988011308405,-0.789559837551642,0.207926940603521,0.88425,FALSE,"n.s."
"pCenter","Negative - High intensity","AI-Generated - Human Original","response",0.0133087023091975,-0.0103792346878905,0.0361481586614983,0.861875,FALSE,"n.s."
"pCenter","Negative - High intensity","Human Forgery - Human Original","mu",-0.00618944446078823,-0.0288132055081378,0.0167067513608717,0.70075,FALSE,"n.s."
"pCenter","Negative - High intensity","Human Forgery - Human Original","phi",-0.252387791905488,-0.712737741519952,0.222266904967145,0.8535,FALSE,"n.s."
"pCenter","Negative - High intensity","Human Forgery - Human Original","response",-0.00604709305516155,-0.0281374165997038,0.0163083566823808,0.70075,FALSE,"n.s."
"pCenter","Negative - Low intensity","AI-Generated - Human Forgery","mu",0.0108076766649318,-0.013822784596981,0.0346783360436213,0.815875,FALSE,"n.s."
"pCenter","Negative - Low intensity","AI-Generated - Human Forgery","phi",0.0989259455728209,-0.480784534078189,0.657600099966405,0.63825,FALSE,"n.s."
"pCenter","Negative - Low intensity","AI-Generated - Human Forgery","response",0.0105377693668324,-0.0134906232982446,0.0338208331371821,0.815875,FALSE,"n.s."
"pCenter","Negative - Low intensity","AI-Generated - Human Original","mu",0.010067999878091,-0.0134853860852473,0.033117427166406,0.802875,FALSE,"n.s."
"pCenter","Negative - Low intensity","AI-Generated - Human Original","phi",0.45236325032647,-0.025939622357602,0.955725489962072,0.9685,FALSE,"n.s."
"pCenter","Negative - Low intensity","AI-Generated - Human Original","response",0.00983715249371464,-0.0131434063624007,0.0323503324707259,0.802875,FALSE,"n.s."
"pCenter","Negative - Low intensity","Human Forgery - Human Original","mu",-0.000822781246717808,-0.0241857394292721,0.0229777200140406,0.525375,FALSE,"n.s."
"pCenter","Negative - Low intensity","Human Forgery - Human Original","phi",0.352437645130016,-0.121502063718681,0.864541150811608,0.92625,FALSE,"n.s."
"pCenter","Negative - Low intensity","Human Forgery - Human Original","response",-0.000803365231287989,-0.0236313500933788,0.0224417013435442,0.525375,FALSE,"n.s."
"pCenter","Overall","AI-Generated - Human Forgery","mu",0.00254638043941718,-0.00948163686819268,0.0147991068409889,0.663,FALSE,"n.s."
"pCenter","Overall","AI-Generated - Human Forgery","phi",-0.0389090893963768,-0.315155301400627,0.230913278455853,0.60975,FALSE,"n.s."
"pCenter","Overall","AI-Generated - Human Forgery","response",0.0024926854038127,-0.00920350311875993,0.0144350200800296,0.664125,FALSE,"n.s."
"pCenter","Overall","AI-Generated - Human Original","mu",0.00133476787579839,-0.0105742137079757,0.0131733745734857,0.587875,FALSE,"n.s."
"pCenter","Overall","AI-Generated - Human Original","phi",0.139175973783204,-0.10400560756774,0.389105904123537,0.866875,FALSE,"n.s."
"pCenter","Overall","AI-Generated - Human Original","response",0.00131034228853766,-0.0103354958375037,0.0128732450495493,0.5885,FALSE,"n.s."
"pCenter","Overall","Human Forgery - Human Original","mu",-0.00129687442743082,-0.0127467910056313,0.0103145664027662,0.58925,FALSE,"n.s."
"pCenter","Overall","Human Forgery - Human Original","phi",0.179308098761052,-0.0629537181145194,0.431722586847973,0.924125,FALSE,"n.s."
"pCenter","Overall","Human Forgery - Human Original","response",-0.00127171629618095,-0.0124531298536542,0.0100693328159227,0.589375,FALSE,"n.s."
"pCenter","Positive - High intensity","AI-Generated - Human Forgery","mu",-0.0146829620655743,-0.0394608224208475,0.00955304812347003,0.883,FALSE,"n.s."
"pCenter","Positive - High intensity","AI-Generated - Human Forgery","phi",-0.147978133505997,-0.678975133161668,0.400752514367231,0.704375,FALSE,"n.s."
"pCenter","Positive - High intensity","AI-Generated - Human Forgery","response",-0.0143183333825621,-0.0385111896566058,0.00929841617301875,0.883,FALSE,"n.s."
"pCenter","Positive - High intensity","AI-Generated - Human Original","mu",-0.0120149611003459,-0.0368484464412751,0.0115203762558833,0.833625,FALSE,"n.s."
"pCenter","Positive - High intensity","AI-Generated - Human Original","phi",0.224423616517354,-0.24564838119431,0.73025905273369,0.821875,FALSE,"n.s."
"pCenter","Positive - High intensity","AI-Generated - Human Original","response",-0.0117266311355598,-0.0358696099123651,0.0112565245998008,0.833625,FALSE,"n.s."
"pCenter","Positive - High intensity","Human Forgery - Human Original","mu",0.00260914918805227,-0.0196869438742304,0.0253912304472105,0.589375,FALSE,"n.s."
"pCenter","Positive - High intensity","Human Forgery - Human Original","phi",0.370951965427702,-0.0849244168618064,0.837041177839218,0.94675,FALSE,"n.s."
"pCenter","Positive - High intensity","Human Forgery - Human Original","response",0.00254356992078758,-0.0192103465201139,0.0247910618090355,0.589375,FALSE,"n.s."
"pCenter","Positive - Low intensity","AI-Generated - Human Forgery","mu",-0.00534345157499538,-0.0282049363479305,0.0179354773608439,0.67925,FALSE,"n.s."
"pCenter","Positive - Low intensity","AI-Generated - Human Forgery","phi",-0.059942004200876,-0.581149306056048,0.452491205365905,0.592875,FALSE,"n.s."
"pCenter","Positive - Low intensity","AI-Generated - Human Forgery","response",-0.00521137552192097,-0.0275170957028109,0.0175184123070712,0.67925,FALSE,"n.s."
"pCenter","Positive - Low intensity","AI-Generated - Human Original","mu",-0.00637988814335078,-0.0298081065763442,0.0163101437191378,0.70525,FALSE,"n.s."
"pCenter","Positive - Low intensity","AI-Generated - Human Original","phi",0.183836121948165,-0.272927878235843,0.655026540934592,0.786,FALSE,"n.s."
"pCenter","Positive - Low intensity","AI-Generated - Human Original","response",-0.00622925015745657,-0.0290718540782427,0.015929075114919,0.70525,FALSE,"n.s."
"pCenter","Positive - Low intensity","Human Forgery - Human Original","mu",-0.000999448482918386,-0.0235282880717595,0.0210607494573853,0.535125,FALSE,"n.s."
"pCenter","Positive - Low intensity","Human Forgery - Human Original","phi",0.24255354213592,-0.226724072952334,0.72453787764846,0.84825,FALSE,"n.s."
"pCenter","Positive - Low intensity","Human Forgery - Human Original","response",-0.000974068631604263,-0.0229783880446598,0.0205510215616191,0.535125,FALSE,"n.s."
"pLeft","Negative - High intensity","AI-Generated - Human Forgery","mu",0.00395583939586217,-0.01998446344307,0.0280224725948557,0.6305,FALSE,"n.s."
"pLeft","Negative - High intensity","AI-Generated - Human Forgery","phi",0.165125326172942,-0.545989510415561,0.852595348154808,0.673875,FALSE,"n.s."
"pLeft","Negative - High intensity","AI-Generated - Human Forgery","response",0.00378043481660736,-0.0190998002022118,0.0268696466565691,0.6305,FALSE,"n.s."
"pLeft","Negative - High intensity","AI-Generated - Human Original","mu",-0.00485287074796875,-0.0271339667284201,0.0172475600327195,0.657125,FALSE,"n.s."
"pLeft","Negative - High intensity","AI-Generated - Human Original","phi",0.370578546184866,-0.248847254699188,1.01907930701366,0.878875,FALSE,"n.s."
"pLeft","Negative - High intensity","AI-Generated - Human Original","response",-0.00465339082985849,-0.0259781955725617,0.0164852672135703,0.657125,FALSE,"n.s."
"pLeft","Negative - High intensity","Human Forgery - Human Original","mu",-0.00880387069661837,-0.0309970128088759,0.0132972902438551,0.775625,FALSE,"n.s."
"pLeft","Negative - High intensity","Human Forgery - Human Original","phi",0.203964904601798,-0.382625808787969,0.841707846081201,0.75575,FALSE,"n.s."
"pLeft","Negative - High intensity","Human Forgery - Human Original","response",-0.00843201047055842,-0.0297703812450116,0.0127691714687502,0.775625,FALSE,"n.s."
"pLeft","Negative - Low intensity","AI-Generated - Human Forgery","mu",0.00544821225671943,-0.0180049490705436,0.029468000839459,0.685,FALSE,"n.s."
"pLeft","Negative - Low intensity","AI-Generated - Human Forgery","phi",0.291155801011243,-0.343455954162882,0.937100465386298,0.81275,FALSE,"n.s."
"pLeft","Negative - Low intensity","AI-Generated - Human Forgery","response",0.00521561940930346,-0.017242948761446,0.0281910905687858,0.685,FALSE,"n.s."
"pLeft","Negative - Low intensity","AI-Generated - Human Original","mu",-0.000174768546480075,-0.0228101404979488,0.0224182285019788,0.5075,FALSE,"n.s."
"pLeft","Negative - Low intensity","AI-Generated - Human Original","phi",0.579253622424303,0.0496571995761919,1.1777504909743,0.984,TRUE,"Positive"
"pLeft","Negative - Low intensity","AI-Generated - Human Original","response",-0.000167937850326344,-0.0219203080277134,0.0214530246912878,0.5075,FALSE,"n.s."
"pLeft","Negative - Low intensity","Human Forgery - Human Original","mu",-0.0059287314251002,-0.0292275535345755,0.0172774513643366,0.6895,FALSE,"n.s."
"pLeft","Negative - Low intensity","Human Forgery - Human Original","phi",0.290920884519809,-0.232946715813156,0.855569621618555,0.85475,FALSE,"n.s."
"pLeft","Negative - Low intensity","Human Forgery - Human Original","response",-0.00568238631970125,-0.0280573747663896,0.0166102064353156,0.6895,FALSE,"n.s."
"pLeft","Overall","AI-Generated - Human Forgery","mu",0.00839789790264864,-0.00320110269484841,0.020542176576613,0.919875,FALSE,"n.s."
"pLeft","Overall","AI-Generated - Human Forgery","phi",0.156259445950913,-0.173694958686293,0.494914201309355,0.829875,FALSE,"n.s."
"pLeft","Overall","AI-Generated - Human Forgery","response",0.00805305951810328,-0.00306952100234474,0.0197302423330775,0.919875,FALSE,"n.s."
"pLeft","Overall","AI-Generated - Human Original","mu",-0.000374628676708566,-0.011595162900248,0.010559688629197,0.524625,FALSE,"n.s."
"pLeft","Overall","AI-Generated - Human Original","phi",0.2902751269965,-0.00767457370134964,0.59280836552372,0.97225,FALSE,"n.s."
"pLeft","Overall","AI-Generated - Human Original","response",-0.000357544808404442,-0.0111134087360785,0.0101324982955753,0.5245,FALSE,"n.s."
"pLeft","Overall","Human Forgery - Human Original","mu",-0.00883650599449065,-0.0202702784030168,0.00245527845451729,0.937625,FALSE,"n.s."
"pLeft","Overall","Human Forgery - Human Original","phi",0.132762181461885,-0.159821305810326,0.4328845359941,0.818125,FALSE,"n.s."
"pLeft","Overall","Human Forgery - Human Original","response",-0.00846793569897375,-0.0193776969740322,0.00235239785369709,0.9375,FALSE,"n.s."
"pLeft","Positive - High intensity","AI-Generated - Human Forgery","mu",0.00632137626485282,-0.0174608400959046,0.030383254383654,0.698375,FALSE,"n.s."
"pLeft","Positive - High intensity","AI-Generated - Human Forgery","phi",-0.100554980725718,-0.70906384374075,0.532183742178643,0.631,FALSE,"n.s."
"pLeft","Positive - High intensity","AI-Generated - Human Forgery","response",0.00606656425913943,-0.0167275975865907,0.0291214507276465,0.698375,FALSE,"n.s."
"pLeft","Positive - High intensity","AI-Generated - Human Original","mu",-0.0129313962062568,-0.0353391396609613,0.00956205905661445,0.864875,FALSE,"n.s."
"pLeft","Positive - High intensity","AI-Generated - Human Original","phi",-0.0230663773324742,-0.574273924789494,0.551141761766675,0.530875,FALSE,"n.s."
"pLeft","Positive - High intensity","AI-Generated - Human Original","response",-0.0123995066475063,-0.033939225100106,0.00916400215235204,0.864875,FALSE,"n.s."
"pLeft","Positive - High intensity","Human Forgery - Human Original","mu",-0.0192586845813,-0.0415751379265068,0.00360976778015243,0.95125,FALSE,"n.s."
"pLeft","Positive - High intensity","Human Forgery - Human Original","phi",0.0821488871484042,-0.476691190278502,0.647931824895152,0.60925,FALSE,"n.s."
"pLeft","Positive - High intensity","Human Forgery - Human Original","response",-0.0184565266834429,-0.0398039999302197,0.00347134671677218,0.95125,FALSE,"n.s."
"pLeft","Positive - Low intensity","AI-Generated - Human Forgery","mu",0.0177638666919002,-0.00456324081031302,0.0404960756695326,0.94225,FALSE,"n.s."
"pLeft","Positive - Low intensity","AI-Generated - Human Forgery","phi",0.288152371766467,-0.311658977024597,0.924891794033343,0.8225,FALSE,"n.s."
"pLeft","Positive - Low intensity","AI-Generated - Human Forgery","response",0.0170324077628136,-0.00439307683683177,0.0387888663415122,0.94225,FALSE,"n.s."
"pLeft","Positive - Low intensity","AI-Generated - Human Original","mu",0.0163395628720936,-0.00516163958338546,0.038576048276814,0.9305,FALSE,"n.s."
"pLeft","Positive - Low intensity","AI-Generated - Human Original","phi",0.22279787457354,-0.362270282269227,0.790194336326764,0.779,FALSE,"n.s."
"pLeft","Positive - Low intensity","AI-Generated - Human Original","response",0.0156631957388434,-0.00494072128417808,0.0370211753387803,0.9305,FALSE,"n.s."
"pLeft","Positive - Low intensity","Human Forgery - Human Original","mu",-0.00135498234649037,-0.0232328711135473,0.0209010642232303,0.549875,FALSE,"n.s."
"pLeft","Positive - Low intensity","Human Forgery - Human Original","phi",-0.0650188254055628,-0.630380637802159,0.482637961906363,0.591,FALSE,"n.s."
"pLeft","Positive - Low intensity","Human Forgery - Human Original","response",-0.00130154231729174,-0.0223453826656123,0.0200719141747424,0.549875,FALSE,"n.s."
